"unique_key","created_date","closed_date","complaint_type","descriptor","borough","incident_zip","status","latitude","longitude"
"70027941","2026-08-12T02:06:17.000",,"Noise - Residential","Banging/Pounding","Unspecified",,"Unspecified",,
"70026445","2026-08-12T02:06:16.000",,"Noise - Vehicle","Engine Idling","BRONX","10454","In Progress","40.81066575374958","-73.9264866628028"
"70032610","2026-08-12T02:05:38.000",,"Noise - Street/Sidewalk","Loud Music/Party","BROOKLYN","11203","In Progress","40.646559020206276","-73.9452402470506"
"70033308","2026-08-12T02:03:32.000",,"Illegal Parking","Blocked Hydrant","QUEENS","11421","In Progress","40.69030512225126","-73.85825092282"
"70037864","2026-08-12T02:03:24.000",,"Illegal Parking","Blocked Crosswalk","QUEENS","11358","In Progress","40.755831450797075","-73.8027275970779"
"70030314","2026-08-12T02:02:20.000",,"Illegal Parking","Blocked Hydrant","QUEENS","11421","In Progress","40.6895117889807","-73.86041974885909"
"70030404","2026-08-12T02:02:00.000",,"Noise - Street/Sidewalk","Loud Talking","QUEENS","11358","In Progress","40.76282672371461","-73.8053095892388"
"70026838","2026-08-12T02:01:22.000",,"Noise - Vehicle","Car/Truck Music","BROOKLYN","11212","In Progress","40.65845040304478","-73.915193025378"
"70033307","2026-08-12T02:01:11.000",,"Illegal Parking","Blocked Hydrant","QUEENS","11421","In Progress","40.689656081013716","-73.85944946047425"
"70029436","2026-08-12T02:00:03.000",,"Water Maintenance","Fire Hydrant Running Full","BRONX","10453","In Progress",,
"70031810","2026-08-12T02:00:00.000",,"Illegal Parking","Blocked Hydrant","QUEENS","11421","In Progress","40.68971055745062","-73.85910678513072"
"70031784","2026-08-12T01:58:58.000",,"Noise - Street/Sidewalk","Loud Music/Party","BRONX","10456","In Progress","40.83509422338308","-73.9080294101681"
"70028824","2026-08-12T01:58:50.000",,"Illegal Parking","Blocked Crosswalk","QUEENS","11421","In Progress","40.68988499527376","-73.85810757957361"
"70030403","2026-08-12T01:58:35.000",,"Illegal Parking","Parking Permit Improper Use","QUEENS","11355","In Progress","40.75138907986774","-73.8168637188478"
"70028898","2026-08-12T01:58:29.000",,"Illegal Parking","Blocked Hydrant","QUEENS","11358","In Progress","40.755831450797075","-73.8027275970779"
"70036467","2026-08-12T01:57:51.000",,"Illegal Parking","Commercial Overnight Parking","QUEENS","11368","In Progress","40.75289490801998","-73.85463113443659"
"70029212","2026-08-12T01:57:08.000",,"Street Condition","Pothole","MANHATTAN","10007","Open","40.71438397050371","-74.01012910268898"
"70026869","2026-08-12T01:56:51.000",,"Blocked Driveway","No Access","BROOKLYN","11206","In Progress","40.69238463383555","-73.94862113773193"
"70034615","2026-08-12T01:55:51.000",,"Homeless Person Assistance","Non-Chronic","QUEENS",,"In Progress","40.746322460004016","-73.89640479001942"
"70035157","2026-08-12T01:55:26.000","2026-08-12T01:55:26.000","Street Condition","Pothole","BROOKLYN","11239","Closed",,
"70034934","2026-08-12T01:55:04.000",,"Noise - Street/Sidewalk","Loud Music/Party","STATEN ISLAND","10309","In Progress","40.53115473960046","-74.22235190639806"
"70037752","2026-08-12T01:53:40.000",,"Noise - Street/Sidewalk","Loud Music/Party","BROOKLYN","11249","In Progress","40.70446763025075","-73.9645894802074"
"70037005","2026-08-12T01:53:32.000",,"Noise - Residential","Loud Music/Party","BRONX","10466","In Progress","40.886904034430316","-73.8643524550128"
"70036281","2026-08-12T01:53:29.000",,"Noise - Residential","Loud Music/Party","BROOKLYN","11212","In Progress","40.66456698813642","-73.90615227618277"
"70032494","2026-08-12T01:52:36.000",,"Noise - Residential","Banging/Pounding","BRONX","10466","In Progress","40.886904034430316","-73.8643524550128"
"70034767","2026-08-12T01:52:36.000",,"Illegal Parking","Blocked Hydrant","QUEENS","11421","In Progress","40.69381597828006","-73.86302517659573"
"70027434","2026-08-12T01:51:59.000",,"Noise - Residential","Loud Music/Party","QUEENS","11101","In Progress","40.755857262674326","-73.94300275719418"
"70036486","2026-08-12T01:51:50.000",,"Noise - Street/Sidewalk","Loud Music/Party","STATEN ISLAND","10309","In Progress","40.52704887431423","-74.20748209624585"
"70031037","2026-08-12T01:50:21.000",,"Noise - Residential","Banging/Pounding","BRONX","10462","In Progress","40.851683091061616","-73.86586292660624"
"70033333","2026-08-12T01:50:07.000",,"Blocked Driveway","No Access","QUEENS","11378","In Progress","40.7278134288262","-73.89216173895343"
"70036310","2026-08-12T01:49:58.000",,"Illegal Fireworks","N/A","QUEENS","11691","In Progress","40.597775053771","-73.76432961347523"
"70034933","2026-08-12T01:49:40.000",,"Noise - Street/Sidewalk","Loud Music/Party","STATEN ISLAND","10309","In Progress","40.529412028768085","-74.2193675785591"
"70031960","2026-08-12T01:49:36.000","2026-08-12T02:02:45.000","Noise - Residential","Loud Music/Party","STATEN ISLAND","10309","Closed","40.52176844885454","-74.21461264097444"
"70027426","2026-08-12T01:48:32.000",,"Noise - Street/Sidewalk","Loud Music/Party","MANHATTAN","10026","In Progress","40.79884859459583","-73.95002703156024"
"70029495","2026-08-12T01:48:11.000",,"Noise","Construction","BROOKLYN","11212","In Progress","40.66902950799216","-73.91249401369292"
"70036212","2026-08-12T01:47:34.000",,"Rodent","Mouse Sighting","MANHATTAN","10019","In Progress","40.76350376516814","-73.98702244325787"
"70033286","2026-08-12T01:47:18.000",,"Noise - Residential","Banging/Pounding","MANHATTAN","10001","In Progress","40.74965725327792","-74.00095642217364"
"70037982","2026-08-12T01:46:43.000",,"Noise - Residential","Loud Music/Party","MANHATTAN","10024","In Progress","40.78781427494328","-73.97325177674234"
"70033455","2026-08-12T01:46:39.000","2026-08-12T02:02:46.000","Noise - Residential","Loud Music/Party","STATEN ISLAND","10309","Closed","40.52176844885454","-74.21461264097444"
"70030287","2026-08-12T01:45:39.000",,"Noise - Residential","Loud Talking","MANHATTAN","10002","In Progress","40.71536188445696","-73.97643722572816"
"70034126","2026-08-12T01:44:21.000",,"Street Condition","Cave-in","MANHATTAN","10065","In Progress","40.76718457129881","-73.96246950211095"
"70029635","2026-08-12T01:43:29.000",,"Noise - Residential","Banging/Pounding","BROOKLYN","11212","In Progress","40.6601091263699","-73.92431699633231"
"70031824","2026-08-12T01:43:19.000","2026-08-12T01:56:32.000","Blocked Driveway","No Access","QUEENS","11433","Closed","40.705636405418275","-73.79094495556758"
"70034736","2026-08-12T01:42:43.000",,"Noise - Residential","Loud Talking","BROOKLYN","11207","In Progress","40.66180110434489","-73.88311330593771"
"70037876","2026-08-12T01:42:19.000",,"Noise - Street/Sidewalk","Loud Music/Party","QUEENS","11373","In Progress","40.74683207662071","-73.88952165378473"
"70037102","2026-08-12T01:42:14.000",,"Noise - Residential","Banging/Pounding","BROOKLYN","11203","In Progress","40.64962234512845","-73.94554765354334"
"70031242","2026-08-12T01:41:53.000",,"Illegal Parking","Posted Parking Sign Violation","BROOKLYN","11201","In Progress","40.691902737628915","-73.97827015919647"
"70037879","2026-08-12T01:41:46.000",,"Blocked Driveway","No Access","QUEENS","11368","In Progress","40.73997552965776","-73.85696162224511"
"70032478","2026-08-12T01:40:48.000",,"Noise - Residential","Loud Music/Party","BRONX","10465","In Progress","40.8421901206874","-73.8219627201558"
"70035434","2026-08-12T01:40:26.000",,"Noise - Residential","Loud Music/Party","BRONX","10474","In Progress","40.81258619692701","-73.887906068052"
"70035650","2026-08-12T01:39:50.000",,"Blocked Driveway","No Access","BROOKLYN","11218","In Progress","40.64961012007166","-73.97305132015948"
"70037877","2026-08-12T01:39:48.000",,"Illegal Parking","Blocked Hydrant","QUEENS","11368","In Progress","40.74169353040562","-73.86590754309428"
"70031159","2026-08-12T01:38:47.000",,"Noise - Residential","Banging/Pounding","BROOKLYN","11225","In Progress","40.664941082626854","-73.9590630507052"
"70029559","2026-08-12T01:38:12.000",,"Illegal Parking","Blocked Hydrant","BRONX","10461","In Progress","40.85323007306054","-73.85811698057422"
"70032587","2026-08-12T01:38:12.000",,"Illegal Parking","Blocked Hydrant","BROOKLYN","11234","In Progress","40.62181362589819","-73.91991526880949"
"70037052","2026-08-12T01:37:33.000",,"Encampment","N/A","BROOKLYN","11235","In Progress","40.58560004122688","-73.95166271772095"
"70026603","2026-08-12T01:37:31.000",,"Noise - Residential","Banging/Pounding","BRONX","10474","In Progress","40.81267954196069","-73.8879311987608"
"70033623","2026-08-12T01:37:28.000",,"Dirty Condition","Trash","BRONX","10461","In Progress","40.852639799650426","-73.82775808825114"
"70031786","2026-08-12T01:37:13.000",,"Noise - Residential","Loud Music/Party","BRONX","10456","In Progress","40.83694066292417","-73.90374441298103"
"70033285","2026-08-12T01:35:45.000",,"Noise - Residential","Banging/Pounding","MANHATTAN","10001","In Progress","40.748177830237246","-74.0013389613079"
"70026734","2026-08-12T01:35:14.000","2026-08-12T01:44:22.000","Noise - Residential","Loud Music/Party","BROOKLYN","11234","Closed","40.61398656605138","-73.90347160500738"
"70031146","2026-08-12T01:35:08.000","2026-08-12T01:59:33.000","Noise - Residential","Loud Music/Party","BROOKLYN","11236","Closed","40.645255265807336","-73.89718871806647"
"70033330","2026-08-12T01:34:34.000",,"Illegal Parking","Posted Parking Sign Violation","QUEENS","11385","In Progress","40.69838844012318","-73.89390793335485"
"70032676","2026-08-12T01:34:27.000",,"Illegal Parking","Posted Parking Sign Violation","BROOKLYN","11218","In Progress","40.64962932256491","-73.9730044639211"
"70038048","2026-08-12T01:33:59.000",,"Litter Basket Request","Replacement Basket","BRONX","10461","In Progress","40.852639799650426","-73.82775808825114"
"70028801","2026-08-12T01:33:43.000",,"Noise - Residential","Loud Music/Party","BRONX","10456","In Progress","40.83694066292417","-73.90374441298103"
"70028367","2026-08-12T01:33:38.000",,"Consumer Complaint","Tow Truck Company","QUEENS","11412","In Progress","40.690795828301326","-73.76019653610967"
"70028825","2026-08-12T01:33:31.000",,"Noise - Residential","Loud Music/Party","QUEENS","11419","In Progress","40.69268162067444","-73.82054088357793"
"70037829","2026-08-12T01:33:26.000",,"Noise - Street/Sidewalk","Loud Talking","QUEENS","11419","In Progress","40.68724887158722","-73.81311680088555"
"70036151","2026-08-12T01:32:19.000",,"Homeless Person Assistance","Non-Chronic","BROOKLYN","11235","In Progress","40.58083986592365","-73.93871329743655"
"70028044","2026-08-12T01:32:13.000",,"Noise","Construction","BROOKLYN","11212","In Progress","40.66902950799216","-73.91249401369292"
"70028910","2026-08-12T01:31:52.000",,"Noise - Commercial","Loud Music/Party","QUEENS","11368","In Progress","40.744469650561605","-73.85553008096146"
"70033346","2026-08-12T01:31:49.000","2026-08-12T01:56:32.000","Illegal Parking","Blocked Hydrant","QUEENS","11385","Closed","40.70222288301098","-73.87733683062822"
"70036346","2026-08-12T01:31:27.000",,"Illegal Parking","Commercial Overnight Parking","QUEENS","11378","In Progress","40.72043674852333","-73.90279433252145"
"70036294","2026-08-12T01:31:13.000",,"Noise - Residential","Loud Music/Party","BRONX","10456","In Progress","40.83694066292417","-73.90374441298103"
"70034036","2026-08-12T01:30:45.000",,"Noise - Street/Sidewalk","Loud Talking","BROOKLYN","11224","In Progress","40.574124815216116","-73.98381954817258"
"70030580","2026-08-12T01:29:56.000",,"Litter Basket Complaint","Overflowing","BRONX","10461","In Progress","40.852639799650426","-73.82775808825114"
"70037804","2026-08-12T01:29:25.000",,"Illegal Parking","Unauthorized Bus Layover","QUEENS","11385","In Progress","40.69838844012318","-73.89390793335485"
"70031859","2026-08-12T01:29:09.000",,"Illegal Parking","Blocked Crosswalk","QUEENS","11367","In Progress","40.7395557001441","-73.82342059475569"
"70032868","2026-08-12T01:28:38.000",,"Indoor Air Quality","Chemical Vapors/Gases/Odors","MANHATTAN","10038","In Progress","40.70975926855198","-74.00717428327924"
"70036293","2026-08-12T01:28:03.000",,"Noise - Residential","Loud Music/Party","BRONX","10456","In Progress","40.83694066292417","-73.90374441298103"
"70031811","2026-08-12T01:25:53.000",,"Illegal Parking","Blocked Hydrant","QUEENS","11421","In Progress","40.689524878582745","-73.85115258331557"
"70028126","2026-08-12T01:25:25.000","2026-08-12T02:03:15.000","Noise - Street/Sidewalk","Loud Talking","BRONX","10468","Closed","40.86867041379027","-73.89241057417647"
"70037956","2026-08-12T01:24:35.000","2026-08-12T01:38:10.000","Noise - House of Worship","Loud Music/Party","STATEN ISLAND","10309","Closed","40.52464541104073","-74.23136952235009"
"70030517","2026-08-12T01:24:33.000",,"Noise - Vehicle","Car/Truck Music","MANHATTAN","10031","In Progress","40.82467381311749","-73.95032198607514"
"70031961","2026-08-12T01:23:58.000","2026-08-12T02:02:57.000","Noise - Residential","Loud Music/Party","STATEN ISLAND","10309","Closed","40.52148484728936","-74.21361540809414"
"70029636","2026-08-12T01:23:43.000",,"Blocked Driveway","Partial Access","BROOKLYN","11210","In Progress","40.637512072372516","-73.93949716235188"
"70031222","2026-08-12T01:22:30.000",,"Noise - Street/Sidewalk","Loud Music/Party","BROOKLYN","11216","In Progress","40.67050959439419","-73.9504512322718"
"70037278","2026-08-12T01:21:58.000",,"Lost Property","Bag/Wallet","MANHATTAN","10012","In Progress","40.7246935849272","-73.99418063741794"
"70037771","2026-08-12T01:21:26.000",,"Noise - Residential","Loud Music/Party","BRONX","10456","In Progress","40.83694066292417","-73.90374441298103"
"70029488","2026-08-12T01:19:33.000",,"Noise","Dog","BRONX","10467","In Progress","40.870089456698615","-73.86620182770871"
"70028800","2026-08-12T01:19:25.000",,"Noise - Residential","Loud Music/Party","BRONX","10456","In Progress","40.83694066292417","-73.90374441298103"
"70034155","2026-08-12T01:18:24.000",,"Noise - Residential","Loud Music/Party","BROOKLYN","11233","In Progress","40.673224363058466","-73.91359885170718"
"70031785","2026-08-12T01:18:10.000",,"Noise - Residential","Loud Music/Party","BRONX","10456","In Progress","40.83694066292417","-73.90374441298103"
"70030358","2026-08-12T01:17:00.000","2026-08-12T01:47:22.000","Illegal Parking","Blocked Hydrant","QUEENS","11001","Closed","40.73726362745536","-73.7063566804247"
"70035140","2026-08-12T01:16:48.000",,"Street Sign - Damaged","St Name - Attached to Pole","STATEN ISLAND","10314","In Progress","40.61563457885383","-74.16153783263107"
"70036336","2026-08-12T01:16:19.000","2026-08-12T02:02:39.000","Noise - Commercial","Loud Music/Party","QUEENS","11433","Closed","40.699008824809404","-73.79304302924446"
"70028296","2026-08-12T01:15:55.000",,"Noise - Residential","Loud Music/Party","BROOKLYN","11205","In Progress","40.696230098102255","-73.97289904519619"
"70029843","2026-08-12T01:15:42.000",,"Consumer Complaint","Garage or Parking Lot","MANHATTAN","10036","In Progress","40.760652424498915","-73.99191419121037"
"70028994","2026-08-12T01:15:03.000",,"Noise - Residential","Banging/Pounding","MANHATTAN","10035","In Progress","40.803259152452306","-73.93824844593264"
"70028332","2026-08-12T01:14:56.000",,"Food Establishment","Rodents/Insects/Garbage","MANHATTAN","10003","In Progress","40.73217531256522","-73.98800997326474"
"70032552","2026-08-12T01:13:14.000",,"Noise - Street/Sidewalk","Loud Talking","BROOKLYN","11224","In Progress","40.574124815216116","-73.98381954817258"
"70032759","2026-08-12T01:13:07.000",,"Smoking or Vaping","Allowed in Smoke Free Area","BRONX","10461","In Progress","40.850984672254974","-73.85571803255091"
"70034190","2026-08-12T01:12:02.000","2026-08-12T02:06:20.000","Noise - Residential","Loud Television","BROOKLYN","11221","Closed","40.68757698683151","-73.92567404582309"
"70026580","2026-08-12T01:11:53.000",,"Noise","Construction Equipment","MANHATTAN","10018","In Progress","40.75532505148259","-73.9950189626292"
"70036455","2026-08-12T01:11:17.000","2026-08-12T02:02:39.000","Illegal Parking","Commercial Overnight Parking","QUEENS","11370","Closed","40.76878229171785","-73.89901250442533"
"70028874","2026-08-12T01:10:35.000",,"Abandoned Vehicle","With License Plate","QUEENS","11423","In Progress","40.72091783979872","-73.76193163527161"
"70032568","2026-08-12T01:10:22.000",,"Illegal Parking","Blocked Sidewalk","BROOKLYN","11204","In Progress","40.619568588917986","-73.9925112210687"
"70031930","2026-08-12T01:10:19.000","2026-08-12T01:35:10.000","Illegal Parking","Blocked Hydrant","QUEENS","11103","Closed","40.75997014422611","-73.91045056947908"
"70036143","2026-08-12T01:10:02.000",,"Homeless Person Assistance","Non-Chronic","MANHATTAN","10007","In Progress","40.71298700485343","-74.00868602851494"
"70037066","2026-08-12T01:09:05.000",,"Illegal Parking","Blocked Hydrant","BROOKLYN","11223","In Progress","40.60240932285499","-73.97965693117018"
"70035527","2026-08-12T01:08:21.000",,"Illegal Parking","Blocked Hydrant","BROOKLYN","11235","In Progress","40.588495693409605","-73.95838622625635"
"70032150","2026-08-12T01:08:02.000","2026-08-12T01:53:25.000","Illegal Parking","Blocked Sidewalk","QUEENS","11422","Closed","40.65569079155005","-73.7296052195069"
"70037878","2026-08-12T01:07:57.000",,"Illegal Parking","Blocked Hydrant","QUEENS","11373","In Progress","40.73822411485469","-73.87313518384369"
"70027536","2026-08-12T01:07:15.000","2026-08-12T01:11:49.000","Illegal Parking","Posted Parking Sign Violation","QUEENS","11356","Closed","40.77829473595438","-73.84614109462238"
"70037830","2026-08-12T01:07:06.000",,"Noise - Street/Sidewalk","Loud Talking","QUEENS","11419","In Progress","40.68713780764145","-73.81233466124338"
"70034863","2026-08-12T01:06:41.000",,"Illegal Parking","Posted Parking Sign Violation","QUEENS","11373","In Progress","40.73861454340219","-73.87374789324592"
"70030523","2026-08-12T01:06:26.000",,"Noise - Vehicle","Car/Truck Horn","MANHATTAN","10033","In Progress","40.84429395207422","-73.93557193270345"
"70032712","2026-08-12T01:06:13.000","2026-08-12T01:18:40.000","Noise - Residential","Banging/Pounding","BROOKLYN","11216","Closed","40.683044837854396","-73.95012102555529"
"70028277","2026-08-12T01:06:06.000",,"Illegal Parking","Commercial Overnight Parking","BROOKLYN","11237","In Progress","40.70414684535729","-73.9134469667994"
"70036390","2026-08-12T01:05:45.000",,"Illegal Parking","Blocked Hydrant","QUEENS","11101","In Progress","40.74575937638953","-73.95556325390015"
"70036464","2026-08-12T01:05:01.000","2026-08-12T01:50:24.000","Illegal Parking","Blocked Sidewalk","QUEENS","11102","Closed","40.768630645804016","-73.93170643569991"
"70028257","2026-08-12T01:04:50.000","2026-08-12T01:53:24.000","Illegal Parking","Blocked Hydrant","BROOKLYN","11208","Closed","40.68603366963854","-73.87681854478991"
"70037028","2026-08-12T01:04:43.000","2026-08-12T01:27:51.000","Noise - Vehicle","Car/Truck Music","BRONX","10468","Closed","40.872514269918","-73.89993608937225"
"70030162","2026-08-12T01:04:42.000",,"Homeless Person Assistance","Non-Chronic","MANHATTAN","10007","In Progress","40.71298700485343","-74.00868602851494"
"70030293","2026-08-12T01:04:08.000","2026-08-12T01:05:35.000","Noise - Residential","Banging/Pounding","BRONX","10456","Closed","40.8348474210791","-73.90491830085918"
"70033449","2026-08-12T01:04:07.000",,"Noise - Residential","Banging/Pounding","STATEN ISLAND","10305","In Progress","40.59597421974536","-74.06217919709624"
"70036531","2026-08-12T01:03:30.000",,"Noise - Commercial","Banging/Pounding","MANHATTAN","10031","In Progress","40.825420739892174","-73.9511741554799"
"70028900","2026-08-12T01:02:44.000","2026-08-12T01:11:48.000","Abandoned Vehicle","With License Plate","QUEENS","11356","Closed","40.77829473595438","-73.84614109462238"
"70032541","2026-08-12T01:01:52.000","2026-08-12T01:15:21.000","Animal-Abuse","Neglected","BRONX","10458","Closed","40.86502353420676","-73.89037015557815"
"70035710","2026-08-12T01:01:29.000","2026-08-12T01:59:33.000","Illegal Parking","Blocked Sidewalk","BROOKLYN","11206","Closed","40.69897469903972","-73.93244497317211"
"70032569","2026-08-12T01:01:20.000",,"Illegal Parking","Blocked Hydrant","BROOKLYN","11228","In Progress","40.611020888859414","-74.01229961786973"
"70026771","2026-08-12T01:00:56.000",,"Illegal Parking","Blocked Hydrant","BROOKLYN","11230","In Progress","40.62423941801511","-73.9612242135266"
"70034828","2026-08-12T01:00:24.000",,"Noise - Residential","Banging/Pounding","QUEENS","11365","In Progress","40.73781230075766","-73.78153404711799"
"70029496","2026-08-12T01:00:19.000",,"Noise","Private Garbage Truck","MANHATTAN","10006","In Progress","40.70773029611131","-74.01370610695912"
"70036466","2026-08-12T01:00:03.000",,"Illegal Parking","Parking Permit Improper Use","QUEENS","11369","In Progress","40.77027817215457","-73.87647137802608"
"70033674","2026-08-12T01:00:02.000",,"Street Condition","Pothole","BROOKLYN","11239","Open",,
"70036985","2026-08-12T00:59:50.000",,"Illegal Parking","Blocked Hydrant","BRONX","10461","In Progress","40.85068512402149","-73.83117174491237"
"70035694","2026-08-12T00:59:32.000","2026-08-12T01:57:15.000","Noise - Residential","Loud Music/Party","BROOKLYN","11206","Closed","40.69571514880267","-73.93960301874547"
"70026663","2026-08-12T00:59:16.000",,"Blocked Driveway","Partial Access","BRONX","10462","In Progress","40.84808130196539","-73.86523404047477"
"70030474","2026-08-12T00:59:14.000","2026-08-12T01:11:55.000","Noise - Vehicle","Car/Truck Music","STATEN ISLAND","10309","Closed","40.51730998855232","-74.19510472255989"
"70029122","2026-08-12T00:56:56.000",,"Illegal Dumping","Removal Request","STATEN ISLAND","10309","In Progress","40.54695113746312","-74.22095439361019"
"70028114","2026-08-12T00:56:23.000",,"Noise - Residential","Loud Music/Party","BRONX","10461","In Progress","40.85662979701842","-73.84056275855092"
"70031122","2026-08-12T00:55:37.000",,"Noise - Street/Sidewalk","Loud Music/Party","BROOKLYN","11218","In Progress","40.64512649981427","-73.97964751072021"
"70030165","2026-08-12T00:55:32.000",,"Homeless Person Assistance","Non-Chronic","MANHATTAN","10013","In Progress","40.716459431762694","-74.0023267359905"
"70028848","2026-08-12T00:55:27.000",,"Illegal Parking","Blocked Hydrant","QUEENS","11385","In Progress","40.70222288301098","-73.87733683062822"
"70027666","2026-08-12T00:55:12.000",,"Maintenance or Facility","Structure - Indoors","MANHATTAN","10028","In Progress","40.77863290127972","-73.96254609596876"
"70030328","2026-08-12T00:54:59.000",,"Noise - Residential","Loud Music/Party","QUEENS","11432","In Progress","40.71135869519861","-73.78764096147795"
"70036314","2026-08-12T00:54:57.000",,"Blocked Driveway","No Access","QUEENS","11421","In Progress","40.688508259469494","-73.86129446162902"
"70026855","2026-08-12T00:54:35.000","2026-08-12T01:47:22.000","Illegal Parking","Blocked Hydrant","BROOKLYN","11208","Closed","40.6813495457732","-73.88597782087102"
"70026715","2026-08-12T00:54:23.000",,"Blocked Driveway","No Access","BROOKLYN","11214","In Progress","40.60549028402733","-74.01072841180698"
"70036331","2026-08-12T00:53:35.000",,"Noise - Residential","Loud Music/Party","QUEENS","11432","In Progress","40.711075417188006","-73.7888249802325"
"70032435","2026-08-12T00:53:31.000",,"Noise","Private Garbage Truck","MANHATTAN","10006","In Progress","40.70773029611131","-74.01370610695912"
"70033681","2026-08-12T00:53:22.000",,"Street Condition","Pothole","QUEENS","11433","Open",,
"70035605","2026-08-12T00:52:44.000",,"Blocked Driveway","Partial Access","BROOKLYN","11203","In Progress","40.66092940793976","-73.93733134038375"
"70032619","2026-08-12T00:52:08.000",,"Illegal Parking","Posted Parking Sign Violation","BROOKLYN","11220","In Progress","40.639304199616966","-74.02355032995669"
"70030167","2026-08-12T00:52:01.000",,"Homeless Person Assistance","Chronic","QUEENS",,"In Progress","40.70256524090623","-73.81686079306591"
"70033706","2026-08-12T00:52:00.000",,"Traffic Signal Condition","Base Door","BROOKLYN","11217","Open","40.686087314749976","-73.98266019075302"
"70030534","2026-08-12T00:51:58.000","2026-08-12T01:08:38.000","Blocked Driveway","No Access","BRONX","10455","Closed","40.82034233587608","-73.91650777421059"
"70038126","2026-08-12T00:51:39.000",,"Illegal Dumping","Chronic Dumping","BRONX","10461","In Progress","40.83854279536564","-73.84302746376763"
"70030988","2026-08-12T00:51:29.000","2026-08-12T01:44:26.000","Noise - Street/Sidewalk","Loud Music/Party","BRONX","10452","Closed","40.84414499529663","-73.92524249963296"
"70036965","2026-08-12T00:51:19.000","2026-08-12T01:11:48.000","Noise - Residential","Loud Music/Party","BRONX","10474","Closed","40.81328625821051","-73.88806745567732"
"70029634","2026-08-12T00:51:16.000",,"Noise - Residential","Banging/Pounding","BROOKLYN","11203","In Progress","40.655258820572485","-73.937570929446"
"70026652","2026-08-12T00:51:02.000","2026-08-12T01:50:25.000","Drinking","In Public","BRONX","10466","Closed","40.88626926350679","-73.83433990088295"
"70037226","2026-08-12T00:50:57.000","2026-08-12T01:05:30.000","Illegal Parking","Posted Parking Sign Violation","BROOKLYN","11205","Closed","40.69549460981024","-73.97336815125931"
"70033980","2026-08-12T00:50:41.000","2026-08-12T01:05:29.000","Noise - Residential","Loud Music/Party","BRONX","10452","Closed","40.83134260317883","-73.92788756492703"
"70029493","2026-08-12T00:50:39.000",,"Noise","Construction","MANHATTAN","10012","In Progress",,
"70033522","2026-08-12T00:50:19.000","2026-08-12T01:08:45.000","Blocked Driveway","No Access","BRONX","10455","Closed","40.81743872189368","-73.90287302853827"
"70031132","2026-08-12T00:50:17.000",,"Noise - Street/Sidewalk","Loud Music/Party","BROOKLYN","11212","In Progress","40.65806957373504","-73.91614141065929"
"70033997","2026-08-12T00:50:06.000","2026-08-12T01:11:57.000","Noise - Street/Sidewalk","Loud Music/Party","BRONX","10453","Closed","40.845749925937085","-73.92413470328373"
"70029516","2026-08-12T00:48:53.000",,"Illegal Parking","Posted Parking Sign Violation","BRONX","10473","In Progress","40.82228924680342","-73.85616685054431"
"70031935","2026-08-12T00:48:48.000",,"Noise - Residential","Loud Music/Party","QUEENS","11368","In Progress","40.75184259533948","-73.86979594528492"
"70029607","2026-08-12T00:47:37.000",,"Illegal Parking","Posted Parking Sign Violation","BROOKLYN","11223","In Progress","40.607462654155995","-73.98059176917052"
"70033248","2026-08-12T00:47:34.000",,"Root/Sewer/Sidewalk Condition","Trees and Sidewalks Program","MANHATTAN","10031","In Progress","40.823766207205516","-73.94620004763834"
"70032609","2026-08-12T00:47:34.000",,"Noise - Street/Sidewalk","Loud Music/Party","BROOKLYN","11212","In Progress","40.65805583932809","-73.91612701117995"
"70036422","2026-08-12T00:46:56.000",,"Illegal Parking","Posted Parking Sign Violation","QUEENS","11373","In Progress","40.73909743076647","-73.86866971719114"
"70028385","2026-08-12T00:46:39.000",,"Curb Condition","Defacement","QUEENS","11368","In Progress","40.7514312432059","-73.86770338983855"
"70028926","2026-08-12T00:46:16.000","2026-08-12T01:02:26.000","Noise - Residential","Loud Talking","QUEENS","11436","Closed","40.67328428100895","-73.78975216265518"
"70036349","2026-08-12T00:45:57.000",,"Illegal Parking","Blocked Hydrant","QUEENS","11385","In Progress","40.70222288301098","-73.87733683062822"
"70033994","2026-08-12T00:45:42.000",,"Blocked Driveway","No Access","BRONX","10457","In Progress","40.85197123303616","-73.90114538468497"
"70036333","2026-08-12T00:45:38.000","2026-08-12T00:59:09.000","Noise - Residential","Loud Talking","QUEENS","11432","Closed","40.70775736225015","-73.79978598436149"
"70031897","2026-08-12T00:44:58.000",,"Illegal Parking","Blocked Hydrant","QUEENS","11373","In Progress","40.739690584271635","-73.8689211503322"
"70037750","2026-08-12T00:44:46.000",,"Noise - Residential","Banging/Pounding","BROOKLYN","11224","In Progress","40.577619686746154","-73.99037761720334"
"70033324","2026-08-12T00:44:31.000","2026-08-12T00:51:13.000","Noise - Residential","Loud Music/Party","QUEENS","11433","Closed","40.69467897583762","-73.790784579517"
"70028047","2026-08-12T00:43:36.000",,"Noise","Jackhammer","MANHATTAN","10012","In Progress","40.725901389857825","-74.0028502044378"
"70032869","2026-08-12T00:43:36.000",,"Indoor Air Quality","Chemical Vapors/Gases/Odors","MANHATTAN","10027","In Progress","40.80485201023158","-73.9455109693611"
"70026910","2026-08-12T00:43:02.000","2026-08-12T01:05:07.000","Illegal Parking","Blocked Hydrant","BROOKLYN","11206","Closed","40.70676194087251","-73.94911140420245"
"70026831","2026-08-12T00:42:28.000","2026-08-12T01:38:10.000","Noise - Residential","Loud Music/Party","BROOKLYN","11220","Closed","40.64142509954627","-74.01057564484906"
"70030684","2026-08-12T00:41:40.000","2026-08-12T00:56:22.000","Blocked Driveway","No Access","QUEENS","11413","Closed","40.66489046919395","-73.75366086866406"
"70036321","2026-08-12T00:41:31.000","2026-08-12T00:53:22.000","Noise - Residential","Loud Music/Party","QUEENS","11419","Closed","40.68659411367615","-73.82984203230274"
"70036975","2026-08-12T00:41:25.000",,"Illegal Parking","Blocked Hydrant","BRONX","10473","In Progress","40.82230025720139","-73.85619211834099"
"70032839","2026-08-12T00:41:00.000",,"Street Light Condition","Street Light Out","STATEN ISLAND","10314","Open","40.58275847020916","-74.13040002725637"
"70026770","2026-08-12T00:40:58.000",,"Noise - Residential","Banging/Pounding","BROOKLYN","11226","In Progress","40.64115142243521","-73.95732285229812"
"70035606","2026-08-12T00:40:06.000",,"Abandoned Vehicle","With License Plate","BROOKLYN","11203","In Progress","40.660012523913984","-73.9370979228277"
"70035165","2026-08-12T00:38:49.000",,"Street Condition","Pothole","QUEENS","11432","Open",,
"70026578","2026-08-12T00:38:45.000",,"Noise","Manufacturing Business/Plant","MANHATTAN","10010","In Progress","40.74244908526322","-73.98970062803687"
"70037880","2026-08-12T00:38:40.000",,"Blocked Driveway","No Access","QUEENS","11368","In Progress","40.74379964194145","-73.85313166325888"
"70033332","2026-08-12T00:38:37.000",,"Illegal Parking","Blocked Hydrant","QUEENS","11378","In Progress","40.733632759746","-73.89869773178044"
"70028267","2026-08-12T00:38:14.000","2026-08-12T00:43:01.000","Noise - Residential","Loud Music/Party","BROOKLYN","11213","Closed","40.669525659977225","-73.92732713838379"
"70030992","2026-08-12T00:37:51.000","2026-08-12T01:44:21.000","Noise - Street/Sidewalk","Loud Music/Party","BRONX","10452","Closed","40.84414499529663","-73.92524249963296"
"70032007","2026-08-12T00:37:48.000",,"Illegal Parking","Parking Permit Improper Use","MANHATTAN","10031","In Progress","40.82413341942071","-73.94497126940655"
"70026588","2026-08-12T00:37:13.000",,"Noise","Jackhammer","MANHATTAN","10012","In Progress","40.72567357089606","-74.0030125475566"
"70028280","2026-08-12T00:36:19.000","2026-08-12T01:21:50.000","Blocked Driveway","No Access","BROOKLYN","11221","Closed","40.69002895380624","-73.91505550122572"
"70035820","2026-08-12T00:35:49.000",,"Curb Condition","Defacement","QUEENS","11368","In Progress","40.75130215316044","-73.8676278523026"
"70037093","2026-08-12T00:35:38.000",,"Noise - Street/Sidewalk","Loud Music/Party","BROOKLYN","11218","In Progress","40.64512649981427","-73.97964751072021"
"70026884","2026-08-12T00:35:24.000","2026-08-12T02:03:11.000","Blocked Driveway","Partial Access","BROOKLYN","11237","Closed","40.695283593111846","-73.90936543736272"
"70037010","2026-08-12T00:35:19.000","2026-08-12T01:56:30.000","Noise - Residential","Banging/Pounding","BRONX","10467","Closed","40.880498206323175","-73.86695114129041"
"70036206","2026-08-12T00:35:13.000",,"Rodent","Rat Sighting","BROOKLYN","11233","In Progress","40.6719477280632","-73.91689902271698"
"70036996","2026-08-12T00:34:56.000","2026-08-12T01:11:52.000","Noise - Street/Sidewalk","Loud Music/Party","BRONX","10453","Closed","40.845749925937085","-73.92413470328373"
"70035658","2026-08-12T00:34:53.000","2026-08-12T00:50:20.000","Noise - Commercial","Banging/Pounding","BROOKLYN","11212","Closed","40.67074532616438","-73.91293155693513"
"70032611","2026-08-12T00:34:39.000",,"Noise - Residential","Loud Music/Party","BROOKLYN","11212","In Progress","40.65806957373504","-73.91614141065929"
"70027450","2026-08-12T00:34:06.000",,"Illegal Parking","Blocked Hydrant","QUEENS","11421","In Progress","40.6968618242028","-73.8555935741777"
"70031983","2026-08-12T00:34:00.000","2026-08-12T01:31:15.000","Noise - Commercial","Loud Talking","MANHATTAN","10019","Closed","40.76248573565042","-73.98969391985037"
"70032542","2026-08-12T00:33:49.000","2026-08-12T00:53:21.000","Noise - Street/Sidewalk","Loud Talking","BRONX","10468","Closed","40.872624531631075","-73.88847739843212"
"70028899","2026-08-12T00:33:21.000",,"Blocked Driveway","No Access","QUEENS","11356","In Progress","40.782953691995885","-73.84493871520486"
"70032599","2026-08-12T00:32:47.000",,"Illegal Parking","Posted Parking Sign Violation","BROOKLYN","11204","In Progress","40.626906944311685","-73.98168127555566"
"70035573","2026-08-12T00:32:36.000",,"Noise - Residential","Banging/Pounding","BROOKLYN","11210","In Progress","40.63991676510749","-73.94550512872763"
"70036448","2026-08-12T00:32:17.000","2026-08-12T00:56:24.000","Noise - House of Worship","Loud Talking","QUEENS","11101","Closed","40.75343060088994","-73.93229590503911"
"70028911","2026-08-12T00:31:59.000",,"Blocked Driveway","No Access","QUEENS","11368","In Progress","40.74379964194145","-73.85313166325888"
"70032122","2026-08-12T00:31:56.000",,"Dirty Condition","Trash","BROOKLYN","11233","In Progress","40.668443005252705","-73.92131199514758"
"70035126","2026-08-12T00:31:55.000","2026-08-12T01:05:16.000","Vendor Enforcement","Food Vendor","BRONX","10463","Closed","40.878705049836796","-73.90495321731805"
"70035702","2026-08-12T00:31:26.000","2026-08-12T01:02:27.000","Noise - Street/Sidewalk","Loud Music/Party","BROOKLYN","11221","Closed","40.691995557330515","-73.9207937806439"
"70035564","2026-08-12T00:31:26.000",,"Noise - Street/Sidewalk","Loud Music/Party","BROOKLYN","11218","In Progress","40.645162123509614","-73.97931958244115"
"70029718","2026-08-12T00:31:19.000","2026-08-12T00:42:59.000","Noise - Vehicle","Car/Truck Music","BROOKLYN","11212","Closed",,
"70032689","2026-08-12T00:31:13.000","2026-08-12T01:38:11.000","Blocked Driveway","No Access","BROOKLYN","11208","Closed","40.684389530008666","-73.87679994827197"
"70037220","2026-08-12T00:30:55.000","2026-08-12T01:02:29.000","Noise - Street/Sidewalk","Loud Music/Party","BROOKLYN","11221","Closed","40.69326736609261","-73.92223109941975"
"70033213","2026-08-12T00:30:38.000",,"Rodent","Rat Sighting","QUEENS","11103","In Progress","40.77021181936817","-73.91545866410414"
"70036698","2026-08-12T00:30:00.000",,"Traffic Signal Condition","Controller","BROOKLYN","11217","Open","40.686087314749976","-73.98266019075302"
"70034774","2026-08-12T00:29:45.000","2026-08-12T00:35:17.000","Noise - Residential","Loud Music/Party","QUEENS","11419","Closed","40.689146033034284","-73.82751333855572"
"70032634","2026-08-12T00:29:42.000",,"Noise - Residential","Banging/Pounding","BROOKLYN","11230","In Progress","40.615772014582184","-73.95450077956109"
"70027508","2026-08-12T00:29:36.000","2026-08-12T00:59:24.000","Illegal Parking","Posted Parking Sign Violation","QUEENS","11367","Closed","40.7314646004878","-73.81496646151555"
"70033650","2026-08-12T00:29:03.000","2026-08-12T00:35:19.000","Vendor Enforcement","Food Vendor","QUEENS","11368","Closed","40.75085460815596","-73.85827367041352"
"70029022","2026-08-12T00:28:57.000","2026-08-12T01:27:22.000","Illegal Parking","Posted Parking Sign Violation","MANHATTAN","10033","Closed","40.85466974612796","-73.93703673645447"
"70035350","2026-08-12T00:28:42.000",,"Air Quality","Other Air Problem","BROOKLYN","11238","In Progress","40.678719044916285","-73.96490599749806"
"70028384","2026-08-12T00:28:31.000",,"Curb Condition","Defacement","QUEENS","11368","In Progress","40.75032984863348","-73.8670523153991"
"70032485","2026-08-12T00:28:19.000","2026-08-12T01:08:39.000","Illegal Parking","Posted Parking Sign Violation","BRONX","10465","Closed","40.844909375339014","-73.8250565250638"
"70032677","2026-08-12T00:27:23.000",,"Illegal Parking","Blocked Hydrant","BROOKLYN","11220","In Progress","40.64089774676008","-74.01390136812489"
"70037232","2026-08-12T00:27:00.000","2026-08-12T01:04:18.000","Illegal Parking","Parking Permit Improper Use","BROOKLYN","11206","Closed","40.70676194087251","-73.94911140420245"
"70029600","2026-08-12T00:26:56.000",,"Noise - Vehicle","Car/Truck Music","BROOKLYN","11235","In Progress","40.5881804184484","-73.95229452279781"
"70031849","2026-08-12T00:26:53.000","2026-08-12T00:29:12.000","Noise - Commercial","Banging/Pounding","QUEENS","11420","Closed","40.67605476860137","-73.81596740814614"
"70032142","2026-08-12T00:25:45.000",,"Residential Disposal Complaint","Trash or Recycling Not Secure","BRONX","10468","In Progress","40.85988673093513","-73.90413055721098"
"70026619","2026-08-12T00:25:42.000",,"Noise - Residential","Banging/Pounding","BRONX","10472","In Progress","40.82509968549533","-73.87741744514163"
"70026623","2026-08-12T00:25:41.000",,"Noise - Street/Sidewalk","Loud Music/Party","BRONX","10452","In Progress","40.84424590792601","-73.91261411399223"
"70030456","2026-08-12T00:25:26.000","2026-08-12T00:35:15.000","Blocked Driveway","No Access","QUEENS","11369","Closed","40.759529390812965","-73.87360717901683"
"70031057","2026-08-12T00:25:25.000","2026-08-12T00:43:01.000","Noise - Street/Sidewalk","Loud Music/Party","BRONX","10467","Closed","40.877025332154346","-73.87605970842891"
"70026748","2026-08-12T00:24:48.000",,"Illegal Parking","Blocked Hydrant","BROOKLYN","11218","In Progress","40.63649547591554","-73.97279359586075"
"70035704","2026-08-12T00:24:40.000","2026-08-12T01:31:44.000","Noise - Residential","Loud Music/Party","BROOKLYN","11237","Closed","40.704589273969866","-73.92600132135634"
"70035382","2026-08-12T00:24:15.000",,"Water Maintenance","Fire Hydrant Running","MANHATTAN","10035","In Progress","40.79668095028423","-73.9349137341505"
"70036454","2026-08-12T00:24:03.000","2026-08-12T00:50:22.000","Illegal Parking","Commercial Overnight Parking","QUEENS","11106","Closed","40.763386469211014","-73.93345899741975"
"70030951","2026-08-12T00:23:40.000",,"Noise","Dog","BRONX","10466","In Progress","40.89722259629209","-73.8585620312072"
"70032479","2026-08-12T00:23:33.000",,"Illegal Parking","Commercial Overnight Parking","BRONX","10465","In Progress","40.81938144459729","-73.81494962577143"
"70026539","2026-08-12T00:23:22.000",,"Water Maintenance","Fire Hydrant Running","MANHATTAN","10035","In Progress","40.797309232963755","-73.93445443081943"
"70028262","2026-08-12T00:23:11.000","2026-08-12T00:43:01.000","Noise - Street/Sidewalk","Loud Music/Party","BROOKLYN","11238","Closed","40.673929400110346","-73.95680077694578"
"70033448","2026-08-12T00:23:06.000",,"Noise - Residential","Loud Music/Party","STATEN ISLAND","10305","In Progress","40.57996433339282","-74.0791525574585"
"70030458","2026-08-12T00:23:03.000","2026-08-12T00:28:23.000","Illegal Parking","Posted Parking Sign Violation","QUEENS","11368","Closed","40.752463038039934","-73.85606496787177"
"70032162","2026-08-12T00:23:02.000",,"Street Condition","Pothole","MANHATTAN","10002","Open",,
"70026780","2026-08-12T00:22:35.000",,"Noise - Residential","Banging/Pounding","BROOKLYN","11225","In Progress","40.66406969404813","-73.9431100244629"
"70032685","2026-08-12T00:22:23.000","2026-08-12T01:41:20.000","Noise - Residential","Loud Talking","BROOKLYN","11207","Closed","40.65777722409134","-73.88308431467564"
"70036338","2026-08-12T00:22:02.000","2026-08-12T00:35:56.000","Blocked Driveway","No Access","QUEENS","11433","Closed","40.695263681960995","-73.79695296285398"
"70033634","2026-08-12T00:21:39.000",,"Dirty Condition","Trash","QUEENS","11377","In Progress","40.74593591231699","-73.90324794330516"
"70033447","2026-08-12T00:21:31.000","2026-08-12T00:46:27.000","Illegal Parking","Commercial Overnight Parking","STATEN ISLAND","10303","Closed","40.62875353457737","-74.1523397049169"
"70026778","2026-08-12T00:21:30.000","2026-08-12T00:56:23.000","Blocked Driveway","Partial Access","BROOKLYN","11230","Closed","40.62185435309759","-73.96169749123558"
"70026641","2026-08-12T00:21:17.000",,"Illegal Parking","Double Parked Blocking Traffic","BRONX","10457","In Progress","40.85189714467949","-73.90116718293744"
"70033860","2026-08-12T00:21:15.000",,"Hazardous Material","Oil Spill Large","QUEENS","11358","In Progress","40.767550892041726","-73.80396003505373"
"70028782","2026-08-12T00:20:56.000","2026-08-12T01:50:24.000","Noise - Residential","Loud Music/Party","BROOKLYN","11223","Closed","40.59143324351707","-73.98186023461462"
"70031258","2026-08-12T00:20:23.000","2026-08-12T01:08:39.000","Noise - Street/Sidewalk","Loud Music/Party","BROOKLYN","11211","Closed","40.717557542531885","-73.93876434514137"
"70031209","2026-08-12T00:20:04.000","2026-08-12T00:32:16.000","Noise - Residential","Loud Music/Party","BROOKLYN","11233","Closed","40.676128521870304","-73.90680296215261"
"70029550","2026-08-12T00:20:03.000","2026-08-12T00:46:03.000","Noise - Residential","Banging/Pounding","BRONX","10466","Closed","40.890652703504344","-73.86155625299214"
"70035661","2026-08-12T00:19:55.000",,"Illegal Parking","Commercial Overnight Parking","BROOKLYN","11208","In Progress","40.6727235671105","-73.88139261306296"
"70029452","2026-08-12T00:19:55.000",,"Water Maintenance","Fire Hydrant Running","BRONX","10468","In Progress","40.87045812848627","-73.90271965614595"
"70029660","2026-08-12T00:19:16.000","2026-08-12T00:39:44.000","Noise - Residential","Loud Music/Party","BROOKLYN","11210","Closed","40.63366429152576","-73.94582728681108"
"70032182","2026-08-12T00:19:00.000",,"Traffic Signal Condition","Controller","BROOKLYN","11212","Open","40.65570251823354","-73.91108428718496"
"70032641","2026-08-12T00:19:00.000","2026-08-12T00:35:49.000","Noise - Residential","Loud Talking","BROOKLYN","11225","Closed","40.660009327858404","-73.96082497088796"
"70027653","2026-08-12T00:18:37.000","2026-08-12T01:27:02.000","Illegal Parking","Posted Parking Sign Violation","MANHATTAN","10033","Closed","40.85153914538499","-73.93909644675512"
"70026682","2026-08-12T00:18:28.000","2026-08-12T01:08:44.000","Noise - Street/Sidewalk","Loud Music/Party","BRONX","10468","Closed","40.863558010983155","-73.90609561620569"
"70032596","2026-08-12T00:18:09.000",,"Noise - Street/Sidewalk","Loud Music/Party","BROOKLYN","11218","In Progress","40.64512649981427","-73.97964751072021"
"70030318","2026-08-12T00:17:57.000","2026-08-12T00:35:16.000","Noise - Residential","Loud Music/Party","QUEENS","11419","Closed","40.689146033034284","-73.82751333855572"
"70027501","2026-08-12T00:17:32.000","2026-08-12T00:29:05.000","Illegal Parking","Blocked Sidewalk","QUEENS","11420","Closed","40.67605476860137","-73.81596740814614"
"70031271","2026-08-12T00:17:21.000",,"Smoking or Vaping","Allowed in Smoke Free Area","MANHATTAN","10039","In Progress","40.82794798801569","-73.93838452238118"
"70036911","2026-08-12T00:16:56.000",,"Water Maintenance","Fire Hydrant Running","BROOKLYN","11206","In Progress","40.69616867702193","-73.95270770386172"
"70034779","2026-08-12T00:16:50.000","2026-08-12T00:39:44.000","Blocked Driveway","No Access","QUEENS","11419","Closed","40.69180916590491","-73.82434757908715"
"70026849","2026-08-12T00:16:33.000","2026-08-12T01:44:21.000","Noise - Residential","Banging/Pounding","BROOKLYN","11208","Closed","40.67245255599844","-73.87944641349026"
"70036897","2026-08-12T00:16:12.000",,"Water Maintenance","Fire Hydrant Running Full","BRONX","10453","In Progress","40.85007345041631","-73.90629538265296"
"70034070","2026-08-12T00:16:06.000","2026-08-12T01:08:46.000","Illegal Parking","Commercial Overnight Parking","BROOKLYN","11234","Closed","40.617287720328875","-73.92864110331823"
"70034753","2026-08-12T00:15:49.000","2026-08-12T01:11:53.000","Noise - Residential","Loud Talking","BRONX","10473","Closed","40.819338693269565","-73.84557290696154"
"70035445","2026-08-12T00:15:26.000",,"Illegal Parking","Blocked Hydrant","BRONX","10472","In Progress","40.83190862750051","-73.8692815147437"
"70037053","2026-08-12T00:13:55.000",,"Noise - Vehicle","Engine Idling","BROOKLYN","11223","In Progress","40.592144924200824","-73.96242385597817"
"70027640","2026-08-12T00:13:52.000","2026-08-12T00:17:48.000","Drinking","In Public","MANHATTAN","10026","Closed","40.802648528357416","-73.95295352214427"
"70034031","2026-08-12T00:13:48.000","2026-08-12T01:08:48.000","Noise - Street/Sidewalk","Loud Music/Party","BRONX","10468","Closed","40.86349290527791","-73.9070429220343"
"70032023","2026-08-12T00:12:36.000","2026-08-12T00:56:23.000","Illegal Parking","Commercial Overnight Parking","BRONX","10455","Closed","40.81229888090316","-73.90745400424441"
"70037698","2026-08-12T00:12:23.000",,"Overgrown Tree/Branches","Dead Branches in Tree","BROOKLYN","11222","In Progress","40.73068293314678","-73.95683253909736"
"70029587","2026-08-12T00:12:03.000","2026-08-12T00:43:00.000","Noise - Residential","Loud Music/Party","BRONX","10458","Closed","40.86502353420676","-73.89037015557815"
"70032512","2026-08-12T00:11:42.000",,"Noise - Residential","Loud Television","BRONX","10462","In Progress","40.85386075301474","-73.86922029767614"
"70030329","2026-08-12T00:11:39.000","2026-08-12T00:39:38.000","Abandoned Vehicle","With License Plate","QUEENS","11423","Closed","40.71165169301218","-73.77429378128458"
"70027724","2026-08-12T00:11:07.000",,"Illegal Dumping","Removal Request","BRONX","10475","In Progress",,
"70034949","2026-08-12T00:11:07.000","2026-08-12T00:28:23.000","Blocked Driveway","No Access","MANHATTAN","10036","Closed","40.75818200229889","-73.98997252511575"
"70026477","2026-08-12T00:11:03.000",,"Lead","Lead Kit","QUEENS","11412","In Progress","40.704882637269264","-73.75786640886072"
"70033361","2026-08-12T00:11:00.000",,"Noise - Vehicle","Car/Truck Music","QUEENS","11432","In Progress","40.7158033782531","-73.78370203837392"
"70027010","2026-08-12T00:11:00.000",,"Street Light Condition","Street Light Out","STATEN ISLAND","10308","Open","40.5610846771346","-74.15326868721415"
"70026735","2026-08-12T00:10:28.000","2026-08-12T01:24:50.000","Noise - Residential","Loud Music/Party","BROOKLYN","11234","Closed","40.61477229616912","-73.90433131086813"
"70037793","2026-08-12T00:10:13.000","2026-08-12T00:11:54.000","Noise - Residential","Loud Music/Party","QUEENS","11419","Closed","40.686596842446264","-73.82983120813773"
"70037792","2026-08-12T00:09:03.000","2026-08-12T00:11:32.000","Noise - Residential","Loud Music/Party","QUEENS","11419","Closed","40.68659411367615","-73.82984203230274"
"70036373","2026-08-12T00:08:28.000","2026-08-12T00:28:23.000","Illegal Parking","Commercial Overnight Parking","QUEENS","11420","Closed","40.671027010203716","-73.81298561447973"
"70036322","2026-08-12T00:08:22.000","2026-08-12T00:11:47.000","Noise - Residential","Loud Music/Party","QUEENS","11419","Closed","40.686583187924555","-73.8298781175149"
"70028826","2026-08-12T00:08:08.000",,"Illegal Parking","Blocked Hydrant","QUEENS","11416","In Progress","40.682782754857435","-73.85688960196168"
"70028076","2026-08-12T00:07:56.000","2026-08-12T00:46:02.000","Illegal Parking","Double Parked Blocking Traffic","BRONX","10452","Closed","40.8360832752132","-73.92446374333896"
"70033472","2026-08-12T00:07:49.000","2026-08-12T00:28:24.000","Noise - Residential","Loud Music/Party","MANHATTAN","10016","Closed","40.7475503669899","-73.9803957698616"
"70028796","2026-08-12T00:07:45.000",,"Non-Emergency Police Matter","Trespassing","MANHATTAN","10024","In Progress","40.78795885389961","-73.96965133557359"
"70033983","2026-08-12T00:07:43.000","2026-08-12T00:53:21.000","Noise - Residential","Banging/Pounding","BRONX","10452","Closed","40.838009241870886","-73.92746112231546"
"70032693","2026-08-12T00:07:38.000","2026-08-12T00:53:21.000","Illegal Parking","Commercial Overnight Parking","BROOKLYN","11208","Closed","40.67263912779167","-73.88202363398983"
"70027530","2026-08-12T00:07:34.000","2026-08-12T01:08:47.000","Noise - Commercial","Loud Music/Party","QUEENS","11354","Closed","40.7638134402157","-73.82861953775803"
"70038074","2026-08-12T00:07:27.000",,"Illegal Dumping","Removal Request","BRONX","10475","In Progress",,
"70034966","2026-08-12T00:07:26.000","2026-08-12T00:50:21.000","Noise - Residential","Banging/Pounding","MANHATTAN","10029","Closed","40.79137088942126","-73.94190698929656"
"70037786","2026-08-12T00:07:24.000","2026-08-12T00:20:49.000","Blocked Driveway","No Access","QUEENS","11691","Closed","40.59908144311902","-73.74746505018042"
"70028865","2026-08-12T00:07:20.000","2026-08-12T00:28:33.000","Noise - Residential","Loud Music/Party","QUEENS","11419","Closed","40.68658856015572","-73.82979877767282"
"70036315","2026-08-12T00:07:20.000","2026-08-12T00:24:44.000","Abandoned Vehicle","With License Plate","QUEENS","11418","Closed","40.695116697729496","-73.83943439543661"
"70034773","2026-08-12T00:07:06.000","2026-08-12T00:11:39.000","Noise - Residential","Loud Music/Party","QUEENS","11419","Closed","40.68659411367615","-73.82984203230274"
"70035679","2026-08-12T00:06:57.000","2026-08-12T00:44:00.000","Noise - Residential","Loud Music/Party","BROOKLYN","11213","Closed","40.669525659977225","-73.92732713838379"
"70030529","2026-08-12T00:06:56.000","2026-08-12T00:28:24.000","Noise - Street/Sidewalk","Loud Music/Party","MANHATTAN","10034","Closed","40.86440268276529","-73.92376634876224"
"70028129","2026-08-12T00:06:43.000","2026-08-12T00:39:44.000","Blocked Driveway","Partial Access","BRONX","10467","Closed","40.871545359362294","-73.87977246038665"
"70029477","2026-08-12T00:06:42.000",,"Sewer Maintenance","Manhole Cover Missing","BRONX","10452","In Progress","40.841787963205775","-73.91436658665333"
"70030506","2026-08-12T00:06:11.000","2026-08-12T00:50:20.000","Noise - Residential","Banging/Pounding","MANHATTAN","10029","Closed","40.79106633520108","-73.9421275495852"
"70030640","2026-08-12T00:05:58.000",,"Dirty Condition","Trash","MANHATTAN","10016","In Progress","40.74252501459804","-73.98214388549845"
"70031861","2026-08-12T00:05:34.000",,"Illegal Parking","Blocked Hydrant","QUEENS","11366","In Progress","40.73376026972779","-73.78113237878468"
"70029037","2026-08-12T00:05:34.000",,"Maintenance or Facility","Unsecured Facility","MANHATTAN","10024","In Progress","40.78928710671135","-73.96891041589816"
"70029652","2026-08-12T00:05:20.000","2026-08-12T00:32:15.000","Illegal Parking","Blocked Bike Lane","MANHATTAN","10002","Closed","40.713254136989306","-73.97758505066066"
"70027496","2026-08-12T00:05:19.000","2026-08-12T00:28:33.000","Noise - Residential","Loud Music/Party","QUEENS","11419","Closed","40.68658856015572","-73.82979877767282"
"70027495","2026-08-12T00:05:09.000","2026-08-12T00:28:23.000","Noise - Street/Sidewalk","Loud Talking","QUEENS","11419","Closed","40.68713780764145","-73.81233466124338"
"70033912","2026-08-12T00:05:09.000",,"Water Maintenance","Fire Hydrant Running","MANHATTAN","10031","In Progress","40.828061707664624","-73.94064640164744"
"70026648","2026-08-12T00:05:08.000","2026-08-12T00:35:21.000","Bike/Roller/Skate","N/A","BRONX","10466","Closed","40.89722259629209","-73.8585620312072"
"70030346","2026-08-12T00:05:05.000","2026-08-12T01:18:43.000","Blocked Driveway","No Access","QUEENS","11385","Closed","40.70268817756111","-73.88131766183751"
"70036285","2026-08-12T00:05:04.000","2026-08-12T00:39:44.000","Noise - Street/Sidewalk","Loud Music/Party","BROOKLYN","11249","Closed","40.70446763025075","-73.9645894802074"
"70028786","2026-08-12T00:04:57.000",,"Noise - Street/Sidewalk","Loud Talking","BROOKLYN","11205","In Progress","40.69538270128887","-73.97623152066696"
"70028062","2026-08-12T00:04:41.000",,"Noise - Residential","Loud Music/Party","BRONX","10472","In Progress","40.8270254193894","-73.88165957214386"
"70033495","2026-08-12T00:04:31.000","2026-08-12T00:50:19.000","Noise - Residential","Banging/Pounding","MANHATTAN","10029","Closed","40.79103614135534","-73.94212396444759"
"70028963","2026-08-12T00:04:12.000",,"Illegal Parking","Commercial Overnight Parking","STATEN ISLAND","10306","In Progress","40.57657045983503","-74.10171921436951"
"70031955","2026-08-12T00:04:06.000",,"Illegal Parking","Posted Parking Sign Violation","STATEN ISLAND","10312","In Progress","40.549613669635605","-74.16353363038986"
"70031863","2026-08-12T00:03:33.000","2026-08-12T00:39:58.000","Noise - Residential","Banging/Pounding","QUEENS","11366","Closed","40.72582535409395","-73.80410081903685"
"70037981","2026-08-12T00:03:20.000","2026-08-12T00:47:18.000","Noise - Residential","Banging/Pounding","MANHATTAN","10029","Closed","40.791362644307455","-73.94188532807934"
"70026742","2026-08-12T00:03:11.000",,"Noise - Street/Sidewalk","Loud Music/Party","BROOKLYN","11218","In Progress","40.645162123509614","-73.97931958244115"
"70035543","2026-08-12T00:02:58.000",,"Illegal Parking","Blocked Hydrant","BROOKLYN","11214","In Progress","40.60785128096797","-73.99746456226916"
"70032554","2026-08-12T00:02:50.000","2026-08-12T00:18:54.000","Noise - Residential","Loud Talking","BROOKLYN","11235","Closed","40.578555212865965","-73.96181951947307"
"70034068","2026-08-12T00:02:44.000","2026-08-12T00:32:12.000","Noise - Residential","Loud Music/Party","BROOKLYN","11234","Closed","40.61398656605138","-73.90347160500738"
"70037834","2026-08-12T00:02:29.000","2026-08-12T00:28:31.000","Noise - Residential","Loud Music/Party","QUEENS","11419","Closed","40.68658856015572","-73.82979877767282"
"70035120","2026-08-12T00:02:15.000",,"Illegal Posting","Poster or Sign","BRONX","10475","In Progress","40.8841519092139","-73.82606351010492"
"70032721","2026-08-12T00:02:13.000","2026-08-12T01:18:40.000","Illegal Parking","Blocked Hydrant","BROOKLYN","11237","Closed","40.692545306921005","-73.90382665949768"
"70033519","2026-08-12T00:02:04.000","2026-08-12T00:53:22.000","Noise - Residential","Banging/Pounding","BRONX","10451","Closed","40.81746295959035","-73.92014949551678"
"70033499","2026-08-12T00:01:41.000","2026-08-12T00:07:42.000","Illegal Parking","Blocked Hydrant","MANHATTAN","10024","Closed","40.78874657669587","-73.96959319634995"
"70036367","2026-08-12T00:01:20.000","2026-08-12T00:28:32.000","Noise - Residential","Loud Music/Party","QUEENS","11419","Closed","40.68658856015572","-73.82979877767282"
"70029005","2026-08-12T00:01:17.000","2026-08-12T00:43:00.000","Noise - Street/Sidewalk","Loud Music/Party","MANHATTAN","10031","Closed","40.83037631951173","-73.94802675714051"
"70037243","2026-08-12T00:01:07.000","2026-08-12T00:35:18.000","Noise - Street/Sidewalk","Loud Music/Party","BROOKLYN","11211","Closed","40.71752197015857","-73.95723787717327"
"70036195","2026-08-12T00:00:49.000",,"Rodent","Rat Sighting","BRONX","10458","In Progress","40.86898964070085","-73.89038892622006"
"70032008","2026-08-12T00:00:36.000","2026-08-12T00:39:43.000","Noise - Street/Sidewalk","Loud Music/Party","MANHATTAN","10031","Closed","40.83007155682951","-73.9478065715269"
"70029585","2026-08-12T00:00:35.000","2026-08-12T00:13:53.000","Noise - Street/Sidewalk","Loud Music/Party","BRONX","10467","Closed","40.877113915517775","-73.87421896750381"
"70033485","2026-08-12T00:00:28.000",,"Illegal Parking","Paper License Plates","MANHATTAN","10024","In Progress","40.78598574085666","-73.9710100122097"
"70032559","2026-08-12T00:00:28.000",,"Noise - Residential","Loud Music/Party","BROOKLYN","11223","In Progress","40.60620356834693","-73.96178570081833"
"70035121","2026-08-11T23:59:58.000",,"Illegal Posting","Poster or Sign","BRONX","10475","In Progress","40.88464952371015","-73.82661191249979"
"70033508","2026-08-11T23:59:56.000","2026-08-12T00:36:42.000","Noise - Street/Sidewalk","Loud Music/Party","MANHATTAN","10031","Closed","40.83039258169965","-73.94757144088628"
"70028929","2026-08-11T23:59:54.000","2026-08-12T01:02:27.000","Blocked Driveway","No Access","QUEENS","11436","Closed","40.6840431674385","-73.79859161992569"
"70026728","2026-08-11T23:59:38.000","2026-08-12T01:14:50.000","Illegal Parking","Blocked Hydrant","BROOKLYN","11223","Closed","40.603647428481466","-73.98083416181359"
"70030364","2026-08-11T23:59:19.000","2026-08-12T00:28:25.000","Noise - Residential","Loud Music/Party","QUEENS","11419","Closed","40.68658856015572","-73.82979877767282"
"70030938","2026-08-11T23:59:00.000",,"Sewer Maintenance","Catch Basin Sunken","QUEENS","11413","In Progress","40.664218190937824","-73.76024883006141"
"70034173","2026-08-11T23:58:58.000","2026-08-12T01:53:24.000","Illegal Parking","Blocked Hydrant","BROOKLYN","11208","Closed","40.68603366963854","-73.87681854478991"
"70028109","2026-08-11T23:58:48.000","2026-08-12T01:05:29.000","Noise - Residential","Banging/Pounding","BRONX","10457","Closed","40.85487924712608","-73.89343781200685"
"70029669","2026-08-11T23:58:35.000","2026-08-12T00:11:23.000","Noise - Residential","Banging/Pounding","BROOKLYN","11225","Closed","40.65645325891281","-73.95643726744065"
"70034678","2026-08-11T23:58:20.000",,"Overgrown Tree/Branches","Hitting Power Lines","BROOKLYN","11237","In Progress","40.70021480181736","-73.91506776817364"
"70028331","2026-08-11T23:57:48.000",,"Food Establishment","Rodents/Insects/Garbage","MANHATTAN","10011","In Progress","40.74308874780221","-74.00865025634396"
"70026511","2026-08-11T23:57:33.000",,"Water Maintenance","Fire Hydrant Running Full","MANHATTAN","10033","In Progress","40.84981231331684","-73.9333833839353"
"70030391","2026-08-11T23:57:03.000",,"Blocked Driveway","Partial Access","QUEENS","11377","In Progress","40.73827602092762","-73.89771997865516"
"70026282","2026-08-11T23:56:01.000",,"Street Condition","Pothole","QUEENS","11426","Open","40.73388200479908","-73.7139634576896"
"70030420","2026-08-11T23:55:13.000","2026-08-12T00:11:30.000","Noise - Commercial","Loud Music/Party","QUEENS","11361","Closed","40.764106321118824","-73.77125334303817"
"70028989","2026-08-11T23:55:08.000","2026-08-12T01:30:57.000","Noise - Commercial","Loud Talking","MANHATTAN","10075","Closed","40.773427788383785","-73.95932852086354"
"70035701","2026-08-11T23:55:01.000","2026-08-12T01:10:37.000","Noise - Street/Sidewalk","Loud Talking","BROOKLYN","11221","Closed","40.69326736609261","-73.92223109941975"
"70036974","2026-08-11T23:54:34.000",,"Noise - Residential","Loud Music/Party","BRONX","10472","In Progress","40.82488653168446","-73.87829946449676"
"70035819","2026-08-11T23:54:30.000",,"Curb Condition","Defacement","QUEENS","11368","In Progress","40.75399823201008","-73.86588999248697"
"70034738","2026-08-11T23:54:12.000",,"Noise - Residential","Banging/Pounding","BROOKLYN","11201","In Progress","40.70137579240106","-73.98345325660519"
"70035764","2026-08-11T23:54:03.000",,"Lost Property","Bag/Wallet","QUEENS","11430","In Progress","40.64832048620134","-73.78828125130184"
"70031119","2026-08-11T23:53:38.000","2026-08-12T00:32:29.000","Noise - Residential","Loud Music/Party","BROOKLYN","11234","Closed","40.61456349691077","-73.90409749061845"
"70035934","2026-08-11T23:53:36.000",,"UNSANITARY CONDITION","PESTS","BRONX","10462","Open","40.853373729375214","-73.86577637731106"
"70027249","2026-08-11T23:53:28.000",,"FLOORING/STAIRS","FLOOR","MANHATTAN","10009","Open","40.729931857625274","-73.98071846343167"
"70031547","2026-08-11T23:53:28.000",,"PAINT/PLASTER","CEILING","MANHATTAN","10009","Open","40.729931857625274","-73.98071846343167"
"70031541","2026-08-11T23:53:28.000",,"PAINT/PLASTER","CEILING","MANHATTAN","10009","Open","40.729931857625274","-73.98071846343167"
"70030098","2026-08-11T23:53:28.000",,"GENERAL","CABINET","MANHATTAN","10009","Open","40.729931857625274","-73.98071846343167"
"70032891","2026-08-11T23:53:28.000",,"PAINT/PLASTER","WALL","MANHATTAN","10009","Open","40.729931857625274","-73.98071846343167"
"70037623","2026-08-11T23:53:28.000",,"DOOR/WINDOW","DOOR","MANHATTAN","10009","Open","40.729931857625274","-73.98071846343167"
"70037493","2026-08-11T23:53:28.000",,"PLUMBING","BATHTUB/SHOWER","MANHATTAN","10009","Open","40.729931857625274","-73.98071846343167"
"70036436","2026-08-11T23:53:28.000","2026-08-12T00:24:45.000","Illegal Parking","Blocked Hydrant","QUEENS","11374","Closed","40.72666727565442","-73.8578308279301"
"70037558","2026-08-11T23:53:28.000",,"GENERAL","BELL/BUZZER/INTERCOM","MANHATTAN","10009","Open","40.729931857625274","-73.98071846343167"
"70026591","2026-08-11T23:53:26.000",,"Noise","Alarm","BROOKLYN","11206","In Progress","40.70614580099122","-73.93553593472299"
"70036616","2026-08-11T23:52:47.000",,"Dirty Condition","Trash","BROOKLYN","11232","In Progress","40.64945387069879","-74.00693716052947"
"70033471","2026-08-11T23:52:39.000","2026-08-12T00:04:11.000","Illegal Parking","Parking Permit Improper Use","MANHATTAN","10016","Closed","40.740917889543326","-73.97446868154753"
"70027647","2026-08-11T23:52:26.000",,"Noise - Street/Sidewalk","Loud Music/Party","MANHATTAN","10032","In Progress","40.83542937652239","-73.94233831197468"
"70026909","2026-08-11T23:51:55.000","2026-08-12T00:03:40.000","Noise - Commercial","Loud Music/Party","BROOKLYN","11249","Closed","40.71039365967617","-73.9648640722341"
"70027549","2026-08-11T23:51:54.000","2026-08-12T00:43:01.000","Noise - Street/Sidewalk","Loud Music/Party","QUEENS","11375","Closed","40.735743912936805","-73.85323241259277"
"70031731","2026-08-11T23:51:24.000",,"Overgrown Tree/Branches","Dead Branches in Tree","BROOKLYN","11221","In Progress","40.69099713258849","-73.92177578957786"
"70029743","2026-08-11T23:51:09.000","2026-08-12T01:05:36.000","Noise - Street/Sidewalk","Loud Talking","BROOKLYN","11207","Closed","40.68350470490595","-73.91151233376623"
"70035892","2026-08-11T23:50:24.000",,"WATER LEAK","SLOW LEAK","QUEENS","11374","Open","40.73081414682835","-73.86427330673158"
"70028307","2026-08-11T23:49:54.000",,"Noise - Residential","Loud Music/Party","MANHATTAN","10009","In Progress","40.725881050889605","-73.98364921184492"
"70034101","2026-08-11T23:49:33.000","2026-08-12T00:14:00.000","Noise - Street/Sidewalk","Loud Music/Party","BROOKLYN","11225","Closed","40.66183348482207","-73.95076404988754"
"70028121","2026-08-11T23:49:26.000","2026-08-12T00:28:24.000","Noise - Street/Sidewalk","Loud Music/Party","BRONX","10463","Closed","40.87569173167496","-73.90209366576633"
"70035002","2026-08-11T23:49:09.000","2026-08-12T00:12:58.000","Noise - Street/Sidewalk","Loud Music/Party","BRONX","10454","Closed","40.8072910891316","-73.91267708123826"
"70031663","2026-08-11T23:48:45.000",,"Homeless Person Assistance","Non-Chronic","MANHATTAN","10026","In Progress","40.80078939040917","-73.95755641337156"
"70032577","2026-08-11T23:48:44.000","2026-08-11T23:53:05.000","Noise - Residential","Banging/Pounding","BROOKLYN","11214","Closed","40.60810108364675","-73.99938414563323"
"70029668","2026-08-11T23:48:31.000","2026-08-12T00:14:33.000","Noise - Residential","Loud Music/Party","BROOKLYN","11225","Closed","40.66183348482207","-73.95076404988754"
"70029570","2026-08-11T23:48:25.000",,"Noise - Residential","Banging/Pounding","BRONX","10463","In Progress","40.880495356921585","-73.90589088156578"
"70028923","2026-08-11T23:48:21.000","2026-08-12T00:04:12.000","Noise - Residential","Banging/Pounding","QUEENS","11375","Closed","40.724671547043656","-73.84898156338559"
"70033527","2026-08-11T23:48:09.000",,"Maintenance or Facility","Hours of Operation","BROOKLYN","11206","In Progress","40.69379557155858","-73.9489049337105"
"70029790","2026-08-11T23:48:06.000",,"Smoking or Vaping","Allowed in Smoke Free Area","QUEENS","11101","In Progress","40.746563040745954","-73.94198936937423"
"70029529","2026-08-11T23:48:05.000","2026-08-12T00:46:03.000","Noise - Street/Sidewalk","Loud Music/Party","BRONX","10452","Closed","40.83984297986878","-73.915746037444"
"70028115","2026-08-11T23:48:01.000","2026-08-12T01:54:14.000","Blocked Driveway","No Access","BRONX","10467","Closed","40.86378744588717","-73.8684307093463"
"70035818","2026-08-11T23:47:35.000",,"Curb Condition","Defacement","QUEENS","11368","In Progress","40.755713931247776","-73.86608866870878"
"70027153","2026-08-11T23:47:33.000",,"PLUMBING","WATER SUPPLY","BRONX","10452","Open","40.83116912288787","-73.92277817473338"
"70033690","2026-08-11T23:47:19.000","2026-08-11T23:47:19.000","Street Condition","Pothole","QUEENS","11363","Closed",,
"70032168","2026-08-11T23:47:18.000",,"Street Condition","Pothole","QUEENS","11363","Open",,
"70032466","2026-08-11T23:47:07.000",,"Illegal Parking","Posted Parking Sign Violation","BRONX","10472","In Progress","40.83251913799147","-73.8753078650368"
"70036369","2026-08-11T23:46:49.000","2026-08-12T00:26:21.000","Noise - Residential","Banging/Pounding","QUEENS","11420","Closed","40.67551899994663","-73.81735325881327"
"70031123","2026-08-11T23:46:10.000",,"Noise - Street/Sidewalk","Loud Music/Party","BROOKLYN","11218","In Progress","40.645162123509614","-73.97931958244115"
"70031916","2026-08-11T23:46:02.000","2026-08-12T00:03:12.000","Noise - Residential","Banging/Pounding","QUEENS","11102","Closed","40.76764102381678","-73.92486267044741"
"70028184","2026-08-11T23:45:59.000","2026-08-12T00:14:10.000","Noise - Residential","Banging/Pounding","BROOKLYN","11210","Closed","40.63991676510749","-73.94550512872763"
"70027602","2026-08-11T23:45:16.000","2026-08-12T00:04:12.000","Illegal Parking","Parking Permit Improper Use","MANHATTAN","10016","Closed","40.740917889543326","-73.97446868154753"
"70034787","2026-08-11T23:44:58.000","2026-08-12T00:35:30.000","Noise - Residential","Loud Music/Party","QUEENS","11433","Closed","40.69768955282021","-73.79205538181837"
"70036347","2026-08-11T23:44:50.000",,"Illegal Parking","Commercial Overnight Parking","QUEENS","11378","In Progress","40.728938258683264","-73.89760442197726"
"70034191","2026-08-11T23:44:50.000","2026-08-11T23:54:51.000","Noise - Street/Sidewalk","Loud Music/Party","BROOKLYN","11221","Closed","40.69326736609261","-73.92223109941975"
"70037146","2026-08-11T23:44:34.000",,"Street Condition","Defective Hardware","BROOKLYN","11222","In Progress","40.73245460602726","-73.95315101818352"
"70034380","2026-08-11T23:44:22.000",,"WATER LEAK","HEAVY FLOW","STATEN ISLAND","10314","Open","40.58410711749435","-74.15402716217076"
"70035443","2026-08-11T23:44:13.000",,"Illegal Parking","Posted Parking Sign Violation","BRONX","10472","In Progress","40.8317940453668","-73.87485752400507"
"70028408","2026-08-11T23:44:11.000",,"Standing Water","Swimming Pool - Unmaintained","MANHATTAN","10032","In Progress","40.83615112307623","-73.94211362878137"
"70027093","2026-08-11T23:44:02.000",,"UNSANITARY CONDITION","PESTS","MANHATTAN","10128","Open","40.781890505405286","-73.94746880656034"
"70028479","2026-08-11T23:44:02.000",,"UNSANITARY CONDITION","PESTS","MANHATTAN","10128","Open","40.781890505405286","-73.94746880656034"
"70033316","2026-08-11T23:43:55.000","2026-08-11T23:54:53.000","Illegal Parking","Blocked Sidewalk","QUEENS","11421","Closed","40.69753770288117","-73.85179825754923"
"70033461","2026-08-11T23:43:48.000","2026-08-12T00:01:09.000","Noise - Residential","Banging/Pounding","MANHATTAN","10016","Closed","40.740647191379715","-73.97965081002563"
"70033280","2026-08-11T23:43:27.000","2026-08-12T00:35:30.000","Noise - Residential","Banging/Pounding","BROOKLYN","11207","Closed","40.67261508944675","-73.89104692702352"
"70028973","2026-08-11T23:43:26.000","2026-08-12T00:01:00.000","Noise - Residential","Banging/Pounding","MANHATTAN","10016","Closed","40.740647191379715","-73.97965081002563"
"70037753","2026-08-11T23:43:15.000",,"Noise - Residential","Banging/Pounding","BROOKLYN","11201","In Progress","40.699800319891985","-73.98361593748928"
"70027416","2026-08-11T23:43:04.000",,"Noise - Residential","Banging/Pounding","BROOKLYN","11201","In Progress","40.699800319891985","-73.98361593748928"
"70037769","2026-08-11T23:42:52.000","2026-08-12T00:35:18.000","Noise - Residential","Banging/Pounding","MANHATTAN","10027","Closed","40.81281181632886","-73.94573926927536"
"70037768","2026-08-11T23:42:42.000","2026-08-12T00:35:18.000","Noise - Residential","Banging/Pounding","MANHATTAN","10027","Closed","40.81281181632886","-73.94573926927536"
"70038000","2026-08-11T23:42:38.000","2026-08-12T01:13:18.000","Blocked Driveway","Partial Access","MANHATTAN","10030","Closed","40.822134778887055","-73.94396126204215"
"70028165","2026-08-11T23:42:19.000","2026-08-11T23:51:49.000","Noise - Residential","Banging/Pounding","BROOKLYN","11214","Closed","40.60810108364675","-73.99938414563323"
"70027002","2026-08-11T23:42:00.000",,"Street Light Condition","Street Light Out","BRONX","10468","Open","40.86530243650309","-73.90136418525164"
"70030595","2026-08-11T23:41:49.000",,"Litter Basket Request","Replacement Basket","MANHATTAN","10033","In Progress","40.852321215318966","-73.93877402130026"
"70036420","2026-08-11T23:41:46.000","2026-08-12T00:56:24.000","Illegal Parking","Commercial Overnight Parking","QUEENS","11357","Closed","40.793548685124854","-73.7958225456005"
"70029624","2026-08-11T23:41:42.000",,"Illegal Parking","Blocked Hydrant","BROOKLYN","11218","In Progress","40.635185809303664","-73.9711403760099"
"70037359","2026-08-11T23:41:30.000",,"Indoor Air Quality","Sewage Odor","BRONX","10469","In Progress","40.87708434563019","-73.84951408991537"
"70030983","2026-08-11T23:41:21.000",,"Illegal Parking","Blocked Hydrant","BRONX","10472","In Progress","40.831050342607845","-73.87496371600433"
"70027525","2026-08-11T23:40:54.000","2026-08-12T01:32:09.000","Illegal Parking","Parking Permit Improper Use","QUEENS","11355","Closed","40.75138907986774","-73.8168637188478"
"70027546","2026-08-11T23:40:26.000","2026-08-12T00:05:06.000","Encampment","N/A","QUEENS","11375","Closed","40.72116721634969","-73.84336525101494"
"70027588","2026-08-11T23:40:22.000","2026-08-12T00:13:22.000","Noise - Residential","Loud Talking","STATEN ISLAND","10307","Closed","40.511993361643505","-74.23463795126108"
"70032346","2026-08-11T23:39:29.000",,"Lead","Lead Kit","QUEENS","11361","In Progress","40.76850139242961","-73.76886636295549"
"70028156","2026-08-11T23:39:27.000",,"Noise - Residential","Loud Music/Party","BROOKLYN","11214","In Progress","40.59792060097368","-74.00279072726607"
"70028508","2026-08-11T23:39:23.000",,"UNSANITARY CONDITION","MOLD","BRONX","10473","Open","40.82044163511422","-73.85365620697301"
"70029518","2026-08-11T23:39:11.000",,"Illegal Parking","Blocked Hydrant","BRONX","10472","In Progress","40.83066324047387","-73.87487410501063"
"70032750","2026-08-11T23:39:07.000","2026-08-12T01:14:59.000","Noise - Commercial","Loud Music/Party","BROOKLYN","11211","Closed","40.71457939477639","-73.94399397442777"
"70026903","2026-08-11T23:38:31.000","2026-08-12T00:12:19.000","Illegal Parking","Posted Parking Sign Violation","BROOKLYN","11205","Closed","40.69395197882978","-73.9730622468119"
"70031970","2026-08-11T23:38:01.000","2026-08-11T23:57:56.000","Encampment","N/A","MANHATTAN","10001","Closed","40.74763929625506","-73.98853049959429"
"70033404","2026-08-11T23:37:50.000","2026-08-11T23:57:58.000","Encampment","N/A","QUEENS","11375","Closed","40.72137914567738","-73.8437940590733"
"70032695","2026-08-11T23:37:48.000","2026-08-12T00:05:09.000","Noise - Residential","Loud Music/Party","BROOKLYN","11231","Closed","40.67676706055724","-73.99152057983271"
"70031145","2026-08-11T23:37:42.000",,"Blocked Driveway","Partial Access","BROOKLYN","11236","In Progress","40.64123900488508","-73.89647785378979"
"70031792","2026-08-11T23:37:07.000","2026-08-12T00:11:23.000","Noise - Residential","Banging/Pounding","BRONX","10473","Closed","40.823217976075576","-73.86612625503403"
"70029859","2026-08-11T23:37:00.000",,"Street Light Condition","Street Light Out","BROOKLYN","11234","Open",,
"70037035","2026-08-11T23:36:59.000","2026-08-12T01:38:10.000","Illegal Parking","Blocked Hydrant","BRONX","10463","Closed","40.87431709464755","-73.90263084439134"
"70028999","2026-08-11T23:36:48.000","2026-08-12T00:14:46.000","Noise - Street/Sidewalk","Loud Music/Party","MANHATTAN","10026","Closed","40.802648528357416","-73.95295352214427"
"70037751","2026-08-11T23:36:32.000","2026-08-12T01:41:20.000","Noise - Residential","Loud Music/Party","BROOKLYN","11224","Closed","40.5783666759397","-74.00022319281872"
"70030311","2026-08-11T23:36:07.000","2026-08-12T00:11:23.000","Noise - Residential","Loud Music/Party","QUEENS","11691","Closed","40.60108225787543","-73.75629463921236"
"70034838","2026-08-11T23:36:02.000",,"Noise - Residential","Loud Music/Party","QUEENS","11101","In Progress","40.746563040745954","-73.94198936937423"
"70031091","2026-08-11T23:35:36.000",,"Illegal Parking","Blocked Hydrant","BROOKLYN","11204","In Progress","40.61259888937967","-73.98550303594995"
"70035719","2026-08-11T23:35:18.000","2026-08-12T00:06:02.000","Illegal Parking","Commercial Overnight Parking","BROOKLYN","11201","Closed","40.70103607051418","-73.98864310608877"
"70036001","2026-08-11T23:35:00.000",,"PLUMBING","TOILET","BRONX","10457","Open","40.852335329676464","-73.89389734164266"
"70037675","2026-08-11T23:34:55.000",,"Rodent","Rat Sighting","QUEENS","11360","In Progress","40.77847583777357","-73.77582930548137"
"70032467","2026-08-11T23:34:54.000",,"Illegal Parking","Blocked Hydrant","BRONX","10472","In Progress","40.83066324047387","-73.87487410501063"
"70028245","2026-08-11T23:34:31.000","2026-08-12T00:21:43.000","Illegal Parking","Blocked Hydrant","BROOKLYN","11220","Closed","40.64103952521778","-74.02029359046216"
"70034400","2026-08-11T23:33:32.000",,"UNSANITARY CONDITION","PESTS","BRONX","10473","Open","40.82044163511422","-73.85365620697301"
"70032547","2026-08-11T23:33:30.000","2026-08-11T23:57:55.000","Illegal Parking","Blocked Hydrant","BRONX","10468","Closed","40.87685672386428","-73.88554491705389"
"70033611","2026-08-11T23:33:26.000",,"Illegal Dumping","Removal Request","MANHATTAN","10009","In Progress","40.727566297364184","-73.9834106740537"
"70033305","2026-08-11T23:33:22.000","2026-08-12T00:00:58.000","Noise - Residential","Banging/Pounding","QUEENS","11691","Closed","40.59517503429664","-73.75481826449519"
"70031698","2026-08-11T23:33:13.000",,"Rodent","Rat Sighting","MANHATTAN","10032","In Progress","40.8364111898213","-73.94077266515033"
"70035500","2026-08-11T23:33:07.000","2026-08-12T00:28:25.000","Noise - Street/Sidewalk","Loud Talking","BRONX","10463","Closed","40.87569173167496","-73.90209366576633"
"70026894","2026-08-11T23:33:02.000","2026-08-11T23:51:30.000","Illegal Parking","Commercial Overnight Parking","BROOKLYN","11201","Closed","40.70111302305257","-73.98969619455666"
"70026997","2026-08-11T23:33:00.000",,"Street Light Condition","Street Light Out","BROOKLYN","11229","Open",,
"70029620","2026-08-11T23:32:58.000","2026-08-12T01:53:31.000","Blocked Driveway","No Access","BROOKLYN","11234","Closed","40.62686087583163","-73.91183600662785"
"70026714","2026-08-11T23:32:48.000",,"Illegal Parking","Blocked Hydrant","BROOKLYN","11204","In Progress","40.61869577853208","-73.99304442374901"
"70029107","2026-08-11T23:32:42.000",,"Missed Collection","Recycling - Paper/Metal/Glass/Rigid Plastic","BROOKLYN","11203","In Progress","40.66071340462929","-73.9293010981436"
"70029735","2026-08-11T23:32:40.000","2026-08-11T23:44:58.000","Noise - Residential","Loud Music/Party","BROOKLYN","11213","Closed","40.66861453534958","-73.92755162599363"
"70034157","2026-08-11T23:32:38.000","2026-08-11T23:58:02.000","Noise - Residential","Loud Talking","BROOKLYN","11212","Closed","40.67320062426509","-73.90776958980533"
"70032149","2026-08-11T23:32:07.000","2026-08-12T00:20:56.000","Illegal Parking","Overnight Commercial Storage","QUEENS","11413","Closed","40.664619874044995","-73.7529121208803"
"70031558","2026-08-11T23:32:03.000",,"HEAT/HOT WATER","ENTIRE BUILDING","MANHATTAN","10128","Open","40.78054867177627","-73.94822452555469"
"70032597","2026-08-11T23:31:55.000",,"Noise - Residential","Loud Talking","BROOKLYN","11219","In Progress","40.64090400101001","-73.99583103049079"
"70028833","2026-08-11T23:31:51.000","2026-08-12T00:11:36.000","Noise - Residential","Loud Music/Party","QUEENS","11419","Closed","40.68659411367615","-73.82984203230274"
"70037970","2026-08-11T23:31:44.000","2026-08-11T23:44:57.000","Noise - Commercial","Loud Music/Party","MANHATTAN","10036","Closed","40.761401627525494","-73.99045214070179"
"70035690","2026-08-11T23:31:36.000","2026-08-12T00:17:46.000","Noise - Residential","Loud Talking","BROOKLYN","11216","Closed","40.68818425139043","-73.95297298536032"
"70028144","2026-08-11T23:31:09.000",,"Illegal Parking","Commercial Overnight Parking","BROOKLYN","11229","In Progress","40.5925738973204","-73.92485082290987"
"70029758","2026-08-11T23:31:04.000","2026-08-11T23:48:17.000","Illegal Parking","Commercial Overnight Parking","BROOKLYN","11201","Closed","40.700270386304894","-73.98976845412388"
"70034315","2026-08-11T23:31:00.000",,"Street Light Condition","Street Light Out","STATEN ISLAND","10309","Open","40.54095379097542","-74.21803827092457"
"70037113","2026-08-11T23:30:45.000",,"Illegal Parking","Posted Parking Sign Violation","BROOKLYN","11209","In Progress","40.616306681279525","-74.03063801927192"
"70037065","2026-08-11T23:30:33.000",,"Illegal Parking","Blocked Hydrant","BROOKLYN","11204","In Progress","40.61883028748746","-73.99328214611717"
"70032066","2026-08-11T23:30:21.000",,"Litter Basket Request","Replacement Basket","BROOKLYN","11233","In Progress","40.67581862211921","-73.93045675772623"
"70032381","2026-08-11T23:29:41.000",,"Water Maintenance","Dirty Water","MANHATTAN","10027","In Progress","40.81239483159984","-73.95243726403454"
"70030588","2026-08-11T23:29:07.000",,"Dirty Condition","Broken Glass","BROOKLYN","11215","In Progress","40.66297426032983","-73.98814856775185"
"70030959","2026-08-11T23:29:02.000","2026-08-11T23:58:00.000","Noise","Construction","BROOKLYN","11210","In Progress","40.62910071204991","-73.94800337181081"
"70029878","2026-08-11T23:29:00.000",,"Street Light Condition","Street Light Out","STATEN ISLAND","10306","Open","40.57153013031146","-74.11704188838335"
"70034309","2026-08-11T23:29:00.000",,"Street Light Condition","Street Light Out","BROOKLYN","11203","Open","40.656163509035146","-73.93086648805274"
"70034914","2026-08-11T23:28:56.000","2026-08-12T00:06:13.000","Noise - Street/Sidewalk","Loud Music/Party","QUEENS","11372","Closed","40.75215676274358","-73.87339378295937"
"70026762","2026-08-11T23:28:44.000",,"Illegal Parking","Blocked Hydrant","BROOKLYN","11220","In Progress","40.63932066833335","-74.02355033576893"
"70032566","2026-08-11T23:28:06.000",,"Illegal Parking","License Plate Obscured","BROOKLYN","11219","In Progress","40.626213948668195","-73.9976908199878"
"70030650","2026-08-11T23:27:44.000",,"Dirty Condition","Trash","BROOKLYN","11238","In Progress","40.67342991860363","-73.95698135125339"
"70031140","2026-08-11T23:27:36.000",,"Illegal Parking","Posted Parking Sign Violation","BROOKLYN","11220","In Progress","40.63932066833335","-74.02355033576893"
"70028073","2026-08-11T23:27:20.000","2026-08-12T00:50:22.000","Noise - Street/Sidewalk","Loud Music/Party","BRONX","10452","Closed","40.83517770628178","-73.92907956951548"
"70037122","2026-08-11T23:27:14.000","2026-08-12T01:59:38.000","Noise - Residential","Banging/Pounding","BROOKLYN","11236","Closed","40.63282658724899","-73.89998564299451"
"70032831","2026-08-11T23:26:58.000",,"Curb Condition","Defacement","QUEENS","11369","In Progress","40.76054588382383","-73.86712216741927"
"70026628","2026-08-11T23:26:55.000","2026-08-11T23:35:07.000","Noise - Residential","Banging/Pounding","BRONX","10457","Closed","40.84134470145586","-73.91254925675244"
"70031938","2026-08-11T23:26:35.000","2026-08-12T00:05:26.000","Non-Emergency Police Matter","Other (complaint details)","QUEENS","11372","Closed","40.75215676274358","-73.87339378295937"
"70034202","2026-08-11T23:26:34.000","2026-08-11T23:54:52.000","Illegal Parking","Commercial Overnight Parking","BROOKLYN","11201","Closed","40.703300591443224","-73.98958765752316"
"70037319","2026-08-11T23:26:17.000",,"Sidewalk Condition","Broken Sidewalk","QUEENS","11372","In Progress","40.75190006506147","-73.87713707909985"
"70035673","2026-08-11T23:26:13.000","2026-08-12T01:59:38.000","Illegal Parking","Blocked Hydrant","BROOKLYN","11208","Closed","40.68193231473776","-73.8687714813724"
"70032817","2026-08-11T23:26:05.000",,"Consumer Complaint","Tow Truck Company","BRONX","10454","In Progress","40.80387464071187","-73.91365321323616"
"70035018","2026-08-11T23:26:05.000",,"Maintenance or Facility","Rodent Sighting","MANHATTAN","10002","In Progress","40.71828180623328","-73.99374830429952"
"70034991","2026-08-11T23:26:03.000","2026-08-12T01:02:24.000","Noise - Commercial","Banging/Pounding","MANHATTAN","10037","Closed","40.811155430049226","-73.94300597543369"
"70028613","2026-08-11T23:25:55.000",,"GENERAL","COOKING GAS","MANHATTAN","10013","Open","40.71472476581779","-73.99960680988757"
"70031046","2026-08-11T23:25:49.000","2026-08-12T01:08:55.000","Illegal Parking","Posted Parking Sign Violation","MANHATTAN","10007","Closed","40.71382709536923","-74.0055586954454"
"70035352","2026-08-11T23:25:37.000",,"Water Quality","Odor/Taste","MANHATTAN","10029","In Progress","40.78995610451298","-73.94495618262616"
"70028849","2026-08-11T23:25:09.000",,"Illegal Parking","Blocked Hydrant","QUEENS","11378","In Progress","40.7332012358685","-73.89496745580082"
"70035541","2026-08-11T23:25:03.000",,"Noise - Residential","Banging/Pounding","BROOKLYN","11214","In Progress","40.60403573940088","-73.99164865896871"
"70032588","2026-08-11T23:24:56.000","2026-08-12T00:31:28.000","Noise - Residential","Banging/Pounding","BROOKLYN","11210","Closed","40.625739559026414","-73.94472416753165"
"70030897","2026-08-11T23:24:44.000",,"Water Maintenance","Fire Hydrant Running Full","MANHATTAN","10025","In Progress","40.78967436328081","-73.96984917561235"
"70028444","2026-08-11T23:23:55.000",,"WATER LEAK","SLOW LEAK","BRONX","10473","Open","40.82044163511422","-73.85365620697301"
"70031064","2026-08-11T23:23:08.000","2026-08-11T23:38:12.000","Noise - Residential","Loud Music/Party","MANHATTAN","10014","Closed","40.72997458675549","-74.00360807424809"
"70035749","2026-08-11T23:23:04.000",,"Food Establishment","Letter Grading","QUEENS","11365","In Progress","40.73939301097045","-73.78577257218423"
"70028415","2026-08-11T23:22:53.000",,"Indoor Air Quality","Ventilation","BROOKLYN","11233","In Progress","40.675651511986466","-73.9110036136785"
"70030683","2026-08-11T23:22:50.000","2026-08-11T23:45:17.000","Noise - Commercial","Loud Music/Party","QUEENS","11413","Closed","40.67542428164978","-73.73842990787368"
"70027157","2026-08-11T23:22:36.000",,"PLUMBING","WATER SUPPLY","BRONX","10458","Open","40.87530318681979","-73.88550419971034"
"70030020","2026-08-11T23:22:32.000",,"SAFETY","CARBON MONOXIDE DETECTOR","BROOKLYN","11204","Open","40.625844148971595","-73.97844296915943"
"70028556","2026-08-11T23:22:32.000",,"PLUMBING","BASIN/SINK","BROOKLYN","11204","Open","40.625844148971595","-73.97844296915943"
"70035879","2026-08-11T23:22:32.000",,"SAFETY","WINDOW GUARD BROKEN/MISSING","BROOKLYN","11204","Open","40.625844148971595","-73.97844296915943"
"70035971","2026-08-11T23:22:32.000",,"UNSANITARY CONDITION","MOLD","BROOKLYN","11204","Open","40.625844148971595","-73.97844296915943"
"70036019","2026-08-11T23:22:32.000",,"PAINT/PLASTER","WINDOW/FRAME","BROOKLYN","11204","Open","40.625844148971595","-73.97844296915943"
"70033978","2026-08-11T23:22:20.000","2026-08-12T00:46:03.000","Noise - Street/Sidewalk","Loud Talking","BRONX","10452","Closed","40.83582525592861","-73.92443873957221"
"70028396","2026-08-11T23:22:00.000",,"Street Light Condition","Street Light Out","BROOKLYN","11234","Open","40.63005974523469","-73.9251256481155"
"70031259","2026-08-11T23:21:51.000","2026-08-12T00:35:17.000","Noise - Residential","Banging/Pounding","BROOKLYN","11249","Closed","40.7196416237631","-73.95916293033073"
"70029009","2026-08-11T23:21:34.000","2026-08-12T01:02:08.000","Noise - Street/Sidewalk","Loud Music/Party","MANHATTAN","10027","Closed","40.810378951035936","-73.94357018002275"
"70027655","2026-08-11T23:21:21.000","2026-08-12T00:13:28.000","Illegal Parking","Posted Parking Sign Violation","BRONX","10455","Closed","40.812048577176455","-73.91025044710621"
"70033462","2026-08-11T23:21:10.000","2026-08-11T23:28:14.000","Noise - Residential","Banging/Pounding","MANHATTAN","10003","Closed","40.73793106129301","-73.98801615452346"
"70034003","2026-08-11T23:21:04.000","2026-08-12T00:13:20.000","Blocked Driveway","No Access","BRONX","10466","Closed","40.88684511299941","-73.83019384832896"
"70034614","2026-08-11T23:20:57.000",,"Drinking Water","Illness Caused by Drinking Water","BROOKLYN","11222","In Progress","40.72343221835533","-73.94046179148624"
"70037780","2026-08-11T23:20:51.000","2026-08-12T00:00:58.000","Noise - Street/Sidewalk","Loud Music/Party","QUEENS","11694","Closed","40.58024733012259","-73.83564256372388"
"70036323","2026-08-11T23:20:45.000","2026-08-11T23:41:30.000","Blocked Driveway","Partial Access","QUEENS","11419","Closed","40.68770973706399","-73.83256155984247"
"70029526","2026-08-11T23:20:43.000","2026-08-11T23:51:20.000","Noise - Street/Sidewalk","Loud Music/Party","BRONX","10452","Closed","40.83072670386867","-73.92200539082559"
"70028095","2026-08-11T23:20:27.000","2026-08-12T00:46:03.000","Noise - Street/Sidewalk","Loud Talking","BRONX","10467","Closed","40.87780420691772","-73.86569451314791"
"70034885","2026-08-11T23:20:21.000","2026-08-11T23:38:10.000","Noise - Street/Sidewalk","Loud Music/Party","QUEENS","11434","Closed","40.676488087160585","-73.77138082023549"
"70034317","2026-08-11T23:20:11.000",,"Street Condition","Rough, Pitted or Cracked Roads","BROOKLYN","11208","In Progress","40.68282968044448","-73.86623502960315"
"70028158","2026-08-11T23:20:09.000",,"Illegal Parking","Blocked Hydrant","BROOKLYN","11204","In Progress","40.61883028748746","-73.99328214611717"
"70027091","2026-08-11T23:19:50.000",,"UNSANITARY CONDITION","PESTS","BRONX","10461","Open","40.84507541899949","-73.8277849032283"
"70028383","2026-08-11T23:19:50.000",,"Curb Condition","Defacement","QUEENS","11369","In Progress","40.7608890221479","-73.86716119014986"
"70035412","2026-08-11T23:19:43.000",,"Noise","Construction Equipment","BROOKLYN","11203","In Progress","40.65355262588382","-73.94502547802472"
"70034222","2026-08-11T23:19:39.000","2026-08-12T00:25:24.000","Noise - Residential","Loud Music/Party","BROOKLYN","11211","Closed","40.71752197015857","-73.95723787717327"
"70038081","2026-08-11T23:19:33.000",,"Illegal Dumping","Removal Request","BRONX","10463","In Progress","40.87731123620782","-73.90896543317626"
"70029026","2026-08-11T23:19:26.000","2026-08-11T23:57:55.000","Illegal Parking","Posted Parking Sign Violation","BRONX","10455","Closed","40.81913994843365","-73.91253508141854"
"70029825","2026-08-11T23:18:56.000",,"Taxi Complaint","Driver Complaint - Passenger","QUEENS","11430","In Progress","40.64832048620134","-73.78828125130184"
"70035609","2026-08-11T23:18:37.000","2026-08-11T23:48:18.000","Noise - Residential","Loud Music/Party","BROOKLYN","11225","Closed","40.670228022278586","-73.9604873234086"
"70028141","2026-08-11T23:18:04.000",,"Noise - Residential","Loud Talking","BROOKLYN","11229","In Progress","40.59802408790666","-73.9543076196607"
"70030621","2026-08-11T23:17:42.000",,"Illegal Dumping","Removal Request","BROOKLYN","11223","In Progress","40.5917661718679","-73.97217451227301"
"70032022","2026-08-11T23:17:34.000","2026-08-12T00:07:14.000","Illegal Parking","Posted Parking Sign Violation","BRONX","10456","Closed","40.81950817438279","-73.90953947810873"
"70034314","2026-08-11T23:17:00.000",,"Street Light Condition","Street Light Out","STATEN ISLAND","10304","Open","40.63200083144877","-74.07821630550463"
"70030342","2026-08-11T23:16:59.000",,"Blocked Driveway","No Access","QUEENS","11378","In Progress","40.71611376396088","-73.90611937721584"
"70028755","2026-08-11T23:16:26.000",,"Overgrown Tree/Branches","Hitting Building","QUEENS","11412","In Progress","40.69941410347681","-73.76268643358082"
"70037104","2026-08-11T23:16:22.000","2026-08-12T01:05:31.000","Noise - Residential","Banging/Pounding","BROOKLYN","11203","Closed","40.64962234512845","-73.94554765354334"
"70030387","2026-08-11T23:16:20.000",,"Illegal Parking","Posted Parking Sign Violation","QUEENS","11377","In Progress","40.7371442893241","-73.91709195342224"
"70035856","2026-08-11T23:16:18.000",,"Indoor Air Quality","Chemical Vapors/Gases/Odors","QUEENS","11354","In Progress","40.7642344506478","-73.81682478830226"
"70034749","2026-08-11T23:16:16.000",,"Noise - Residential","Loud Music/Party","BRONX","10454","In Progress","40.80809139818079","-73.92259182345386"
"70031187","2026-08-11T23:15:54.000",,"Sidewalk Condition","Blocked - Construction","BROOKLYN","11209","In Progress","40.614382289314825","-74.03171408219904"
"70037183","2026-08-11T23:15:48.000","2026-08-12T01:50:23.000","Illegal Parking","Blocked Hydrant","BROOKLYN","11220","Closed","40.64623419529996","-74.0076359136738"
"70026875","2026-08-11T23:15:46.000","2026-08-11T23:51:21.000","Illegal Parking","Double Parked Blocking Traffic","BROOKLYN","11216","Closed","40.688550621864756","-73.95631172854706"
"70031342","2026-08-11T23:15:37.000",,"Street Condition","Rough, Pitted or Cracked Roads","QUEENS","11355","In Progress","40.74294867841485","-73.82552274079517"
"70031952","2026-08-11T23:15:30.000","2026-08-11T23:17:01.000","Noise - Residential","Loud Music/Party","STATEN ISLAND","10314","Closed","40.60819714689271","-74.12306304628605"
"70028130","2026-08-11T23:15:26.000","2026-08-12T00:36:53.000","Blocked Driveway","No Access","BRONX","10467","Closed","40.87728511876898","-73.87516967051275"
"70030536","2026-08-11T23:15:16.000","2026-08-11T23:41:30.000","Illegal Parking","Blocked Hydrant","BRONX","10455","Closed","40.81857875069946","-73.91087028134818"
"70026279","2026-08-11T23:15:09.000","2026-08-11T23:15:09.000","Street Condition","Pothole","MANHATTAN","10033","Closed",,
"70026776","2026-08-11T23:14:52.000","2026-08-11T23:51:20.000","Noise - Residential","Banging/Pounding","BROOKLYN","11230","Closed","40.622055308707566","-73.95568883815213"
"70031025","2026-08-11T23:14:51.000","2026-08-11T23:44:57.000","Illegal Parking","Commercial Overnight Parking","BRONX","10466","Closed","40.89616318757953","-73.84369438598947"
"70032059","2026-08-11T23:14:45.000",,"Dirty Condition","Trash","BROOKLYN","11235","In Progress","40.57628078577156","-73.96500661788059"
"70027657","2026-08-11T23:14:44.000",,"Maintenance or Facility","Unsecured Facility","BRONX","10464","In Progress","40.86747358275403","-73.8094430998493"
"70036328","2026-08-11T23:14:21.000","2026-08-11T23:48:18.000","Illegal Parking","Commercial Overnight Parking","QUEENS","11421","Closed","40.69065684749187","-73.85202269669387"
"70029003","2026-08-11T23:14:12.000",,"Illegal Parking","Blocked Hydrant","MANHATTAN","10030","In Progress","40.82261580611525","-73.94542416165459"
"70033521","2026-08-11T23:13:41.000","2026-08-11T23:54:52.000","Blocked Driveway","No Access","BRONX","10455","Closed","40.81947658526739","-73.9112737268521"
"70033116","2026-08-11T23:13:31.000",,"FLOORING/STAIRS","FLOOR","BROOKLYN","11218","Open","40.636630507749054","-73.97516793587005"
"70028507","2026-08-11T23:13:31.000",,"UNSANITARY CONDITION","MOLD","BROOKLYN","11218","Open","40.636630507749054","-73.97516793587005"
"70037517","2026-08-11T23:13:31.000",,"PAINT/PLASTER","WALL","BROOKLYN","11218","Open","40.636630507749054","-73.97516793587005"
"70035907","2026-08-11T23:13:31.000",,"WATER LEAK","HEAVY FLOW","BROOKLYN","11218","Open","40.636630507749054","-73.97516793587005"
"70032910","2026-08-11T23:13:30.000",,"WATER LEAK","HEAVY FLOW","QUEENS","11435","Open","40.71330821603667","-73.8168276684868"
"70033071","2026-08-11T23:13:30.000",,"PAINT/PLASTER","CEILING","QUEENS","11435","Open","40.71330821603667","-73.8168276684868"
"70036608","2026-08-11T23:13:26.000",,"Illegal Dumping","Removal Request","QUEENS","11420","In Progress","40.681557114875226","-73.80866197749313"
"70028107","2026-08-11T23:13:22.000","2026-08-12T00:36:24.000","Noise - Street/Sidewalk","Loud Music/Party","BRONX","10457","Closed","40.8514016082275","-73.89040345130024"
"70033428","2026-08-11T23:12:58.000","2026-08-12T00:05:26.000","Non-Emergency Police Matter","Other (complaint details)","QUEENS","11372","Closed","40.75215676274358","-73.87339378295937"
"70035589","2026-08-11T23:12:41.000","2026-08-12T00:08:21.000","Illegal Parking","Commercial Overnight Parking","BROOKLYN","11219","Closed","40.62571166171605","-73.99823480547494"
"70036908","2026-08-11T23:12:41.000","2026-08-11T23:13:00.000","Water Maintenance","Fire Hydrant Running Full","MANHATTAN","10029","Closed","40.79525547483648","-73.94349993245301"
"70035039","2026-08-11T23:12:03.000",,"Dirty Condition","Trash","BROOKLYN","11219","In Progress","40.62003268221905","-73.99783151695193"
"70035524","2026-08-11T23:11:54.000",,"Noise - Residential","Banging/Pounding","BROOKLYN","11229","In Progress","40.59802408790666","-73.9543076196607"
"70035414","2026-08-11T23:11:46.000",,"Noise","Alarm","BROOKLYN","11230","In Progress","40.633702563124686","-73.96718506685441"
"70031005","2026-08-11T23:11:38.000","2026-08-11T23:32:06.000","Blocked Driveway","Partial Access","BRONX","10461","Closed","40.85246523888932","-73.83222995581158"
"70034292","2026-08-11T23:11:17.000",,"Curb Condition","Defacement","QUEENS","11369","In Progress","40.76029434301686","-73.86797095361649"
"70036312","2026-08-11T23:11:10.000","2026-08-11T23:28:14.000","Illegal Parking","Paper License Plates","QUEENS","11418","Closed","40.69088966663173","-73.8413557361975"
"70029453","2026-08-11T23:11:09.000",,"Water Maintenance","Fire Hydrant Running","MANHATTAN","10019","In Progress","40.77091474982287","-73.9887792114576"
"70035689","2026-08-11T23:11:07.000","2026-08-11T23:51:20.000","Noise - Street/Sidewalk","Loud Music/Party","BROOKLYN","11221","Closed","40.69028962650007","-73.94131714292246"
"70034998","2026-08-11T23:10:18.000","2026-08-12T01:26:32.000","Noise - Residential","Loud Talking","MANHATTAN","10033","Closed","40.85207391089936","-73.93331605427876"
"70036344","2026-08-11T23:10:14.000",,"Noise - Commercial","Loud Music/Party","QUEENS","11374","In Progress","40.722204555357074","-73.86724551240003"
"70028871","2026-08-11T23:09:37.000","2026-08-12T00:46:54.000","Illegal Parking","Blocked Hydrant","QUEENS","11417","Closed","40.67747837495425","-73.83336597956443"
"70036906","2026-08-11T23:09:33.000","2026-08-11T23:18:00.000","Water Maintenance","Fire Hydrant Running Full","BRONX","10457","Closed","40.84536978665942","-73.90388763248225"
"70034090","2026-08-11T23:09:24.000",,"Blocked Driveway","No Access","BROOKLYN","11236","In Progress","40.6479263854639","-73.89768550797338"
"70037050","2026-08-11T23:09:22.000",,"Illegal Parking","Blocked Crosswalk","BROOKLYN","11235","In Progress","40.58996041537112","-73.96351603957085"
"70031043","2026-08-11T23:09:09.000","2026-08-11T23:35:07.000","Illegal Parking","Blocked Hydrant","BRONX","10467","Closed","40.86626293322787","-73.86350515287381"
"70036916","2026-08-11T23:08:58.000",,"Water Maintenance","Fire Hydrant Running","BRONX","10459","In Progress","40.82534260470663","-73.88965868377021"
"70037279","2026-08-11T23:08:32.000",,"Taxi Complaint","Driver Complaint - Passenger","MANHATTAN","10018","In Progress","40.756192112317805","-73.99056478174674"
"70031065","2026-08-11T23:08:21.000","2026-08-11T23:17:01.000","Illegal Parking","Posted Parking Sign Violation","MANHATTAN","10014","Closed","40.731451203994","-74.00520295835949"
"70026907","2026-08-11T23:08:15.000","2026-08-12T00:17:21.000","Noise - Street/Sidewalk","Loud Music/Party","BROOKLYN","11211","Closed","40.713636081084886","-73.95914496662374"
"70036924","2026-08-11T23:07:42.000","2026-08-11T23:33:00.000","Water Maintenance","Dirty Water","BROOKLYN","11222","Closed","40.72343221835533","-73.94046179148624"
"70034748","2026-08-11T23:07:37.000",,"Noise - Residential","Loud Music/Party","BRONX","10454","In Progress","40.80809139818079","-73.92259182345386"
"70033468","2026-08-11T23:07:36.000","2026-08-11T23:12:09.000","Noise - Residential","Banging/Pounding","MANHATTAN","10001","Closed","40.75011282688794","-73.99632947923503"
"70031949","2026-08-11T23:07:32.000","2026-08-11T23:51:20.000","Animal-Abuse","Other (complaint details)","STATEN ISLAND","10314","Closed","40.585894139599695","-74.15391247400065"
"70033020","2026-08-11T23:07:32.000",,"PLUMBING","WATER SUPPLY","BROOKLYN","11222","Open","40.72343221835533","-73.94046179148624"
"70037483","2026-08-11T23:07:32.000",,"PLUMBING","WATER SUPPLY","BROOKLYN","11222","Open","40.72343221835533","-73.94046179148624"
"70031549","2026-08-11T23:07:29.000",,"PAINT/PLASTER","CEILING","BROOKLYN","11206","Open","40.7071389502689","-73.93976218978757"
"70034530","2026-08-11T23:07:29.000",,"PAINT/PLASTER","CEILING","BROOKLYN","11206","Open","40.7071389502689","-73.93976218978757"
"70027218","2026-08-11T23:07:28.000",,"HEAT/HOT WATER","APARTMENT ONLY","BRONX","10467","Open","40.87711548072548","-73.8731413778748"
"70035811","2026-08-11T23:07:28.000",,"Sidewalk Condition","Broken Sidewalk","STATEN ISLAND","10310","In Progress","40.62905754361744","-74.11515773062715"
"70029690","2026-08-11T23:07:27.000",,"Sidewalk Condition","Blocked - Construction","BROOKLYN","11209","In Progress","40.614382289314825","-74.03171408219904"
"70034855","2026-08-11T23:06:41.000","2026-08-11T23:21:51.000","Illegal Parking","Posted Parking Sign Violation","QUEENS","11357","Closed","40.799219528428914","-73.81894979797801"
"70030484","2026-08-11T23:06:37.000","2026-08-11T23:54:53.000","Panhandling","N/A","MANHATTAN","10036","Closed","40.755708713291305","-73.98720804480433"
"70028241","2026-08-11T23:06:24.000",,"Illegal Parking","Blocked Hydrant","BROOKLYN","11220","In Progress","40.638319693524295","-74.01881548471584"
"70029877","2026-08-11T23:06:00.000",,"Street Light Condition","Street Light Out","STATEN ISLAND","10314","Open","40.59264326141642","-74.19075198832238"
"70031831","2026-08-11T23:05:51.000",,"Illegal Parking","Blocked Hydrant","QUEENS","11385","In Progress","40.69809828301566","-73.89476670680459"
"70031141","2026-08-11T23:05:45.000",,"Illegal Parking","Commercial Overnight Parking","BROOKLYN","11209","In Progress","40.62569763778254","-74.03652871273634"
"70030530","2026-08-11T23:05:43.000","2026-08-11T23:17:01.000","Noise - Street/Sidewalk","Loud Music/Party","MANHATTAN","10033","Closed","40.855554050899116","-73.93797938496347"
"70032532","2026-08-11T23:05:36.000","2026-08-12T00:28:24.000","Noise - Street/Sidewalk","Loud Talking","BRONX","10463","Closed","40.87569173167496","-73.90209366576633"
"70027396","2026-08-11T23:05:34.000",,"Overgrown Tree/Branches","Blocking Street","QUEENS","11378","In Progress","40.71425521401752","-73.90569634236984"
"70028104","2026-08-11T23:05:25.000","2026-08-11T23:28:13.000","Illegal Parking","Blocked Hydrant","BRONX","10470","Closed","40.89898805734182","-73.86364774990085"
"70032601","2026-08-11T23:05:22.000",,"Illegal Parking","Blocked Hydrant","BROOKLYN","11204","In Progress","40.61559996130103","-73.97533424251202"
"70028139","2026-08-11T23:05:05.000",,"Illegal Parking","Blocked Crosswalk","BROOKLYN","11235","In Progress","40.58996041537112","-73.96351603957085"
"70036875","2026-08-11T23:04:57.000",,"Air Quality","Asbestos Disturbance","MANHATTAN","10021","In Progress","40.77255063062291","-73.96275530848123"
"70030341","2026-08-11T23:04:45.000",,"Illegal Parking","Blocked Hydrant","QUEENS","11385","In Progress","40.70001466277098","-73.88947661802442"
"70032434","2026-08-11T23:04:09.000",,"Noise","Boat","BROOKLYN","11249","In Progress","40.720293466151205","-73.96311640626834"
"70026454","2026-08-11T23:04:03.000","2026-08-11T23:13:55.000","Animal in a Park","Wildlife Sighting","MANHATTAN","10039","Closed","40.82335921058037","-73.93911501220083"
"70035521","2026-08-11T23:03:12.000","2026-08-11T23:12:58.000","Illegal Parking","Posted Parking Sign Violation","BROOKLYN","11235","Closed","40.58262418001802","-73.96551811047044"
"70036301","2026-08-11T23:03:08.000","2026-08-12T00:00:58.000","Noise - Residential","Banging/Pounding","QUEENS","11102","Closed","40.773895075196776","-73.93653904642775"
"70037929","2026-08-11T23:03:05.000","2026-08-12T00:05:45.000","Noise - Street/Sidewalk","Loud Music/Party","QUEENS","11372","Closed","40.75215676274358","-73.87339378295937"
"70037009","2026-08-11T23:02:26.000","2026-08-11T23:12:10.000","Noise - Residential","Banging/Pounding","BRONX","10466","Closed","40.890652703504344","-73.86155625299214"
"70030319","2026-08-11T23:01:35.000","2026-08-11T23:54:53.000","Noise - Residential","Banging/Pounding","QUEENS","11415","Closed","40.70766822944756","-73.82782970552944"
"70037676","2026-08-11T23:01:29.000",,"Rodent","Rat Sighting","BROOKLYN","11220","In Progress","40.642193352491354","-74.0133359156007"
"70030577","2026-08-11T23:01:23.000",,"Obstruction","Weeds or Grass","STATEN ISLAND","10309","In Progress","40.53209826916617","-74.22270759089413"
"70033397","2026-08-11T23:01:02.000",,"Noise - Street/Sidewalk","Loud Talking","QUEENS","11368","In Progress","40.748199757483604","-73.8645554838699"
"70036361","2026-08-11T23:00:54.000","2026-08-12T01:30:52.000","Illegal Parking","Blocked Hydrant","QUEENS","11385","Closed","40.704155273084986","-73.86749785686737"
"70036925","2026-08-11T23:00:37.000","2026-08-11T23:32:00.000","Water Maintenance","Dirty Water","BROOKLYN","11222","Closed","40.72343221835533","-73.94046179148624"
"70030546","2026-08-11T23:00:33.000",,"Maintenance or Facility","Rodent Sighting","MANHATTAN","10031","In Progress","40.818257660039535","-73.9526931998224"
"70028952","2026-08-11T23:00:15.000","2026-08-12T00:07:55.000","Illegal Parking","Blocked Hydrant","QUEENS","11372","Closed","40.74940700791442","-73.87383571361808"
"70031048","2026-08-11T22:59:59.000",,"Illegal Parking","Blocked Crosswalk","BRONX","10463","In Progress","40.8839135566847","-73.89442557307683"
"70029512","2026-08-11T22:59:55.000","2026-08-11T23:44:58.000","Noise - Residential","Banging/Pounding","BRONX","10451","Closed","40.82555561649529","-73.91421404014056"
"70032440","2026-08-11T22:59:27.000",,"Noise","Alarm","BROOKLYN","11211","In Progress","40.714901569531165","-73.94058845113439"
"70035462","2026-08-11T22:59:19.000","2026-08-11T23:12:29.000","Noise - Street/Sidewalk","Loud Music/Party","BRONX","10453","Closed","40.85702083207187","-73.9036141327912"
"70032489","2026-08-11T22:58:43.000",,"Noise - Street/Sidewalk","Loud Music/Party","BRONX","10453","In Progress","40.85182847973485","-73.92267466659253"
"70028521","2026-08-11T22:58:26.000",,"UNSANITARY CONDITION","GARBAGE/RECYCLING STORAGE","QUEENS","11413","Open","40.67941373375974","-73.74885897114783"
"70037064","2026-08-11T22:58:09.000",,"Illegal Parking","Blocked Hydrant","BROOKLYN","11228","In Progress","40.61693930705452","-74.00184060379817"
"70027332","2026-08-11T22:57:53.000",,"Rodent","Rat Sighting","QUEENS","11102","In Progress","40.771402451439734","-73.93106456660949"
"70029612","2026-08-11T22:57:12.000","2026-08-11T23:12:10.000","Noise - Residential","Banging/Pounding","BROOKLYN","11214","Closed","40.60496305025077","-73.98701364635416"
"70032461","2026-08-11T22:56:53.000","2026-08-11T23:44:58.000","Noise - Residential","Banging/Pounding","BRONX","10451","Closed","40.82555561649529","-73.91421404014056"
"70029774","2026-08-11T22:56:07.000","2026-08-11T23:25:12.000","Noise - Commercial","Loud Music/Party","BROOKLYN","11211","Closed","40.71260829164046","-73.93793203665729"
"70030406","2026-08-11T22:55:53.000","2026-08-11T22:57:54.000","Noise - Residential","Banging/Pounding","QUEENS","11354","Closed","40.762989179717856","-73.83177668461502"
"70037026","2026-08-11T22:55:26.000",,"Illegal Parking","Blocked Hydrant","BRONX","10471","In Progress","40.889429996015494","-73.90016379806717"
"70031482","2026-08-11T22:55:16.000",,"UNSANITARY CONDITION","GARBAGE/RECYCLING STORAGE","QUEENS","11413","Open","40.67941373375974","-73.74885897114783"
"70030677","2026-08-11T22:55:14.000",,"Residential Disposal Complaint","Waste Left in Front of Other Residence","BRONX","10459","In Progress","40.829098657992446","-73.89697692220842"
"70032508","2026-08-11T22:55:09.000","2026-08-11T23:32:01.000","Noise - Residential","Loud Television","BRONX","10460","Closed","40.84453717246229","-73.87947430159765"
"70026461","2026-08-11T22:55:00.000","2026-08-12T02:26:00.000","Derelict Vehicles","Derelict Vehicles","QUEENS","11420","Closed","40.66877223812243","-73.82434696592304"
"70031334","2026-08-11T22:55:00.000",,"Street Light Condition","Street Light Out","QUEENS","11357","Open","40.78308845107513","-73.81878422491926"
"70029747","2026-08-11T22:54:59.000","2026-08-11T23:13:02.000","Noise - Residential","Loud Music/Party","BROOKLYN","11217","Closed","40.68552441381853","-73.98123970346732"
"70031071","2026-08-11T22:54:54.000",,"Noise - Residential","Banging/Pounding","BROOKLYN","11229","In Progress","40.60223728814095","-73.95414628474423"
"70027563","2026-08-11T22:54:53.000","2026-08-12T01:18:53.000","Illegal Parking","Commercial Overnight Parking","QUEENS","11106","Closed","40.75895855896019","-73.92783959333553"
"70035175","2026-08-11T22:54:34.000","2026-08-11T22:54:34.000","Street Condition","Pothole","QUEENS","11385","Closed","40.7126973856682","-73.90059444155973"
"70036987","2026-08-11T22:54:24.000","2026-08-11T23:17:11.000","Noise - Vehicle","Car/Truck Music","BRONX","10461","Closed","40.83606917025471","-73.8425598878609"
"70029045","2026-08-11T22:54:16.000",,"Maintenance or Facility","Garbage or Litter","QUEENS","11370","In Progress","40.76769362426219","-73.89703580937886"
"70027355","2026-08-11T22:54:14.000",,"Damaged Tree","Branch Cracked and Will Fall","BRONX","10470","In Progress","40.903285701146224","-73.85422984814805"
"70037040","2026-08-11T22:53:49.000","2026-08-11T23:17:59.000","Noise - Residential","Loud Music/Party","BRONX","10467","Closed","40.87864420954078","-73.878175751956"
"70030855","2026-08-11T22:53:37.000","2026-08-11T23:34:04.000","Violation of Park Rules","Unlicensed Vendors","QUEENS","11102","Closed","40.777312121014575","-73.92279730348663"
"70029492","2026-08-11T22:53:24.000",,"Noise","Construction","MANHATTAN","10023","In Progress","40.774948472165164","-73.98086068102444"
"70036421","2026-08-11T22:53:13.000",,"Noise - Street/Sidewalk","Loud Talking","QUEENS","11373","In Progress","40.742651985259975","-73.8841046132978"
"70031911","2026-08-11T22:53:11.000","2026-08-11T23:08:50.000","Noise - Commercial","Loud Music/Party","QUEENS","11412","Closed","40.692751761939256","-73.75836122208005"
"70036465","2026-08-11T22:52:48.000","2026-08-12T00:28:38.000","Illegal Parking","Unauthorized Bus Layover","QUEENS","11103","Closed","40.76796378768823","-73.91168170736596"
"70035491","2026-08-11T22:52:41.000","2026-08-11T23:35:08.000","Illegal Parking","Paper License Plates","BRONX","10462","Closed","40.84450118619479","-73.86205348930018"
"70031144","2026-08-11T22:52:38.000","2026-08-11T23:12:10.000","Illegal Parking","Blocked Hydrant","BROOKLYN","11220","Closed","40.63678701632885","-74.02457270378922"
"70033970","2026-08-11T22:52:37.000",,"Illegal Parking","Commercial Overnight Parking","BRONX","10472","In Progress","40.83147501132957","-73.85997016400583"
"70037238","2026-08-11T22:52:31.000","2026-08-11T23:57:17.000","Illegal Parking","Commercial Overnight Parking","BROOKLYN","11206","Closed","40.69991419966989","-73.95013725596957"
"70028916","2026-08-11T22:52:30.000","2026-08-11T22:57:28.000","Noise - Commercial","Loud Music/Party","QUEENS","11361","Closed","40.76352258807342","-73.7717065858313"
"70031029","2026-08-11T22:52:25.000","2026-08-11T23:05:11.000","Encampment","N/A","BRONX","10457","Closed","40.84865498606118","-73.9003984941899"
"70032510","2026-08-11T22:52:23.000","2026-08-11T23:22:07.000","Illegal Parking","Blocked Hydrant","BRONX","10460","Closed","40.83909968750864","-73.87667607763363"
"70031207","2026-08-11T22:52:18.000","2026-08-12T01:50:23.000","Illegal Parking","Blocked Hydrant","BROOKLYN","11220","Closed","40.64623419529996","-74.0076359136738"
"70035906","2026-08-11T22:52:14.000",,"WATER LEAK","HEAVY FLOW","BRONX","10456","Open","40.830764847529764","-73.91765102879948"
"70031481","2026-08-11T22:52:13.000",,"UNSANITARY CONDITION","GARBAGE/RECYCLING STORAGE","QUEENS","11413","Open","40.67941373375974","-73.74885897114783"
"70028084","2026-08-11T22:51:53.000",,"Noise - Residential","Banging/Pounding","BRONX","10453","In Progress","40.84540276794456","-73.91077651116483"
"70037283","2026-08-11T22:51:50.000",,"Lost Property","Other","STATEN ISLAND","10304","In Progress","40.591627941183624","-74.10533195075232"
"70031693","2026-08-11T22:51:30.000",,"Rodent","Rat Sighting","BROOKLYN","11238","In Progress","40.67392107462569","-73.96456604316408"
"70032544","2026-08-11T22:51:27.000","2026-08-12T01:27:36.000","Noise - Residential","Banging/Pounding","BRONX","10467","Closed","40.876341218512614","-73.88061716918874"
"70035492","2026-08-11T22:51:24.000","2026-08-11T23:38:26.000","Illegal Parking","Paper License Plates","BRONX","10462","Closed","40.84450118619479","-73.86205348930018"
"70034913","2026-08-11T22:51:19.000","2026-08-12T00:28:24.000","Traffic","Drag Racing","QUEENS","11103","Closed","40.76796378768823","-73.91168170736596"
"70036395","2026-08-11T22:51:03.000","2026-08-12T00:13:29.000","Blocked Driveway","No Access","QUEENS","11104","Closed","40.749209616856916","-73.92012664215164"
"70032438","2026-08-11T22:50:52.000",,"Noise","Alarm","BRONX","10473","In Progress","40.8198786241704","-73.8577689862912"
"70027425","2026-08-11T22:50:37.000",,"Noise - Residential","Loud Music/Party","MANHATTAN","10009","In Progress","40.722661050411865","-73.9810416503823"
"70026961","2026-08-11T22:50:32.000",,"Curb Condition","Broken Curb","MANHATTAN","10128","In Progress","40.783626999858484","-73.95163089902023"
"70029889","2026-08-11T22:50:11.000",,"Street Sign - Dangling","Other/Unknown","QUEENS","11412","In Progress","40.69006017267371","-73.76017033444515"
"70028382","2026-08-11T22:49:55.000",,"Curb Condition","Defacement","QUEENS","11369","In Progress","40.75877620736943","-73.86771767848612"
"70027557","2026-08-11T22:49:42.000","2026-08-12T00:20:48.000","Noise - Vehicle","Engine Idling","QUEENS","11103","Closed","40.75467166407535","-73.91256559006712"
"70028817","2026-08-11T22:49:34.000","2026-08-11T23:08:41.000","Noise - Commercial","Loud Talking","QUEENS","11692","Closed","40.59068844290121","-73.79615836783032"
"70029429","2026-08-11T22:49:27.000",,"Water Maintenance","Fire Hydrant Running Full","BRONX","10453","In Progress","40.85667684296216","-73.90927202760555"
"70028116","2026-08-11T22:49:21.000","2026-08-11T23:35:08.000","Illegal Parking","Double Parked Blocking Traffic","BRONX","10462","Closed","40.8446812959928","-73.86118568373384"
"70027699","2026-08-11T22:49:20.000",,"Obstruction","Cone","BRONX","10466","In Progress","40.89072038839444","-73.84567110882281"
"70030001","2026-08-11T22:49:14.000",,"UNSANITARY CONDITION","MOLD","BRONX","10460","Open","40.838353718282725","-73.86731731471302"
"70035511","2026-08-11T22:49:13.000","2026-08-11T23:13:13.000","Noise - Residential","Banging/Pounding","BRONX","10467","Closed","40.879455089466134","-73.88196764897191"
"70032718","2026-08-11T22:49:12.000","2026-08-11T23:13:54.000","Noise - Street/Sidewalk","Loud Music/Party","BROOKLYN","11221","Closed","40.69326736609261","-73.92223109941975"
"70033363","2026-08-11T22:49:08.000","2026-08-12T00:04:39.000","Noise - Residential","Loud Music/Party","QUEENS","11365","Closed","40.73410221047962","-73.80492443747828"
"70033887","2026-08-11T22:49:00.000",,"Water Maintenance","Fire Hydrant Running Full","BRONX","10460","In Progress","40.836126784883014","-73.88986124193542"
"70034398","2026-08-11T22:48:53.000",,"UNSANITARY CONDITION","PESTS","BRONX","10451","Open","40.82609135732715","-73.92692489492474"
"70037008","2026-08-11T22:48:42.000","2026-08-11T22:55:43.000","Noise - Residential","Loud Music/Party","BRONX","10470","Closed","40.89550074900477","-73.8769150566095"
"70029058","2026-08-11T22:48:39.000",,"Residential Disposal Complaint","Bin Not Used","BROOKLYN","11221","In Progress","40.69818744416061","-73.92441081157058"
"70034032","2026-08-11T22:48:23.000","2026-08-11T23:21:30.000","Illegal Parking","Blocked Hydrant","BRONX","10467","Closed","40.875277166235705","-73.88147967869205"
"70033314","2026-08-11T22:48:18.000","2026-08-11T22:55:43.000","Blocked Driveway","Partial Access","QUEENS","11419","Closed","40.69067608192854","-73.83204206528937"
"70032773","2026-08-11T22:48:15.000","2026-08-11T23:34:31.000","Encampment","N/A","QUEENS",,"Closed","40.74378038799643","-73.92401624504491"
"70037871","2026-08-11T22:47:31.000","2026-08-12T01:22:03.000","Illegal Parking","Commercial Overnight Parking","QUEENS","11358","Closed","40.76265663614406","-73.79896757313031"
"70034153","2026-08-11T22:47:28.000","2026-08-12T01:50:23.000","Illegal Parking","Blocked Hydrant","BROOKLYN","11220","Closed","40.64623419529996","-74.0076359136738"
"70033963","2026-08-11T22:47:06.000",,"Noise - Street/Sidewalk","Loud Music/Party","BRONX","10456","In Progress","40.82835671130867","-73.90898905002798"
"70032186","2026-08-11T22:47:00.000","2026-08-11T23:50:00.000","Traffic Signal Condition","Controller","MANHATTAN","10009","Closed","40.73198239186119","-73.98196630142556"
"70036419","2026-08-11T22:46:30.000","2026-08-12T00:20:48.000","Illegal Parking","Posted Parking Sign Violation","QUEENS","11356","Closed","40.789330597826975","-73.84974855520584"
"70026278","2026-08-11T22:46:26.000",,"Street Condition","Pothole","MANHATTAN","10026","Open",,
"70031324","2026-08-11T22:46:22.000",,"Sidewalk Condition","Sidewalk Violation","QUEENS","11416","In Progress","40.68434942999152","-73.85863135509642"
"70026684","2026-08-11T22:46:15.000","2026-08-11T23:21:29.000","Illegal Parking","Posted Parking Sign Violation","BRONX","10467","Closed","40.87535950691355","-73.88147953191856"
"70030701","2026-08-11T22:46:06.000",,"Street Condition","Pothole","MANHATTAN","10031","Open",,
"70038007","2026-08-11T22:46:01.000","2026-08-11T23:08:36.000","Noise - Commercial","Loud Music/Party","MANHATTAN","10040","Closed","40.85388095290614","-73.9304079459545"
"70037046","2026-08-11T22:46:01.000","2026-08-11T23:01:40.000","Noise - Residential","Loud Talking","MANHATTAN","10014","Closed","40.73405052559185","-74.00424696315969"
"70036138","2026-08-11T22:45:45.000",,"APPLIANCE","ELECTRIC/GAS RANGE","BRONX","10472","Open","40.826641066911016","-73.88156992273191"
"70029609","2026-08-11T22:45:01.000",,"Illegal Parking","Blocked Hydrant","BROOKLYN","11204","In Progress","40.61883028748746","-73.99328214611717"
"70031019","2026-08-11T22:45:01.000","2026-08-11T22:52:35.000","Noise - Street/Sidewalk","Loud Music/Party","BRONX","10470","Closed","40.89367088202935","-73.88032200709146"
"70032669","2026-08-11T22:44:45.000",,"Street Condition","Cave-in","QUEENS","11413","In Progress","40.6778859835775","-73.74560916452013"
"70026579","2026-08-11T22:44:44.000",,"Noise","Dog","BROOKLYN","11216","In Progress","40.67263470334773","-73.95198897690034"
"70027287","2026-08-11T22:44:30.000","2026-08-11T22:55:37.000","Homeless Person Assistance","Non-Chronic","MANHATTAN",,"Closed","40.7328475654446","-73.98612274808997"
"70030366","2026-08-11T22:44:29.000","2026-08-11T23:01:21.000","Noise - Commercial","Car/Truck Music","QUEENS","11420","Closed","40.68207650568638","-73.81577412091511"
"70034886","2026-08-11T22:44:10.000","2026-08-11T23:12:11.000","Noise - Commercial","Loud Music/Party","QUEENS","11412","Closed","40.69959560430037","-73.75628434988286"
"70028145","2026-08-11T22:44:02.000",,"Blocked Driveway","No Access","BROOKLYN","11229","In Progress","40.59515514822922","-73.93104487831071"
"70029584","2026-08-11T22:44:00.000","2026-08-11T23:41:56.000","Noise - Street/Sidewalk","Loud Talking","BRONX","10468","Closed","40.86368677809373","-73.8962111194186"
"70037335","2026-08-11T22:44:00.000",,"Street Light Condition","Street Light Out","QUEENS","11436","Open","40.677195366441445","-73.79727115561838"
"70028834","2026-08-11T22:43:55.000","2026-08-11T23:35:07.000","Blocked Driveway","No Access","QUEENS","11419","Closed","40.68796375365788","-73.83170634557545"
"70031828","2026-08-11T22:43:33.000",,"Illegal Parking","Posted Parking Sign Violation","QUEENS","11385","In Progress","40.704297541284014","-73.89056595025376"
"70035692","2026-08-11T22:43:29.000","2026-08-11T23:41:30.000","Illegal Parking","Posted Parking Sign Violation","BROOKLYN","11206","Closed","40.695868757039705","-73.94487518686955"
"70026760","2026-08-11T22:43:19.000","2026-08-11T22:44:29.000","Illegal Parking","Blocked Sidewalk","BROOKLYN","11226","Closed","40.64888348069571","-73.950474500215"
"70035102","2026-08-11T22:43:12.000",,"Dirty Condition","Trash","BROOKLYN","11229","In Progress","40.611014401622754","-73.95231782352565"
"70029643","2026-08-11T22:42:59.000","2026-08-11T23:54:52.000","Noise - Residential","Banging/Pounding","BROOKLYN","11219","Closed","40.63196133126944","-74.0072595919643"
"70034922","2026-08-11T22:42:49.000","2026-08-12T00:11:24.000","Illegal Parking","Blocked Hydrant","QUEENS","11368","Closed","40.75191371462212","-73.86481862753726"
"70034136","2026-08-11T22:42:47.000",,"Street Condition","Cave-in","QUEENS","11413","In Progress","40.6787829478052","-73.74410953520565"
"70031557","2026-08-11T22:42:42.000",,"HEAT/HOT WATER","ENTIRE BUILDING","BROOKLYN","11206","Open","40.7071389502689","-73.93976218978757"
"70037555","2026-08-11T22:42:42.000",,"GENERAL","COOKING GAS","BROOKLYN","11206","Open","40.7071389502689","-73.93976218978757"
"70030562","2026-08-11T22:42:21.000",,"Residential Disposal Complaint","Bin Not Used","BRONX","10459","In Progress","40.82913714527328","-73.89704551824116"
"70028127","2026-08-11T22:42:11.000","2026-08-11T23:12:11.000","Noise - Street/Sidewalk","Loud Music/Party","BRONX","10468","Closed","40.85988673093513","-73.90413055721098"
"70028249","2026-08-11T22:42:09.000","2026-08-11T23:28:13.000","Noise - Street/Sidewalk","Loud Music/Party","BROOKLYN","11207","Closed","40.65865125900525","-73.88426496691983"
"70029865","2026-08-11T22:42:00.000",,"Street Light Condition","Street Light Out","BROOKLYN","11235","Open","40.5859350021097","-73.95188929371534"
"70036976","2026-08-11T22:41:50.000",,"Illegal Parking","Blocked Hydrant","BRONX","10472","In Progress","40.83342849023004","-73.86865697421297"
"70034045","2026-08-11T22:41:48.000",,"Illegal Parking","Commercial Overnight Parking","BROOKLYN","11235","In Progress","40.59125382087866","-73.9573043336706"
"70035728","2026-08-11T22:41:43.000",,"Noise - Commercial","Loud Music/Party","MANHATTAN","10009","In Progress","40.723023619225195","-73.98269748062665"
"70033406","2026-08-11T22:41:40.000","2026-08-12T00:00:57.000","Noise - Residential","Loud Music/Party","QUEENS","11375","Closed","40.72552494065698","-73.8509134310012"
"70031939","2026-08-11T22:41:32.000","2026-08-12T00:05:25.000","Non-Emergency Police Matter","Other (complaint details)","QUEENS","11372","Closed","40.75215676274358","-73.87339378295937"
"70031251","2026-08-11T22:41:29.000","2026-08-12T00:24:45.000","Noise - Street/Sidewalk","Loud Music/Party","MANHATTAN","10009","Closed","40.727201374138566","-73.98433439348193"
"70037186","2026-08-11T22:41:14.000","2026-08-11T22:48:52.000","Noise - Residential","Loud Music/Party","BROOKLYN","11212","Closed","40.6573406861479","-73.90368639243069"
"70028327","2026-08-11T22:41:03.000",,"Smoking or Vaping","Allowed in Smoke Free Area","QUEENS","11415","In Progress","40.711331480881114","-73.8271529351623"
"70036320","2026-08-11T22:41:01.000","2026-08-11T22:48:52.000","Noise - Street/Sidewalk","Loud Music/Party","QUEENS","11419","Closed","40.686596842446264","-73.82983120813773"
"70027005","2026-08-11T22:41:00.000",,"Street Light Condition","Street Light Out","BROOKLYN","11204","Open","40.620718766760035","-73.99445266076155"
"70030904","2026-08-11T22:40:57.000",,"Water Maintenance","Fire Hydrant Defective","STATEN ISLAND","10312","In Progress","40.528013150134775","-74.16462108781819"
"70034192","2026-08-11T22:40:48.000","2026-08-11T23:28:49.000","Noise - Commercial","Loud Music/Party","BROOKLYN","11206","Closed","40.69931174032135","-73.93148893144362"
"70028930","2026-08-11T22:40:35.000","2026-08-11T23:18:19.000","Illegal Parking","Commercial Overnight Parking","QUEENS","11411","Closed","40.69702205435913","-73.74660361482701"
"70034805","2026-08-11T22:40:26.000","2026-08-11T23:57:55.000","Abandoned Vehicle","With License Plate","QUEENS","11428","Closed","40.72370433614186","-73.74551003079351"
"70028074","2026-08-11T22:40:21.000","2026-08-11T23:28:52.000","Noise - Street/Sidewalk","Loud Music/Party","BRONX","10451","Closed","40.824232542218056","-73.925918857235"
"70034366","2026-08-11T22:40:20.000",,"WATER LEAK","SLOW LEAK","BRONX","10468","Open","40.872514269918","-73.89993608937225"
"70035905","2026-08-11T22:40:20.000",,"WATER LEAK","HEAVY FLOW","BRONX","10468","Open","40.872514269918","-73.89993608937225"
"70031305","2026-08-11T22:40:05.000",,"Taxi Complaint","Driver Complaint - Passenger","QUEENS","11430","In Progress","40.64832048620134","-73.78828125130184"
"70028108","2026-08-11T22:40:00.000","2026-08-12T01:40:20.000","Noise - Residential","Loud Talking","BRONX","10457","Closed","40.848196776033596","-73.88576049783704"
"70028122","2026-08-11T22:39:48.000","2026-08-11T22:44:04.000","Noise - Street/Sidewalk","Loud Music/Party","BRONX","10467","Closed","40.889176136507665","-73.87869895902735"
"70029623","2026-08-11T22:39:24.000",,"Illegal Parking","Posted Parking Sign Violation","BROOKLYN","11230","In Progress","40.62743760192467","-73.97249107308969"
"70032594","2026-08-11T22:39:23.000",,"Illegal Parking","Blocked Crosswalk","BROOKLYN","11219","In Progress","40.64386000561555","-73.9931390928215"
"70032452","2026-08-11T22:39:22.000","2026-08-12T01:08:45.000","Noise - Street/Sidewalk","Loud Music/Party","BRONX","10459","Closed","40.82667756525462","-73.8878787162169"
"70032555","2026-08-11T22:39:19.000","2026-08-11T22:56:25.000","Noise - House of Worship","Loud Music/Party","BROOKLYN","11235","Closed","40.582668093603374","-73.96550728744873"
"70034072","2026-08-11T22:38:48.000",,"Abandoned Vehicle","With License Plate","BROOKLYN","11218","In Progress",,
"70034926","2026-08-11T22:38:43.000","2026-08-11T23:17:06.000","Noise - Residential","Loud Music/Party","STATEN ISLAND","10314","Closed","40.60819714689271","-74.12306304628605"
"70036973","2026-08-11T22:38:38.000",,"Noise - Street/Sidewalk","Loud Music/Party","BRONX","10473","In Progress","40.81453269100977","-73.86528029967498"
"70037858","2026-08-11T22:38:32.000","2026-08-11T23:51:37.000","Noise - Residential","Loud Television","QUEENS","11104","Closed","40.74662326157437","-73.91516739893174"
"70033985","2026-08-11T22:38:08.000","2026-08-12T00:46:39.000","Illegal Parking","Double Parked Blocking Traffic","BRONX","10452","Closed","40.835587992644584","-73.92680605006478"
"70028097","2026-08-11T22:38:04.000","2026-08-11T22:48:54.000","Noise - Residential","Loud Music/Party","BRONX","10470","Closed","40.89550074900477","-73.8769150566095"
"70032837","2026-08-11T22:38:00.000",,"Street Light Condition","Street Light Out","BRONX","10469","Open","40.86964901532218","-73.84540183479774"
"70028128","2026-08-11T22:37:39.000","2026-08-12T01:28:53.000","Noise - Residential","Banging/Pounding","BRONX","10467","Closed","40.87926479342878","-73.87333978296894"
"70032465","2026-08-11T22:37:11.000",,"Noise - Street/Sidewalk","Loud Music/Party","BRONX","10473","In Progress","40.81453269100977","-73.86528029967498"
"70028831","2026-08-11T22:37:03.000","2026-08-11T23:01:21.000","Noise - Residential","Loud Music/Party","QUEENS","11419","Closed","40.69074121543941","-73.81714929281131"
"70037706","2026-08-11T22:36:49.000",,"Damaged Tree","Branch or Limb Has Fallen Down","BROOKLYN","11216","In Progress","40.681907699684416","-73.94251793093385"
"70027651","2026-08-11T22:36:42.000","2026-08-11T23:16:59.000","Noise - Residential","Banging/Pounding","MANHATTAN","10033","Closed","40.85140685894864","-73.9380808478241"
"70026886","2026-08-11T22:36:29.000","2026-08-11T23:21:31.000","Noise - Vehicle","Engine Idling","BROOKLYN","11221","Closed","40.68953297824623","-73.91618477587512"
"70027492","2026-08-11T22:36:24.000","2026-08-11T23:21:30.000","Illegal Parking","Commercial Overnight Parking","QUEENS","11411","Closed","40.69561561191934","-73.7448563324146"
"70031060","2026-08-11T22:36:21.000","2026-08-11T23:54:52.000","Noise - Residential","Banging/Pounding","BRONX","10468","Closed","40.867448520345796","-73.89484219121624"
"70031912","2026-08-11T22:36:19.000","2026-08-11T22:52:31.000","Blocked Driveway","No Access","QUEENS","11434","Closed","40.668789263628895","-73.7771279890639"
"70037721","2026-08-11T22:36:13.000",,"Overgrown Tree/Branches","Hitting Building","QUEENS","11368","In Progress","40.73996623287614","-73.86518207825458"
"70031900","2026-08-11T22:36:05.000","2026-08-11T22:56:35.000","Noise - Commercial","Loud Talking","QUEENS","11368","Closed","40.74301336689427","-73.86557287851944"
"70027947","2026-08-11T22:35:56.000",,"Highway Condition","Litter","BROOKLYN",,"In Progress",,
"70027431","2026-08-11T22:35:45.000","2026-08-11T23:17:00.000","Noise - Street/Sidewalk","Loud Music/Party","BRONX","10456","Closed","40.83694066292417","-73.90374441298103"
"70037110","2026-08-11T22:35:26.000","2026-08-11T22:39:39.000","Illegal Parking","Blocked Sidewalk","BROOKLYN","11226","Closed","40.64888348069571","-73.950474500215"
"70036865","2026-08-11T22:35:23.000",,"Lead","Lead Kit","BROOKLYN","11201","In Progress","40.68871247752356","-73.99423425942734"
"70037887","2026-08-11T22:35:15.000","2026-08-11T23:08:36.000","Illegal Parking","Commercial Overnight Parking","QUEENS","11361","Closed","40.76662949211277","-73.77024829693454"
"70028841","2026-08-11T22:34:55.000","2026-08-11T23:17:01.000","Noise - Residential","Banging/Pounding","QUEENS","11435","Closed","40.70525940726069","-73.80771029332841"
"70032859","2026-08-11T22:34:52.000",,"Standing Water","Container - Under 5 Gallons","BROOKLYN","11216","In Progress","40.681133727934395","-73.94262676105018"
"70037230","2026-08-11T22:34:50.000","2026-08-12T00:24:44.000","Noise - Commercial","Loud Music/Party","MANHATTAN","10009","Closed","40.727201374138566","-73.98433439348193"
"70028098","2026-08-11T22:34:42.000","2026-08-11T22:48:54.000","Noise - Residential","Loud Music/Party","BRONX","10470","Closed","40.89550074900477","-73.8769150566095"
"70036982","2026-08-11T22:34:20.000","2026-08-12T00:06:40.000","Noise - Residential","Loud Music/Party","BRONX","10456","Closed","40.8338655128177","-73.9127470003725"
"70036484","2026-08-11T22:34:17.000","2026-08-11T23:28:14.000","Illegal Parking","Commercial Overnight Parking","STATEN ISLAND","10305","Closed","40.59124478514636","-74.08014168557227"
"70030013","2026-08-11T22:34:09.000",,"UNSANITARY CONDITION","GARBAGE/RECYCLING STORAGE","BRONX","10453","Open","40.85400635484325","-73.90597896864712"
"70037774","2026-08-11T22:34:06.000","2026-08-11T23:16:59.000","Noise - Residential","Loud Music/Party","BRONX","10456","Closed","40.83694066292417","-73.90374441298103"
"70028393","2026-08-11T22:34:00.000",,"Street Light Condition","Street Light Out","STATEN ISLAND","10305","Open","40.59141992481493","-74.08470384260231"
"70030503","2026-08-11T22:33:53.000","2026-08-11T22:57:27.000","Noise - Street/Sidewalk","Loud Music/Party","MANHATTAN","10024","Closed","40.78604161852098","-73.97522415643043"
"70031612","2026-08-11T22:33:44.000",,"ELECTRIC","NO LIGHTING","MANHATTAN","10002","Open","40.718045487008105","-73.98993888199112"
"70030132","2026-08-11T22:33:44.000",,"DOOR/WINDOW","DOOR","MANHATTAN","10002","Open","40.718045487008105","-73.98993888199112"
"70033510","2026-08-11T22:33:44.000","2026-08-12T01:53:47.000","Illegal Parking","License Plate Obscured","MANHATTAN","10039","Closed","40.824880654151684","-73.94078654147792"
"70028520","2026-08-11T22:33:44.000",,"UNSANITARY CONDITION","GARBAGE/RECYCLING STORAGE","MANHATTAN","10002","Open","40.718045487008105","-73.98993888199112"
"70030860","2026-08-11T22:33:39.000",,"Highway Condition","Litter","BROOKLYN",,"In Progress",,
"70037165","2026-08-11T22:33:25.000",,"Street Condition","Defective Hardware","QUEENS","11413","In Progress","40.66547829718579","-73.74878888310242"
"70028932","2026-08-11T22:33:16.000","2026-08-11T22:43:51.000","Illegal Parking","Commercial Overnight Parking","QUEENS","11411","Closed","40.6946894410487","-73.74556308178546"
"70028096","2026-08-11T22:32:40.000","2026-08-11T22:52:33.000","Noise - Street/Sidewalk","Loud Music/Party","BRONX","10470","Closed","40.89367088202935","-73.88032200709146"
"70029413","2026-08-11T22:32:40.000",,"Air Quality","Vehicle Idling Odor","MANHATTAN","10036","In Progress","40.75666417742652","-73.99019293432467"
"70032354","2026-08-11T22:32:38.000",,"Air Quality","Vehicle Idling Odor","MANHATTAN","10036","In Progress","40.75666417742652","-73.99019293432467"
"70027971","2026-08-11T22:32:36.000",,"Air Quality","Vehicle Idling Odor","MANHATTAN","10036","In Progress","40.75666417742652","-73.99019293432467"
"70036870","2026-08-11T22:32:35.000",,"Air Quality","Vehicle Idling Odor","MANHATTAN","10036","In Progress","40.75666417742652","-73.99019293432467"
"70035349","2026-08-11T22:32:33.000",,"Air Quality","Vehicle Idling Odor","MANHATTAN","10036","In Progress","40.75666417742652","-73.99019293432467"
"70033862","2026-08-11T22:32:31.000",,"Air Quality","Vehicle Idling Odor","MANHATTAN","10036","In Progress","40.75666417742652","-73.99019293432467"
"70037253","2026-08-11T22:32:18.000",,"Smoking or Vaping","Allowed in Smoke Free Area","BRONX","10461","In Progress","40.850984672254974","-73.85571803255091"
"70028904","2026-08-11T22:31:59.000","2026-08-11T23:25:11.000","Noise - Residential","Banging/Pounding","QUEENS","11355","Closed","40.758432312270216","-73.82224796017576"
"70035699","2026-08-11T22:31:57.000","2026-08-11T23:31:57.000","Illegal Parking","Blocked Crosswalk","BROOKLYN","11207","Closed","40.69094284118913","-73.90776668377842"
"70034965","2026-08-11T22:31:51.000","2026-08-11T22:45:21.000","Noise - Residential","Banging/Pounding","MANHATTAN","10029","Closed","40.79137088942126","-73.94190698929656"
"70037039","2026-08-11T22:31:43.000","2026-08-12T00:37:12.000","Noise - Residential","Loud Music/Party","BRONX","10467","Closed","40.87991826767398","-73.87608686147225"
"70036295","2026-08-11T22:31:39.000","2026-08-11T23:16:59.000","Noise - Residential","Loud Music/Party","BRONX","10456","Closed","40.83694066292417","-73.90374441298103"
"70030518","2026-08-11T22:31:33.000","2026-08-12T01:59:35.000","Illegal Parking","Blocked Hydrant","MANHATTAN","10032","Closed","40.83025813682852","-73.94193808001884"
"70034021","2026-08-11T22:31:32.000",,"Illegal Parking","Posted Parking Sign Violation","BRONX","10463","In Progress","40.878037622684","-73.90776027364585"
"70030452","2026-08-11T22:31:23.000","2026-08-11T22:45:09.000","Noise - Residential","Banging/Pounding","QUEENS","11372","Closed","40.75039214966556","-73.89554669418322"
"70035442","2026-08-11T22:31:12.000",,"Noise - Street/Sidewalk","Loud Music/Party","BRONX","10473","In Progress","40.81453269100977","-73.86528029967498"
"70030472","2026-08-11T22:30:51.000","2026-08-11T23:38:10.000","Illegal Parking","Posted Parking Sign Violation","STATEN ISLAND","10308","Closed","40.56360923363624","-74.14749073476231"
"70031049","2026-08-11T22:30:39.000","2026-08-11T22:44:03.000","Noise - Street/Sidewalk","Loud Music/Party","BRONX","10467","Closed","40.889176136507665","-73.87869895902735"
"70028513","2026-08-11T22:30:27.000",,"UNSANITARY CONDITION","GARBAGE/RECYCLING STORAGE","QUEENS","11413","Open","40.67941373375974","-73.74885897114783"
"70028961","2026-08-11T22:30:27.000","2026-08-11T23:01:21.000","Abandoned Vehicle","With License Plate","STATEN ISLAND","10314","Closed","40.611853424944044","-74.16264881045845"
"70029905","2026-08-11T22:30:27.000",,"UNSANITARY CONDITION","SEWAGE","QUEENS","11368","Open","40.738422833038676","-73.859873435939"
"70035931","2026-08-11T22:30:27.000",,"UNSANITARY CONDITION","PESTS","BRONX","10468","Open","40.87641347782852","-73.8869595453466"
"70037509","2026-08-11T22:30:27.000",,"PLUMBING","BASIN/SINK","QUEENS","11368","Open","40.738422833038676","-73.859873435939"
"70034350","2026-08-11T22:30:26.000",,"APPLIANCE","REFRIGERATOR","MANHATTAN","10026","Open","40.79930798322807","-73.95243577915605"
"70031186","2026-08-11T22:30:24.000",,"Street Condition","Blocked - Construction","BROOKLYN","11205","In Progress","40.69485750596371","-73.96239481798911"
"70034967","2026-08-11T22:30:19.000","2026-08-11T22:44:41.000","Noise - Residential","Banging/Pounding","MANHATTAN","10029","Closed","40.79106633520108","-73.9421275495852"
"70031110","2026-08-11T22:30:09.000","2026-08-12T01:21:53.000","Illegal Parking","Blocked Hydrant","BROOKLYN","11223","Closed","40.600137031590435","-73.98206313025878"
"70037870","2026-08-11T22:29:50.000","2026-08-12T00:24:45.000","Illegal Parking","Double Parked Blocking Traffic","QUEENS","11356","Closed","40.78496176104684","-73.856832478792"
"70030291","2026-08-11T22:29:22.000","2026-08-11T23:16:59.000","Noise - Residential","Loud Music/Party","BRONX","10456","Closed","40.83694066292417","-73.90374441298103"
"70029527","2026-08-11T22:29:10.000","2026-08-11T23:48:18.000","Noise - Street/Sidewalk","Loud Music/Party","BRONX","10452","Closed","40.834732374684876","-73.91965898060519"
"70032632","2026-08-11T22:29:09.000","2026-08-11T22:57:33.000","Noise - Street/Sidewalk","Loud Music/Party","MANHATTAN","10002","Closed","40.71492759801439","-73.99195941808324"
"70027693","2026-08-11T22:28:28.000",,"Dirty Condition","Trash","STATEN ISLAND","10306","In Progress","40.56565322275575","-74.11459133266868"
"70031317","2026-08-11T22:28:20.000",,"Consumer Complaint","Hotel or Motel","MANHATTAN","10036","In Progress","40.75866221848322","-73.98873795996684"
"70026804","2026-08-11T22:28:18.000",,"Sidewalk Condition","Blocked - Construction","BROOKLYN","11205","In Progress","40.69485750596371","-73.96239481798911"
"70032495","2026-08-11T22:28:16.000","2026-08-11T22:52:34.000","Noise - Street/Sidewalk","Loud Music/Party","BRONX","10470","Closed","40.89367088202935","-73.88032200709146"
"70028988","2026-08-11T22:27:50.000","2026-08-12T01:08:48.000","Noise - Street/Sidewalk","Loud Talking","MANHATTAN","10075","Closed","40.77008626836281","-73.9494348720922"
"70033511","2026-08-11T22:27:39.000",,"Noise - Street/Sidewalk","Loud Music/Party","MANHATTAN","10033","In Progress","40.845030647965864","-73.93759885030306"
"70037632","2026-08-11T22:27:23.000",,"APPLIANCE","ELECTRIC/GAS RANGE","BRONX","10475","Open","40.88314153966802","-73.83328447490193"
"70037723","2026-08-11T22:27:14.000",,"Overgrown Tree/Branches","Blocking Street","QUEENS","11363","In Progress","40.777948572869576","-73.75287794487363"
"70032881","2026-08-11T22:27:01.000",,"SAFETY","FIRE ESCAPE","MANHATTAN","10012","Open","40.72218492557877","-73.99525593692496"
"70037400","2026-08-11T22:26:45.000",,"WATER LEAK","SLOW LEAK","BRONX","10459","Open","40.823843862972296","-73.8895274818179"
"70033490","2026-08-11T22:26:41.000","2026-08-11T22:52:26.000","Noise - Residential","Banging/Pounding","MANHATTAN","10023","Closed","40.774948472165164","-73.98086068102444"
"70033241","2026-08-11T22:26:40.000",,"Damaged Tree","Tree Alive - in Poor Condition","BROOKLYN","11208","In Progress","40.67570192776623","-73.87902234347456"
"70031244","2026-08-11T22:26:38.000","2026-08-11T22:52:27.000","Noise - Residential","Banging/Pounding","BROOKLYN","11205","Closed","40.68834985728626","-73.9728625839709"
"70028709","2026-08-11T22:26:37.000",,"Rodent","Rat Sighting","MANHATTAN","10021","In Progress","40.7692110980623","-73.95720107779027"
"70038006","2026-08-11T22:26:32.000","2026-08-11T23:01:20.000","Noise - Residential","Banging/Pounding","MANHATTAN","10040","Closed","40.86425418825092","-73.9275915707643"
"70034365","2026-08-11T22:26:30.000",,"WATER LEAK","SLOW LEAK","BRONX","10459","Open","40.823843862972296","-73.8895274818179"
"70030022","2026-08-11T22:26:29.000",,"PLUMBING","WATER SUPPLY","BRONX","10463","Open","40.87588100783346","-73.9019668272674"
"70035978","2026-08-11T22:26:28.000",,"UNSANITARY CONDITION","GARBAGE/RECYCLING STORAGE","QUEENS","11413","Open","40.67941373375974","-73.74885897114783"
"70026617","2026-08-11T22:26:09.000",,"Noise - Street/Sidewalk","Loud Music/Party","BRONX","10473","In Progress","40.81453269100977","-73.86528029967498"
"70029573","2026-08-11T22:26:08.000","2026-08-11T22:44:00.000","Noise - Street/Sidewalk","Loud Music/Party","BRONX","10467","Closed","40.889176136507665","-73.87869895902735"
"70031782","2026-08-11T22:26:02.000","2026-08-11T23:05:11.000","Noise - Street/Sidewalk","Loud Music/Party","MANHATTAN","10026","Closed","40.799120608760695","-73.95069140272115"
"70033633","2026-08-11T22:25:59.000",,"Dirty Condition","Trash","QUEENS","11378","In Progress","40.71425521401752","-73.90569634236984"
"70027974","2026-08-11T22:25:57.000",,"Air Quality","Asbestos Disturbance","MANHATTAN","10019","In Progress","40.76457333094644","-73.98071204464773"
"70035745","2026-08-11T22:25:56.000",,"Smoking or Vaping","Allowed in Smoke Free Area","QUEENS","11369","In Progress","40.758396166697494","-73.87905263237421"
"70029894","2026-08-11T22:25:36.000",,"Indoor Air Quality","Chemical Vapors/Gases/Odors","BROOKLYN","11239","In Progress","40.65534689724927","-73.87415055085263"
"70034896","2026-08-11T22:25:32.000","2026-08-12T00:42:59.000","Illegal Parking","Posted Parking Sign Violation","QUEENS","11103","Closed","40.758359977564076","-73.91174497590043"
"70031204","2026-08-11T22:25:20.000","2026-08-11T23:57:55.000","Noise - Commercial","Banging/Pounding","BROOKLYN","11215","Closed","40.661772442690996","-73.99296784437688"
"70033331","2026-08-11T22:25:00.000",,"Illegal Parking","Commercial Overnight Parking","QUEENS","11373","In Progress","40.73220682214667","-73.88827220796699"
"70031972","2026-08-11T22:24:59.000","2026-08-11T22:49:25.000","Encampment","N/A","MANHATTAN","10016","Closed","40.74512463850905","-73.98453227710138"
"70036288","2026-08-11T22:24:47.000","2026-08-11T23:54:53.000","Illegal Parking","Blocked Hydrant","BROOKLYN","11205","Closed","40.69520428392374","-73.97619552234463"
"70030169","2026-08-11T22:24:43.000","2026-08-12T01:05:01.000","Homeless Person Assistance","Non-Chronic","QUEENS","11418","Closed","40.68995260105261","-73.84255512932104"
"70026768","2026-08-11T22:24:40.000","2026-08-11T22:55:44.000","Noise - Commercial","Loud Music/Party","MANHATTAN","10002","Closed","40.71482878510521","-73.99193778647712"
"70031092","2026-08-11T22:24:39.000",,"Blocked Driveway","No Access","BROOKLYN","11214","In Progress","40.59963005959192","-73.98841188349304"
"70035013","2026-08-11T22:24:31.000",,"Maintenance or Facility","Unsecured Facility","BRONX","10460","In Progress","40.83896986553091","-73.86609455735241"
"70030631","2026-08-11T22:24:25.000",,"Dirty Condition","Trash","STATEN ISLAND","10304","In Progress","40.588932914769636","-74.10187846274464"
"70031000","2026-08-11T22:24:21.000","2026-08-11T23:28:43.000","Illegal Parking","Blocked Hydrant","BRONX","10451","Closed","40.823870369614994","-73.92612159777369"
"70035009","2026-08-11T22:24:16.000","2026-08-11T23:31:58.000","Illegal Parking","Blocked Hydrant","BRONX","10454","Closed","40.805964744852396","-73.92335285760596"
"70031336","2026-08-11T22:24:00.000",,"Street Light Condition","Street Light Out","BRONX","10459","Open","40.83074313502604","-73.8885439839371"
"70028936","2026-08-11T22:23:42.000","2026-08-12T00:04:33.000","Noise - Commercial","Banging/Pounding","QUEENS","11105","Closed","40.779960793093636","-73.90785641717937"
"70027429","2026-08-11T22:23:39.000","2026-08-11T23:21:28.000","Noise - Residential","Loud Music/Party","MANHATTAN","10026","Closed","40.79845524146068","-73.94808779746673"
"70031151","2026-08-11T22:23:36.000","2026-08-11T22:55:44.000","Noise - Commercial","Loud Music/Party","MANHATTAN","10002","Closed","40.71482878510521","-73.99193778647712"
"70035894","2026-08-11T22:23:25.000",,"WATER LEAK","SLOW LEAK","BRONX","10459","Open","40.823843862972296","-73.8895274818179"
"70037404","2026-08-11T22:23:25.000",,"WATER LEAK","SLOW LEAK","BRONX","10459","Open","40.823843862972296","-73.8895274818179"
"70035654","2026-08-11T22:23:16.000","2026-08-11T22:31:27.000","Illegal Parking","Blocked Hydrant","BROOKLYN","11220","Closed","40.64623419529996","-74.0076359136738"
"70026669","2026-08-11T22:23:07.000","2026-08-12T00:25:07.000","Noise - Residential","Banging/Pounding","MANHATTAN","10013","Closed","40.71773026494201","-73.99818547206426"
"70032533","2026-08-11T22:23:06.000","2026-08-11T22:44:02.000","Noise - Street/Sidewalk","Loud Music/Party","BRONX","10467","Closed","40.889176136507665","-73.87869895902735"
"70035185","2026-08-11T22:23:00.000",,"Traffic Signal Condition","Push Button","BROOKLYN","11201","Open","40.69119387223839","-73.99776790104208"
"70035183","2026-08-11T22:23:00.000","2026-08-11T23:50:00.000","Traffic Signal Condition","Controller","MANHATTAN","10009","Assigned","40.73198239186119","-73.98196630142556"
"70037119","2026-08-11T22:22:59.000","2026-08-12T00:39:43.000","Illegal Parking","Blocked Hydrant","BROOKLYN","11228","Closed","40.61599755594015","-74.00833122608321"
"70035411","2026-08-11T22:22:57.000",,"Noise","Dog","MANHATTAN","10019","In Progress","40.766336778871214","-73.99181602989697"
"70029824","2026-08-11T22:22:34.000",,"For Hire Vehicle Complaint","Driver Complaint - Passenger","MANHATTAN","10014","In Progress","40.73694351297595","-74.00374557278059"
"70026878","2026-08-11T22:22:08.000","2026-08-11T22:33:26.000","Noise - Street/Sidewalk","Loud Music/Party","BROOKLYN","11221","Closed","40.6923804088903","-73.93989812877267"
"70035832","2026-08-11T22:22:00.000",,"Street Light Condition","Street Light Out","BRONX","10467","Open","40.88087405128089","-73.86212267186215"
"70033309","2026-08-11T22:21:41.000","2026-08-11T22:31:27.000","Noise - Residential","Loud Talking","QUEENS","11421","Closed","40.693016410628985","-73.86698989953335"
"70037731","2026-08-11T22:21:28.000",,"Dead/Dying Tree","Planted More Than 2 Years Ago","QUEENS","11362","In Progress","40.76145880768925","-73.72416183324692"
"70030602","2026-08-11T22:21:23.000",,"Missed Collection","Compost","QUEENS","11102","In Progress","40.77198561699363","-73.92865946883326"
"70034994","2026-08-11T22:20:52.000",,"Noise - Residential","Banging/Pounding","MANHATTAN","10032","In Progress","40.836729967046125","-73.94153852066452"
"70026607","2026-08-11T22:20:49.000","2026-08-11T23:44:56.000","Noise - Street/Sidewalk","Loud Music/Party","BRONX","10451","Closed","40.82368391165611","-73.91447298726317"
"70029031","2026-08-11T22:20:34.000",,"Maintenance or Facility","Structure - Outdoors","BROOKLYN","11213","In Progress","40.668548052882166","-73.92659283400302"
"70030991","2026-08-11T22:20:31.000","2026-08-11T23:51:20.000","Noise - Street/Sidewalk","Loud Music/Party","BRONX","10452","Closed","40.83073495266584","-73.92202706239397"
"70028445","2026-08-11T22:20:24.000",,"WATER LEAK","SLOW LEAK","BRONX","10459","Open","40.823843862972296","-73.8895274818179"
"70034932","2026-08-11T22:20:21.000","2026-08-11T23:28:34.000","Noise - Commercial","Car/Truck Horn","STATEN ISLAND","10306","Closed","40.5674611130397","-74.11276598978917"
"70036514","2026-08-11T22:19:40.000","2026-08-11T22:44:06.000","Noise - Residential","Banging/Pounding","MANHATTAN","10029","Closed","40.791362644307455","-73.94188532807934"
"70026830","2026-08-11T22:19:34.000","2026-08-12T00:06:57.000","Noise - Residential","Loud Music/Party","BROOKLYN","11215","Closed","40.66432230018632","-73.99231155236754"
"70036342","2026-08-11T22:19:33.000",,"Noise - Street/Sidewalk","Loud Music/Party","QUEENS","11379","In Progress","40.72162092581701","-73.86811972047373"
"70030963","2026-08-11T22:19:07.000",,"Noise","Construction","MANHATTAN","10023","In Progress","40.774948472165164","-73.98086068102444"
"70030859","2026-08-11T22:19:04.000",,"Highway Condition","Litter","BROOKLYN",,"In Progress",,
"70032157","2026-08-11T22:18:56.000",,"Street Condition","Pothole","BROOKLYN","11229","Open",,
"70029654","2026-08-11T22:18:53.000","2026-08-11T23:05:13.000","Noise - Commercial","Loud Music/Party","MANHATTAN","10002","Closed","40.71542986402135","-73.9916058433748"
"70037007","2026-08-11T22:18:53.000","2026-08-11T22:52:26.000","Noise - Street/Sidewalk","Loud Music/Party","BRONX","10470","Closed","40.89367088202935","-73.88032200709146"
"70029099","2026-08-11T22:18:52.000",,"Missed Collection","Compost","QUEENS","11102","In Progress","40.77198561699363","-73.92865946883326"
"70027583","2026-08-11T22:18:49.000","2026-08-11T23:25:12.000","Noise - Residential","Banging/Pounding","STATEN ISLAND","10301","Closed","40.646478780191366","-74.0832710553799"
"70028140","2026-08-11T22:18:45.000",,"Noise - Street/Sidewalk","Loud Talking","BROOKLYN","11229","In Progress","40.605586570194475","-73.95575378891145"
"70030982","2026-08-11T22:18:44.000",,"Illegal Parking","Double Parked Blocking Traffic","BRONX","10473","In Progress","40.81453269100977","-73.86528029967498"
"70026646","2026-08-11T22:18:41.000","2026-08-11T23:08:36.000","Blocked Driveway","No Access","BRONX","10453","Closed","40.85375489549983","-73.90392612283449"
"70028888","2026-08-11T22:18:35.000","2026-08-11T23:51:33.000","Noise - Residential","Loud Television","QUEENS","11104","Closed","40.74662326157437","-73.91516739893174"
"70036286","2026-08-11T22:18:30.000","2026-08-11T22:28:25.000","Noise - Residential","Loud Music/Party","BROOKLYN","11221","Closed","40.688334599490894","-73.93014442097454"
"70029001","2026-08-11T22:18:24.000","2026-08-11T23:59:35.000","Noise - Street/Sidewalk","Loud Music/Party","MANHATTAN","10026","Closed","40.79967987094523","-73.94916678649477"
"70029818","2026-08-11T22:18:14.000",,"For Hire Vehicle Complaint","Driver Complaint - Non Passenger","MANHATTAN","10016","In Progress","40.749965140201006","-73.97711433546722"
"70037149","2026-08-11T22:18:08.000",,"Street Condition","Cave-in","BROOKLYN","11207","In Progress","40.66404855810654","-73.88810882486644"
"70036409","2026-08-11T22:18:07.000","2026-08-12T00:53:21.000","Abandoned Vehicle","With License Plate","QUEENS","11356","Closed","40.77693716572667","-73.84694940057858"
"70032519","2026-08-11T22:18:05.000","2026-08-11T23:35:08.000","Noise - Residential","Banging/Pounding","BRONX","10467","Closed","40.86083532422503","-73.86946687527605"
"70026660","2026-08-11T22:17:55.000","2026-08-11T22:55:44.000","Noise - Residential","Loud Music/Party","BRONX","10458","Closed","40.85643458923439","-73.8954488399989"
"70036522","2026-08-11T22:17:53.000","2026-08-11T23:54:53.000","Noise - Street/Sidewalk","Loud Music/Party","MANHATTAN","10027","Closed","40.80733995542812","-73.94238432007309"
"70029114","2026-08-11T22:17:39.000",,"Missed Collection","Bulky Trash","STATEN ISLAND","10306","In Progress","40.55325937363952","-74.11831615122331"
"70034977","2026-08-11T22:17:37.000","2026-08-11T22:57:40.000","Noise - Street/Sidewalk","Loud Talking","MANHATTAN","10026","Closed","40.80100975532725","-73.95253569706578"
"70032068","2026-08-11T22:17:37.000",,"Street Sweeping Complaint","Street Not Swept","BRONX","10451","In Progress","40.8232418530023","-73.91064363434906"
"70037944","2026-08-11T22:17:33.000",,"Noise - Residential","Banging/Pounding","STATEN ISLAND","10303","In Progress","40.63489009964593","-74.15700871061118"
"70030505","2026-08-11T22:17:32.000","2026-08-11T22:43:49.000","Noise - Residential","Banging/Pounding","MANHATTAN","10029","Closed","40.79103614135534","-73.94212396444759"
"70035475","2026-08-11T22:17:23.000","2026-08-11T22:31:26.000","Blocked Driveway","Partial Access","BRONX","10466","Closed","40.89006816357898","-73.85711607910514"
"70026616","2026-08-11T22:17:07.000",,"Noise - Street/Sidewalk","Loud Music/Party","BRONX","10473","In Progress","40.81453269100977","-73.86528029967498"
"70029868","2026-08-11T22:17:00.000",,"Street Light Condition","Street Light Out","STATEN ISLAND","10314","Open","40.62036075372407","-74.13169461754244"
"70035760","2026-08-11T22:16:34.000",,"For Hire Vehicle Complaint","Driver Complaint - Non Passenger","MANHATTAN","10016","In Progress","40.749965140201006","-73.97711433546722"
"70034026","2026-08-11T22:16:32.000","2026-08-12T00:00:58.000","Illegal Parking","Commercial Overnight Parking","BRONX","10463","Closed","40.88822368304887","-73.91193785493785"
"70038068","2026-08-11T22:16:20.000",,"Missed Collection","Bulky Recycling","QUEENS","11356","In Progress","40.778284028360886","-73.84429966364016"
"70028191","2026-08-11T22:16:18.000","2026-08-11T23:44:56.000","Illegal Parking","Double Parked Blocking Traffic","BROOKLYN","11209","Closed","40.63367962533934","-74.02590101792035"
"70026877","2026-08-11T22:16:11.000","2026-08-11T22:36:29.000","Noise - Street/Sidewalk","Loud Music/Party","BROOKLYN","11221","Closed","40.69225266399461","-73.93711799182488"
"70037973","2026-08-11T22:16:09.000","2026-08-11T22:52:42.000","Illegal Parking","Blocked Hydrant","MANHATTAN","10036","Closed","40.76261757248063","-73.99074436364378"
"70029016","2026-08-11T22:15:47.000","2026-08-11T23:18:08.000","Noise - Street/Sidewalk","Loud Music/Party","MANHATTAN","10034","Closed","40.86571171120652","-73.92347561292443"
"70035604","2026-08-11T22:15:41.000","2026-08-12T00:20:48.000","Illegal Parking","Blocked Hydrant","BROOKLYN","11218","Closed","40.647210535799935","-73.97043247304735"
"70032780","2026-08-11T22:15:35.000",,"For Hire Vehicle Complaint","Driver Complaint - Non Passenger","MANHATTAN","10016","In Progress","40.746029326741365","-73.97791326408628"
"70032623","2026-08-11T22:15:29.000","2026-08-12T01:30:57.000","Blocked Driveway","No Access","BROOKLYN","11209","Closed","40.62986121448172","-74.0276612377027"
"70029622","2026-08-11T22:15:15.000",,"Illegal Parking","Posted Parking Sign Violation","BROOKLYN","11204","In Progress","40.62872347831736","-73.97868341336196"
"70038102","2026-08-11T22:14:50.000",,"Dirty Condition","Trash","BROOKLYN","11235","In Progress","40.58173643547673","-73.94784584357383"
"70028061","2026-08-11T22:14:46.000",,"Noise - Street/Sidewalk","Loud Music/Party","BRONX","10473","In Progress","40.81453269100977","-73.86528029967498"
"70030995","2026-08-11T22:14:45.000","2026-08-12T00:12:27.000","Blocked Driveway","No Access","BRONX","10456","Closed","40.83353384969418","-73.91334008081198"
"70026846","2026-08-11T22:14:42.000","2026-08-11T23:28:13.000","Noise - Street/Sidewalk","Loud Talking","BROOKLYN","11207","Closed","40.65865125900525","-73.88426496691983"
"70032570","2026-08-11T22:14:36.000",,"Illegal Parking","Blocked Hydrant","BROOKLYN","11204","In Progress","40.61883028748746","-73.99328214611717"
"70028832","2026-08-11T22:14:31.000","2026-08-11T22:45:51.000","Noise - Residential","Loud Music/Party","QUEENS","11419","Closed","40.68659956588287","-73.82981677825136"
"70027452","2026-08-11T22:14:26.000","2026-08-11T22:45:43.000","Noise - Residential","Loud Music/Party","QUEENS","11419","Closed","40.686771545850775","-73.82918172848932"
"70033590","2026-08-11T22:14:26.000",,"Missed Collection","Compost","BROOKLYN","11222","In Progress","40.72724633658734","-73.94967303002919"
"70027827","2026-08-11T22:14:24.000",,"Graffiti","Graffiti","STATEN ISLAND","10306","Open","40.57185323494934","-74.11232706207"
"70035501","2026-08-11T22:14:19.000","2026-08-11T22:43:49.000","Noise - Street/Sidewalk","Loud Music/Party","BRONX","10467","Closed","40.889176136507665","-73.87869895902735"
"70026879","2026-08-11T22:14:18.000","2026-08-11T22:36:29.000","Noise - Residential","Loud Music/Party","BROOKLYN","11221","Closed","40.69225266399461","-73.93711799182488"
"70036417","2026-08-11T22:14:13.000","2026-08-11T22:48:58.000","Blocked Driveway","No Access","QUEENS","11355","Closed","40.752972826121706","-73.81861349807411"
"70028322","2026-08-11T22:14:04.000","2026-08-11T23:17:00.000","Traffic","Drag Racing","BROOKLYN","11211","Closed","40.71735750641363","-73.94485019927168"
"70032843","2026-08-11T22:14:00.000",,"Street Light Condition","Street Light Out","BROOKLYN","11203","Open","40.63832791204836","-73.93088856923595"
"70034247","2026-08-11T22:13:55.000",,"For Hire Vehicle Complaint","Driver Complaint - Non Passenger","MANHATTAN","10016","In Progress","40.74346947886294","-73.98398051418616"
"70035733","2026-08-11T22:13:26.000","2026-08-11T22:28:16.000","Noise - Commercial","Loud Music/Party","BROOKLYN","11222","Closed","40.7332525054354","-73.95813706174052"
"70027328","2026-08-11T22:13:19.000",,"Rodent","Rat Sighting","BROOKLYN","11238","In Progress","40.674083248106314","-73.96532662273323"
"70033720","2026-08-11T22:13:17.000",,"Graffiti","Graffiti","STATEN ISLAND","10306","Open","40.57202857800842","-74.11265851512354"
"70036972","2026-08-11T22:13:16.000",,"Noise - Street/Sidewalk","Loud Music/Party","BRONX","10473","In Progress","40.81453269100977","-73.86528029967498"
"70028795","2026-08-11T22:13:10.000","2026-08-11T23:05:10.000","Noise - Street/Sidewalk","Loud Music/Party","MANHATTAN","10026","Closed","40.800287223920805","-73.95093975868865"
"70030899","2026-08-11T22:13:09.000",,"Water Maintenance","Fire Hydrant Running Full","BROOKLYN","11221","In Progress","40.69332116836336","-73.92062993172776"
"70036585","2026-08-11T22:13:07.000",,"Residential Disposal Complaint","Containers Left Out After Collection","BROOKLYN","11217","In Progress","40.686301166366","-73.98113131359855"
"70037334","2026-08-11T22:13:00.000",,"Street Light Condition","Street Light Out","BROOKLYN","11230","Open","40.61389964521426","-73.96992136456537"
"70029817","2026-08-11T22:12:57.000",,"For Hire Vehicle Complaint","Driver Complaint - Non Passenger","MANHATTAN","10016","In Progress","40.75060794044542","-73.97995454865723"
"70035441","2026-08-11T22:12:33.000",,"Noise - Street/Sidewalk","Loud Music/Party","BRONX","10473","In Progress","40.81453269100977","-73.86528029967498"
"70036726","2026-08-11T22:12:27.000",,"Graffiti","Graffiti","STATEN ISLAND","10306","Open","40.57196282623674","-74.1125324202565"
"70033312","2026-08-11T22:12:26.000","2026-08-11T22:31:26.000","Noise - Residential","Loud Music/Party","QUEENS","11421","Closed","40.693016410628985","-73.86698989953335"
"70035800","2026-08-11T22:11:52.000",,"Consumer Complaint","Hotel or Motel","QUEENS","11101","In Progress","40.753841938795894","-73.93645708829177"
"70030854","2026-08-11T22:11:51.000","2026-08-11T22:15:10.000","Animal in a Park","Dog Off Leash","QUEENS","11101","Closed","40.74605874098875","-73.94346586745095"
"70027428","2026-08-11T22:11:49.000","2026-08-11T23:21:28.000","Noise - Residential","Loud Music/Party","MANHATTAN","10026","Closed","40.79845524146068","-73.94808779746673"
"70032464","2026-08-11T22:11:32.000",,"Noise - Street/Sidewalk","Loud Music/Party","BRONX","10473","In Progress","40.81453269100977","-73.86528029967498"
"70026832","2026-08-11T22:11:31.000","2026-08-12T00:00:58.000","Noise - Commercial","Loud Music/Party","BROOKLYN","11215","Closed","40.665000321341566","-73.99328470533011"
"70035759","2026-08-11T22:11:30.000",,"For Hire Vehicle Complaint","Driver Complaint - Non Passenger","MANHATTAN","10022","In Progress","40.763986510782615","-73.97039146215937"
"70027826","2026-08-11T22:11:29.000",,"Graffiti","Graffiti","STATEN ISLAND","10306","Open","40.572182004167956","-74.11294673819893"
"70027150","2026-08-11T22:11:28.000",,"SAFETY","CARBON MONOXIDE DETECTOR","QUEENS","11104","Open","40.74135936868028","-73.92379165849798"
"70037191","2026-08-11T22:11:27.000",,"Blocked Driveway","No Access","BROOKLYN","11208","In Progress","40.684389530008666","-73.87679994827197"
"70034696","2026-08-11T22:11:23.000",,"Damaged Tree","Branch or Limb Has Fallen Down","BROOKLYN","11216","In Progress","40.6706763748794","-73.94896229829403"
"70028514","2026-08-11T22:11:21.000",,"UNSANITARY CONDITION","GARBAGE/RECYCLING STORAGE","BROOKLYN","11238","Open","40.674083248106314","-73.96532662273323"
"70033989","2026-08-11T22:10:52.000","2026-08-11T22:31:28.000","Illegal Parking","Commercial Overnight Parking","BRONX","10461","Closed","40.841643310517384","-73.84430678033102"
"70030981","2026-08-11T22:10:30.000",,"Noise - Street/Sidewalk","Loud Music/Party","BRONX","10473","In Progress","40.81453269100977","-73.86528029967498"
"70030524","2026-08-11T22:10:08.000",,"Noise - Street/Sidewalk","Loud Talking","MANHATTAN","10032","In Progress","40.83332110969911","-73.94168606314906"
"70029513","2026-08-11T22:10:03.000",,"Noise - Street/Sidewalk","Loud Music/Party","BRONX","10473","In Progress","40.81453269100977","-73.86528029967498"
"70029862","2026-08-11T22:10:00.000",,"Street Light Condition","Street Light Out","MANHATTAN","10027","Open","40.80884241326302","-73.96581272236774"
"70036291","2026-08-11T22:09:45.000","2026-08-11T22:57:02.000","Noise - Residential","Banging/Pounding","MANHATTAN","10024","Closed","40.78942767746302","-73.97117824440998"
"70028864","2026-08-11T22:09:43.000","2026-08-11T22:21:08.000","Noise - Residential","Loud Music/Party","QUEENS","11419","Closed","40.68658856015572","-73.82979877767282"
"70034970","2026-08-11T22:09:42.000","2026-08-12T01:18:54.000","Illegal Parking","Commercial Overnight Parking","MANHATTAN","10035","Closed","40.796315394322654","-73.93402200885251"
"70032600","2026-08-11T22:09:36.000",,"Illegal Parking","Commercial Overnight Parking","BROOKLYN","11219","In Progress","40.635620360878825","-74.00063052022405"
"70032616","2026-08-11T22:09:14.000","2026-08-11T22:31:26.000","Illegal Parking","Blocked Sidewalk","BROOKLYN","11226","Closed","40.64888348069571","-73.950474500215"
"70036387","2026-08-11T22:09:13.000","2026-08-12T01:08:47.000","Encampment","N/A","QUEENS","11377","Closed","40.74593591231699","-73.90324794330516"
"70032720","2026-08-11T22:09:11.000","2026-08-11T22:48:54.000","Blocked Driveway","No Access","BROOKLYN","11237","Closed","40.70075510664001","-73.91450807317923"
"70037937","2026-08-11T22:09:07.000","2026-08-11T23:16:58.000","Illegal Parking","Blocked Sidewalk","QUEENS","11369","Closed","40.76024558361502","-73.8709635065075"
"70029514","2026-08-11T22:08:57.000",,"Illegal Parking","Posted Parking Sign Violation","BRONX","10473","In Progress","40.814529874515266","-73.86521889011219"
"70034918","2026-08-11T22:08:52.000","2026-08-11T22:36:28.000","Noise - Residential","Banging/Pounding","QUEENS","11369","Closed","40.758396166697494","-73.87905263237421"
"70031783","2026-08-11T22:08:48.000","2026-08-11T23:18:28.000","Noise - Residential","Loud Music/Party","MANHATTAN","10027","Closed","40.81264631485521","-73.95679021497357"
"70031833","2026-08-11T22:08:41.000",,"Blocked Driveway","Partial Access","QUEENS","11379","In Progress","40.726153366154655","-73.88697630786334"
"70034081","2026-08-11T22:08:39.000","2026-08-11T22:55:43.000","Noise - Commercial","Loud Music/Party","BROOKLYN","11226","Closed","40.65424504696277","-73.95286716612556"
"70034735","2026-08-11T22:08:38.000","2026-08-11T22:57:03.000","Noise - Residential","Banging/Pounding","BROOKLYN","11229","Closed","40.597187720927046","-73.93837781232567"
"70029517","2026-08-11T22:08:28.000",,"Illegal Parking","Commercial Overnight Parking","BRONX","10472","In Progress","40.8290165894948","-73.85619566952217"
"70035481","2026-08-11T22:08:25.000","2026-08-11T22:21:02.000","Illegal Parking","Blocked Sidewalk","BRONX","10466","Closed","40.89337872775324","-73.85973848438732"
"70031563","2026-08-11T22:08:12.000",,"HEAT/HOT WATER","APARTMENT ONLY","MANHATTAN","10128","Open","40.78054867177627","-73.94822452555469"
"70028632","2026-08-11T22:08:11.000",,"FLOORING/STAIRS","FLOOR","QUEENS","11106","Open","40.75893591760983","-73.92675672457976"
"70031864","2026-08-11T22:07:59.000","2026-08-11T23:05:10.000","Blocked Driveway","Partial Access","QUEENS","11365","Closed","40.73752456426416","-73.78914530423087"
"70027595","2026-08-11T22:07:37.000","2026-08-11T22:48:55.000","Noise - Residential","Banging/Pounding","MANHATTAN","10011","Closed","40.74205974186091","-73.9966294473795"
"70032748","2026-08-11T22:07:32.000","2026-08-11T23:44:44.000","Noise - Vehicle","Engine Idling","BROOKLYN","11249","Closed","40.70397859311487","-73.96309657960612"
"70030365","2026-08-11T22:07:10.000","2026-08-11T22:21:00.000","Noise - Residential","Loud Music/Party","QUEENS","11419","Closed","40.68658856015572","-73.82979877767282"
"70037882","2026-08-11T22:07:10.000","2026-08-11T22:52:27.000","Blocked Driveway","No Access","QUEENS","11373","Closed","40.74463667295416","-73.8689583343338"
"70035444","2026-08-11T22:06:40.000",,"Illegal Parking","Double Parked Blocking Traffic","BRONX","10473","In Progress","40.81453269100977","-73.86528029967498"
"70030367","2026-08-11T22:06:40.000","2026-08-11T22:28:15.000","Blocked Driveway","Partial Access","QUEENS","11420","Closed","40.678849295509664","-73.80614602468488"
"70030257","2026-08-11T22:06:40.000",,"Overgrown Tree/Branches","Blocking Street","QUEENS","11361","In Progress","40.76405934655315","-73.78535389983485"
"70036378","2026-08-11T22:06:38.000","2026-08-11T23:13:34.000","Illegal Parking","Parking Permit Improper Use","QUEENS","11366","Closed","40.725355058039504","-73.80843520889755"
"70033394","2026-08-11T22:06:21.000","2026-08-11T22:55:42.000","Illegal Parking","Posted Parking Sign Violation","QUEENS","11355","Closed","40.74968676563777","-73.8097403272354"
"70035721","2026-08-11T22:06:18.000","2026-08-11T23:21:30.000","Illegal Parking","Blocked Hydrant","BROOKLYN","11217","Closed","40.68531109708082","-73.98682853282008"
"70028021","2026-08-11T22:05:54.000",,"Water Maintenance","Fire Hydrant Running","BROOKLYN","11221","In Progress","40.69398570080013","-73.90985402904624"
"70034005","2026-08-11T22:05:44.000","2026-08-11T22:21:01.000","Illegal Parking","Blocked Sidewalk","BRONX","10466","Closed","40.89337872775324","-73.85973848438732"
"70029721","2026-08-11T22:05:40.000","2026-08-12T00:39:14.000","Blocked Driveway","Partial Access","BROOKLYN","11207","Closed","40.674966380028444","-73.88717841735217"
"70032506","2026-08-11T22:05:40.000","2026-08-11T22:57:15.000","Noise - Residential","Loud Talking","BRONX","10458","Closed","40.85828805965668","-73.89039210329346"
"70035643","2026-08-11T22:05:34.000",,"Street Condition","Cave-in","QUEENS","11435","In Progress","40.69302901429463","-73.80143131286802"
"70029771","2026-08-11T22:05:32.000","2026-08-12T00:17:46.000","Noise - Residential","Loud Music/Party","MANHATTAN","10003","Closed","40.72793445362476","-73.98612377121403"
"70027436","2026-08-11T22:05:26.000","2026-08-11T22:48:54.000","Noise - Residential","Loud Music/Party","QUEENS","11101","Closed","40.75590390189604","-73.94295940353244"
"70032325","2026-08-11T22:05:24.000","2026-08-11T22:35:09.000","Mosquitoes","Large Number of Mosquitoes","MANHATTAN","10035","Closed","40.80230478235364","-73.9452529908208"
"70033440","2026-08-11T22:05:19.000","2026-08-12T00:24:44.000","Abandoned Vehicle","With License Plate","STATEN ISLAND","10301","Closed","40.63550647756861","-74.0774025406822"
"70036104","2026-08-11T22:05:14.000",,"ELECTRIC","POWER OUTAGE","BROOKLYN","11225","Open","40.65631326964359","-73.9564229424906"
"70028060","2026-08-11T22:05:06.000",,"Noise - Street/Sidewalk","Loud Music/Party","BRONX","10473","In Progress","40.81453269100977","-73.86528029967498"
"70027158","2026-08-11T22:04:58.000",,"PLUMBING","WATER SUPPLY","BROOKLYN","11215","Open","40.66526659799798","-73.99387943324392"
"70033095","2026-08-11T22:04:58.000",,"GENERAL","COOKING GAS","BROOKLYN","11215","Open","40.66526659799798","-73.99387943324392"
"70036139","2026-08-11T22:04:58.000",,"APPLIANCE","ELECTRIC/GAS RANGE","BROOKLYN","11215","Open","40.66526659799798","-73.99387943324392"
"70033016","2026-08-11T22:04:52.000",,"PLUMBING","WATER SUPPLY","BRONX","10466","Open","40.888577948962705","-73.85503607025976"
"70037855","2026-08-11T22:04:08.000",,"Illegal Parking","Commercial Overnight Parking","QUEENS","11101","In Progress","40.74687644122373","-73.94298878681894"
"70032543","2026-08-11T22:04:07.000","2026-08-11T23:48:17.000","Noise - Street/Sidewalk","Loud Music/Party","BRONX","10458","Closed","40.86423852855778","-73.89327458492565"
"70035022","2026-08-11T22:03:59.000",,"Animal in a Park","Animal Waste","QUEENS","11101","In Progress","40.74605874098875","-73.94346586745095"
"70030418","2026-08-11T22:03:51.000","2026-08-11T22:36:27.000","Blocked Driveway","No Access","QUEENS","11368","Closed","40.73882157042926","-73.8627738778659"
"70026908","2026-08-11T22:03:50.000","2026-08-11T22:48:53.000","Noise - Commercial","Loud Music/Party","BROOKLYN","11211","Closed","40.71260829164046","-73.93793203665729"
"70033554","2026-08-11T22:03:40.000",,"Obstruction","Weeds or Grass","QUEENS","11354","In Progress","40.77312204070899","-73.82756300210409"
"70037271","2026-08-11T22:03:36.000",,"For Hire Vehicle Complaint","Driver Complaint - Non Passenger","MANHATTAN","10028","In Progress","40.77868063502141","-73.9577149341361"
"70036488","2026-08-11T22:03:31.000","2026-08-12T00:01:12.000","Illegal Parking","Posted Parking Sign Violation","STATEN ISLAND","10309","Closed","40.519402968801884","-74.20835035178897"
"70032686","2026-08-11T22:03:18.000","2026-08-11T22:56:13.000","Blocked Driveway","Partial Access","BROOKLYN","11208","Closed","40.67939170815196","-73.87214747501953"
"70035032","2026-08-11T22:03:00.000",,"Obstruction","Weeds or Grass","QUEENS","11694","In Progress","40.57374915207064","-73.85955296879729"
"70037063","2026-08-11T22:02:53.000",,"Illegal Parking","Commercial Overnight Parking","BROOKLYN","11223","In Progress","40.60086150395889","-73.98110144270713"
"70030426","2026-08-11T22:02:46.000","2026-08-12T00:08:16.000","Noise - Residential","Banging/Pounding","QUEENS","11374","Closed","40.7269939392772","-73.86237971496188"
"70031856","2026-08-11T22:02:30.000","2026-08-11T22:21:02.000","Illegal Parking","Commercial Overnight Parking","QUEENS","11420","Closed","40.66669996024838","-73.82080904341473"
"70036391","2026-08-11T22:02:21.000",,"Blocked Driveway","Partial Access","QUEENS","11377","In Progress","40.74235641064106","-73.90614735645062"
"70030402","2026-08-11T22:02:14.000","2026-08-11T23:28:13.000","Encampment","N/A","QUEENS","11354","Closed","40.76350396222879","-73.82361340595179"
"70036503","2026-08-11T22:02:06.000","2026-08-11T22:21:00.000","Noise - Street/Sidewalk","Loud Music/Party","MANHATTAN","10016","Closed","40.7475503669899","-73.9803957698616"
"70027960","2026-08-11T22:02:02.000",,"Sewer Maintenance","Catch Basin Search","MANHATTAN","10002","In Progress","40.71899789302265","-73.98965013981493"
"70035535","2026-08-11T22:02:01.000","2026-08-11T22:08:05.000","Illegal Parking","Posted Parking Sign Violation","BROOKLYN","11235","Closed","40.587065148827286","-73.9570189833512"
"70031830","2026-08-11T22:02:01.000",,"Illegal Parking","Blocked Hydrant","QUEENS","11385","In Progress","40.70596327575486","-73.89921226751953"
"70029816","2026-08-11T22:01:47.000",,"For Hire Vehicle Complaint","Driver Complaint - Non Passenger","MANHATTAN","10016","In Progress","40.74995200742045","-73.98031205250807"
"70032873","2026-08-11T22:01:46.000",,"HEAT/HOT WATER","ENTIRE BUILDING","QUEENS","11104","Open","40.74135936868028","-73.92379165849798"
"70031486","2026-08-11T22:01:45.000",,"SAFETY","SPRINKLER","QUEENS","11104","Open","40.74135936868028","-73.92379165849798"
"70030989","2026-08-11T22:01:44.000","2026-08-11T23:12:23.000","Noise - Street/Sidewalk","Loud Music/Party","BRONX","10452","Closed","40.83984297986878","-73.915746037444"
"70027194","2026-08-11T22:01:37.000",,"PAINT/PLASTER","WALL","MANHATTAN","10027","Open","40.81698126923883","-73.9524592756701"
"70027073","2026-08-11T22:01:37.000",,"WATER LEAK","HEAVY FLOW","MANHATTAN","10027","Open","40.81698126923883","-73.9524592756701"
"70034516","2026-08-11T22:01:37.000",,"PAINT/PLASTER","DOOR/FRAME","MANHATTAN","10027","Open","40.81698126923883","-73.9524592756701"
"70037627","2026-08-11T22:01:37.000",,"APPLIANCE","ELECTRIC/GAS RANGE","MANHATTAN","10027","Open","40.81698126923883","-73.9524592756701"
"70030476","2026-08-11T22:01:03.000","2026-08-11T22:21:10.000","Encampment","N/A","MANHATTAN","10003","Closed","40.73412393080372","-73.98658434453847"
"70032779","2026-08-11T22:00:51.000",,"For Hire Vehicle Complaint","Driver Complaint - Non Passenger","MANHATTAN","10022","In Progress","40.76298990231048","-73.96937031397927"
"70026281","2026-08-11T22:00:43.000",,"Street Condition","Pothole","QUEENS","11375","Open",,
"70032027","2026-08-11T22:00:31.000",,"Maintenance or Facility","Rodent Sighting","BROOKLYN","11203","In Progress","40.66294061306297","-73.94116818931488"
"70030576","2026-08-11T22:00:17.000",,"Obstruction","Weeds or Grass","MANHATTAN","10030","In Progress","40.816770386693705","-73.94721005618926"
"70029511","2026-08-11T22:00:12.000","2026-08-11T23:41:31.000","Noise - Residential","Loud Talking","BRONX","10451","Closed","40.82304643292514","-73.90994295098346"
"70031335","2026-08-11T22:00:00.000",,"Street Light Condition","Street Light Out","BRONX","10473","Open","40.81064272283774","-73.8534610057817"
"70026847","2026-08-11T21:59:55.000","2026-08-11T22:58:20.000","Noise - Residential","Loud Music/Party","BROOKLYN","11207","Closed","40.66414442875966","-73.88790681113352"
"70031028","2026-08-11T21:59:55.000","2026-08-11T23:02:09.000","Illegal Parking","Blocked Hydrant","BRONX","10470","Closed","40.898878321543606","-73.86369138198395"
"70033979","2026-08-11T21:59:50.000","2026-08-11T22:21:18.000","Noise - Street/Sidewalk","Loud Music/Party","BRONX","10452","Closed","40.83517770628178","-73.92907956951548"
"70034927","2026-08-11T21:59:42.000","2026-08-12T00:46:24.000","Illegal Parking","Commercial Overnight Parking","STATEN ISLAND","10303","Closed","40.62875353457737","-74.1523397049169"
"70038004","2026-08-11T21:59:42.000","2026-08-11T22:17:08.000","Noise - Street/Sidewalk","Loud Music/Party","MANHATTAN","10033","Closed","40.85006503003966","-73.9337373605941"
"70032513","2026-08-11T21:59:39.000",,"Illegal Parking","Commercial Overnight Parking","BRONX","10461","In Progress","40.85381530963323","-73.8563950888191"
"70028947","2026-08-11T21:59:38.000","2026-08-11T22:36:35.000","Noise - Residential","Banging/Pounding","QUEENS","11372","Closed","40.749630722051876","-73.8776681992397"
"70031484","2026-08-11T21:58:38.000",,"UNSANITARY CONDITION","GARBAGE/RECYCLING STORAGE","QUEENS","11104","Open","40.74509512738965","-73.91996917475612"
"70037270","2026-08-11T21:58:36.000",,"For Hire Vehicle Complaint","Driver Complaint - Non Passenger","MANHATTAN","10029","In Progress","40.79726967343583","-73.94262418610788"
"70028014","2026-08-11T21:58:29.000","2026-08-11T21:58:00.000","Water Maintenance","Fire Hydrant Running Full","MANHATTAN","10033","Closed","40.84999064381954","-73.93325308026388"
"70030154","2026-08-11T21:58:29.000",,"APPLIANCE","ELECTRIC/GAS RANGE","BROOKLYN","11215","Open","40.66526659799798","-73.99387943324392"
"70037473","2026-08-11T21:58:28.000",,"UNSANITARY CONDITION","GARBAGE/RECYCLING STORAGE","QUEENS","11417","Open","40.68145303969639","-73.83352189873501"
"70038096","2026-08-11T21:57:57.000",,"Dirty Condition","Trash","BRONX","10463","In Progress","40.88720929678777","-73.90642025199615"
"70035595","2026-08-11T21:57:45.000","2026-08-12T00:04:12.000","Illegal Parking","Blocked Crosswalk","BROOKLYN","11218","Closed","40.63450459630154","-73.9691914948484"
"70034246","2026-08-11T21:57:40.000",,"For Hire Vehicle Complaint","Driver Complaint - Non Passenger","MANHATTAN","10017","In Progress","40.75259923593435","-73.97312515421625"
"70032527","2026-08-11T21:57:34.000","2026-08-12T01:08:42.000","Illegal Parking","Parking Permit Improper Use","MANHATTAN","10002","Closed","40.723279729444045","-73.98979378331791"
"70035388","2026-08-11T21:57:31.000","2026-08-11T21:57:00.000","Water Maintenance","Fire Hydrant Running","MANHATTAN","10034","Closed","40.87046512976672","-73.91506364294965"
"70029699","2026-08-11T21:57:24.000",,"Street Condition","Cave-in","QUEENS","11379","In Progress","40.72630180282144","-73.88443250179473"
"70032523","2026-08-11T21:57:24.000","2026-08-11T22:48:54.000","Illegal Parking","Blocked Sidewalk","BRONX","10461","Closed","40.850034875557824","-73.85343928544269"
"70034780","2026-08-11T21:57:10.000","2026-08-12T00:01:04.000","Blocked Driveway","No Access","QUEENS","11418","Closed","40.70145091226871","-73.83125754652922"
"70036520","2026-08-11T21:56:54.000","2026-08-11T22:07:58.000","Illegal Parking","Commercial Overnight Parking","MANHATTAN","10025","Closed","40.80420020019204","-73.96295071296367"
"70028087","2026-08-11T21:56:48.000","2026-08-11T22:49:00.000","Noise - Street/Sidewalk","Loud Music/Party","BRONX","10453","Closed","40.85556235414064","-73.9023763393627"
"70037912","2026-08-11T21:56:44.000","2026-08-12T00:29:15.000","Illegal Parking","Commercial Overnight Parking","QUEENS","11370","Closed","40.7689166350462","-73.89884262195022"
"70034989","2026-08-11T21:56:42.000","2026-08-11T23:09:08.000","Traffic","Drag Racing","MANHATTAN","10031","Closed","40.827123889555985","-73.95466700803912"
"70035523","2026-08-11T21:56:31.000",,"Noise - Residential","Banging/Pounding","BROOKLYN","11223","In Progress","40.59625981670513","-73.96378986300041"
"70031635","2026-08-11T21:56:24.000",,"DOOR/WINDOW","DOOR","MANHATTAN","10029","Open","40.79643520477288","-73.94827356823728"
"70033105","2026-08-11T21:56:24.000",,"GENERAL","BELL/BUZZER/INTERCOM","MANHATTAN","10029","Open","40.79643520477288","-73.94827356823728"
"70028539","2026-08-11T21:56:24.000",,"PLUMBING","WATER SUPPLY","MANHATTAN","10029","Open","40.79643520477288","-73.94827356823728"
"70034426","2026-08-11T21:56:24.000",,"UNSANITARY CONDITION","PESTS","MANHATTAN","10029","Open","40.79643520477288","-73.94827356823728"
"70037633","2026-08-11T21:56:24.000",,"APPLIANCE","ELECTRIC/GAS RANGE","MANHATTAN","10029","Open","40.79643520477288","-73.94827356823728"
"70035956","2026-08-11T21:56:24.000",,"UNSANITARY CONDITION","PESTS","MANHATTAN","10029","Open","40.79643520477288","-73.94827356823728"
"70030477","2026-08-11T21:56:00.000","2026-08-11T22:17:07.000","Noise - Street/Sidewalk","Loud Talking","MANHATTAN","10016","Closed","40.742335564579186","-73.98174697446235"
"70032912","2026-08-11T21:55:55.000",,"WATER LEAK","HEAVY FLOW","MANHATTAN","10003","Open","40.73335020666374","-73.98943141513733"
"70030508","2026-08-11T21:55:48.000","2026-08-11T22:48:52.000","Non-Emergency Police Matter","Trespassing","MANHATTAN","10025","Closed","40.7898661015761","-73.96838289277107"
"70034013","2026-08-11T21:55:47.000","2026-08-11T22:17:27.000","Noise - Street/Sidewalk","Loud Talking","BRONX","10460","Closed","40.84232915383804","-73.86827075544613"
"70029978","2026-08-11T21:55:43.000",,"UNSANITARY CONDITION","PESTS","BRONX","10457","Open","40.84975929328488","-73.90475601677758"
"70028454","2026-08-11T21:55:31.000",,"UNSANITARY CONDITION","SEWAGE","QUEENS","11372","Open","40.75074488262595","-73.89113569640881"
"70030289","2026-08-11T21:55:18.000","2026-08-11T23:44:58.000","Noise - Street/Sidewalk","Loud Talking","BRONX","10454","Closed","40.80592190067949","-73.91324599180017"
"70031135","2026-08-11T21:55:14.000","2026-08-11T22:21:01.000","Blocked Driveway","Partial Access","BROOKLYN","11236","Closed","40.64808673282125","-73.91605305569595"
"70037781","2026-08-11T21:55:13.000","2026-08-11T22:04:28.000","Noise - Commercial","Loud Music/Party","QUEENS","11692","Closed","40.59068844290121","-73.79615836783032"
"70033337","2026-08-11T21:55:11.000",,"Abandoned Vehicle","With License Plate","QUEENS","11379","In Progress","40.725181417621656","-73.87601379722798"
"70036550","2026-08-11T21:54:42.000",,"Maintenance or Facility","Unsecured Facility","QUEENS","11375","In Progress","40.71573982765754","-73.83672612656912"
"70031300","2026-08-11T21:54:41.000",,"For Hire Vehicle Complaint","Driver Complaint - Non Passenger","MANHATTAN","10001","In Progress","40.7470159105558","-73.98561092816436"
"70037872","2026-08-11T21:54:38.000","2026-08-11T22:40:48.000","Illegal Parking","Blocked Sidewalk","QUEENS","11355","Closed","40.75265635482333","-73.82699878728847"
"70029608","2026-08-11T21:54:19.000",,"Illegal Parking","Double Parked Blocking Vehicle","BROOKLYN","11214","In Progress","40.6045737921994","-74.00728182304762"
"70027119","2026-08-11T21:54:10.000",,"UNSANITARY CONDITION","PESTS","MANHATTAN","10029","Open","40.786191898482066","-73.94254345433353"
"70027270","2026-08-11T21:54:10.000",,"DOOR/WINDOW","DOOR","MANHATTAN","10029","Open","40.786191898482066","-73.94254345433353"
"70027176","2026-08-11T21:54:10.000",,"PLUMBING","BASIN/SINK","MANHATTAN","10029","Open","40.786191898482066","-73.94254345433353"
"70031470","2026-08-11T21:54:10.000",,"UNSANITARY CONDITION","MOLD","MANHATTAN","10029","Open","40.786191898482066","-73.94254345433353"
"70037216","2026-08-11T21:53:10.000","2026-08-11T22:24:48.000","Noise - Residential","Banging/Pounding","BROOKLYN","11221","Closed","40.69119803999353","-73.92676622642057"
"70030324","2026-08-11T21:53:09.000","2026-08-11T22:07:34.000","Illegal Parking","Commercial Overnight Parking","QUEENS","11421","Closed","40.69463084510844","-73.85383138462251"
"70030407","2026-08-11T21:52:34.000","2026-08-11T22:28:17.000","Noise - Commercial","Loud Music/Party","QUEENS","11354","Closed","40.7638134402157","-73.82861953775803"
"70035393","2026-08-11T21:52:32.000",,"Water Maintenance","Fire Hydrant Leaking","MANHATTAN","10001","In Progress","40.748690147097484","-73.98513777602362"
"70027491","2026-08-11T21:52:27.000","2026-08-11T22:43:49.000","Illegal Parking","Commercial Overnight Parking","QUEENS","11426","Closed","40.72781323487722","-73.72519948723402"
"70028159","2026-08-11T21:52:20.000",,"Illegal Parking","Blocked Hydrant","BROOKLYN","11204","In Progress","40.61247294811184","-73.9883052041266"
"70030354","2026-08-11T21:52:17.000","2026-08-11T22:24:48.000","Abandoned Vehicle","With License Plate","QUEENS","11001","Closed","40.73098925560287","-73.70967135342933"
"70033284","2026-08-11T21:52:04.000",,"Noise - Residential","Loud Music/Party","MANHATTAN","10009","In Progress","40.722661050411865","-73.9810416503823"
"70036530","2026-08-11T21:52:04.000","2026-08-11T23:01:29.000","Illegal Parking","License Plate Obscured","MANHATTAN","10031","Closed","40.83074912009717","-73.9469713123645"
"70034618","2026-08-11T21:51:37.000",,"Homeless Person Assistance","Non-Chronic","MANHATTAN","10017","In Progress","40.75319401100529","-73.96975740741871"
"70037803","2026-08-11T21:51:30.000",,"Noise - Residential","Loud Music/Party","QUEENS","11385","In Progress","40.70965929035021","-73.90761454203981"
"70029717","2026-08-11T21:51:09.000","2026-08-11T22:04:33.000","Abandoned Vehicle","With License Plate","BROOKLYN","11233","Closed","40.6789156365431","-73.90825561396986"
"70037841","2026-08-11T21:51:07.000","2026-08-11T21:59:51.000","Illegal Parking","Blocked Hydrant","QUEENS","11419","Closed","40.68437544539708","-73.82023152072829"
"70028388","2026-08-11T21:51:00.000",,"Street Light Condition","Street Light Out","MANHATTAN","10010","Open","40.73688667943408","-73.97854055631754"
"70036876","2026-08-11T21:50:48.000","2026-08-11T21:54:00.000","Water Maintenance","Water Main Break","BROOKLYN","11212","Closed","40.667371780892374","-73.90240666164391"
"70033872","2026-08-11T21:50:41.000",,"Water Maintenance","Leak","STATEN ISLAND","10301","In Progress","40.63103259039771","-74.10189229218088"
"70035489","2026-08-11T21:50:41.000","2026-08-11T22:40:03.000","Illegal Parking","Blocked Sidewalk","BRONX","10460","Closed","40.8504422121169","-73.88328424676436"
"70030532","2026-08-11T21:50:31.000","2026-08-11T22:08:02.000","Illegal Parking","Blocked Hydrant","MANHATTAN","10033","Closed","40.85330461674268","-73.93520895747211"
"70029874","2026-08-11T21:50:00.000",,"Street Light Condition","Street Light Out","BROOKLYN","11217","Open","40.67849061271014","-73.9727656478295"
"70037195","2026-08-11T21:49:51.000","2026-08-11T23:05:10.000","Blocked Driveway","No Access","BROOKLYN","11208","Closed","40.68001795179996","-73.87253926029679"
"70036612","2026-08-11T21:49:42.000",,"Illegal Dumping","Removal Request","QUEENS","11377","In Progress","40.75783709932679","-73.90996614311283"
"70037475","2026-08-11T21:49:37.000",,"SAFETY","SMOKE DETECTOR","QUEENS","11104","Open","40.74135936868028","-73.92379165849798"
"70030083","2026-08-11T21:49:30.000",,"HEAT/HOT WATER","APARTMENT ONLY","BRONX","10460","Open","40.84602560749318","-73.88024508040856"
"70031035","2026-08-11T21:49:29.000","2026-08-11T22:21:02.000","Blocked Driveway","No Access","BRONX","10460","Closed","40.84510149266496","-73.88651759240437"
"70033971","2026-08-11T21:49:23.000",,"Blocked Driveway","Partial Access","BRONX","10473","In Progress","40.81953920940109","-73.86540384290818"
"70033605","2026-08-11T21:49:19.000",,"Illegal Dumping","Removal Request","BROOKLYN","11222","In Progress","40.72526921123713","-73.94765414385452"
"70032701","2026-08-11T21:49:09.000","2026-08-11T22:04:21.000","Noise - Residential","Loud Music/Party","BROOKLYN","11216","Closed","40.67759591986164","-73.94888489798728"
"70036343","2026-08-11T21:49:07.000",,"Noise - Street/Sidewalk","Loud Music/Party","QUEENS","11385","In Progress","40.70965929035021","-73.90761454203981"
"70034851","2026-08-11T21:49:05.000","2026-08-12T00:00:57.000","Noise - Residential","Loud Talking","QUEENS","11354","Closed","40.773161312145895","-73.8476368373982"
"70034008","2026-08-11T21:48:39.000","2026-08-11T22:21:03.000","Blocked Driveway","No Access","BRONX","10460","Closed","40.84510149266496","-73.88651759240437"
"70032518","2026-08-11T21:48:31.000","2026-08-11T22:17:24.000","Noise - Street/Sidewalk","Loud Talking","BRONX","10460","Closed","40.84232915383804","-73.86827075544613"
"70028306","2026-08-11T21:48:14.000",,"Noise - Residential","Loud Talking","MANHATTAN","10009","In Progress","40.725150883227954","-73.98321645341429"
"70037109","2026-08-11T21:48:13.000","2026-08-11T21:59:51.000","Illegal Parking","Blocked Sidewalk","BROOKLYN","11203","Closed","40.64082366504726","-73.92339481735384"
"70031283","2026-08-11T21:48:12.000",,"Mobile Food Vendor","Equipment","MANHATTAN","10028","In Progress","40.779270010112114","-73.95573587118722"
"70034807","2026-08-11T21:47:53.000","2026-08-11T23:13:58.000","Noise - Street/Sidewalk","Loud Talking","QUEENS","11411","Closed","40.69842506854576","-73.73942158139202"
"70030469","2026-08-11T21:47:45.000","2026-08-11T22:31:49.000","Illegal Parking","Commercial Overnight Parking","STATEN ISLAND","10314","Closed","40.588301655068726","-74.16167333944074"
"70030305","2026-08-11T21:47:42.000","2026-08-11T22:21:03.000","Noise - Residential","Banging/Pounding","MANHATTAN","10001","Closed","40.753011268221584","-74.0040171753845"
"70037896","2026-08-11T21:47:25.000","2026-08-11T22:17:08.000","Abandoned Vehicle","With License Plate","QUEENS","11434","Closed","40.68149645662939","-73.78963613484788"
"70033374","2026-08-11T21:47:01.000","2026-08-11T22:55:44.000","Noise - Street/Sidewalk","Loud Music/Party","QUEENS","11377","Closed","40.745162930418786","-73.91135826153442"
"70029248","2026-08-11T21:47:00.000",,"Traffic Signal Condition","Ped Multiple Lamps","BRONX","10460","Open","40.83405714309733","-73.88972734664115"
"70028345","2026-08-11T21:46:56.000",,"For Hire Vehicle Complaint","Driver Complaint - Non Passenger","MANHATTAN","10016","In Progress","40.74789548769946","-73.97655564448341"
"70028631","2026-08-11T21:46:28.000",,"FLOORING/STAIRS","FLOOR","BROOKLYN","11207","Open","40.680980495216296","-73.90583353276065"
"70037316","2026-08-11T21:46:27.000",,"Sidewalk Condition","Broken Sidewalk","BROOKLYN","11234","In Progress","40.61645020951851","-73.93261133553902"
"70028960","2026-08-11T21:46:12.000",,"Illegal Parking","Commercial Overnight Parking","STATEN ISLAND","10314","In Progress","40.61826991831629","-74.14697034925621"
"70033347","2026-08-11T21:46:04.000","2026-08-12T01:31:35.000","Illegal Parking","Blocked Hydrant","QUEENS","11385","Closed","40.70503656558208","-73.86769086850806"
"70028208","2026-08-11T21:45:49.000","2026-08-12T00:14:41.000","Illegal Parking","Blocked Hydrant","BROOKLYN","11230","Closed","40.63045461674261","-73.9642937005042"
"70037873","2026-08-11T21:45:38.000","2026-08-11T22:55:45.000","Illegal Parking","Blocked Hydrant","QUEENS","11358","Closed","40.75113325261676","-73.80808677839862"
"70034151","2026-08-11T21:45:34.000","2026-08-12T00:59:24.000","Blocked Driveway","No Access","BROOKLYN","11220","Closed","40.645690862841384","-74.00522509894184"
"70026797","2026-08-11T21:45:19.000",,"Street Condition","Cave-in","BROOKLYN","11233","In Progress","40.682374384090174","-73.91219887875208"
"70037994","2026-08-11T21:45:05.000","2026-08-11T22:04:26.000","Noise - Commercial","Loud Music/Party","MANHATTAN","10026","Closed","40.80225484364876","-73.95693421623459"
"70032388","2026-08-11T21:44:49.000","2026-08-11T23:12:00.000","Water Maintenance","Fire Hydrant Running Full","QUEENS","11429","Closed","40.70666458103713","-73.73928477496004"
"70033388","2026-08-11T21:44:46.000","2026-08-11T22:39:35.000","Noise - Residential","Loud Music/Party","QUEENS","11357","Closed","40.79519387029544","-73.81775807791364"
"70035703","2026-08-11T21:44:41.000","2026-08-11T22:31:28.000","Noise - Street/Sidewalk","Loud Music/Party","BROOKLYN","11221","Closed","40.69326736609261","-73.92223109941975"
"70027788","2026-08-11T21:44:20.000",,"Street Condition","Pothole","BROOKLYN","11203","Open",,
"70034795","2026-08-11T21:43:51.000",,"Blocked Driveway","No Access","QUEENS","11379","In Progress","40.7096651044747","-73.87333742420728"
"70028933","2026-08-11T21:43:50.000","2026-08-11T22:21:03.000","Illegal Parking","Blocked Hydrant","QUEENS","11436","Closed","40.66901327637968","-73.79271073650033"
"70028715","2026-08-11T21:43:48.000",,"Rodent","Rat Sighting","MANHATTAN","10027","In Progress","40.80760925784059","-73.94302707341238"
"70038121","2026-08-11T21:43:48.000",,"Abandoned Bike","Chained to Public Property","BROOKLYN","11213","In Progress","40.67088170276445","-73.94204798474921"
"70030978","2026-08-11T21:43:43.000","2026-08-12T01:02:27.000","Illegal Parking","Paper License Plates","BRONX","10459","Closed","40.82755236249353","-73.8958411054741"
"70031634","2026-08-11T21:43:36.000",,"DOOR/WINDOW","DOOR","QUEENS","11104","Open","40.74135936868028","-73.92379165849798"
"70032781","2026-08-11T21:43:29.000",,"For Hire Vehicle Complaint","Driver Complaint - Non Passenger","MANHATTAN","10016","In Progress","40.74834555985161","-73.97623066985403"
"70032045","2026-08-11T21:43:08.000",,"Obstruction","Trash or Recycling","BROOKLYN","11213","In Progress","40.67088170276445","-73.94204798474921"
"70027740","2026-08-11T21:43:04.000",,"Dirty Condition","Trash","MANHATTAN","10029","In Progress","40.79077853557665","-73.9487654981662"
"70033996","2026-08-11T21:43:03.000","2026-08-11T23:12:43.000","Noise - Street/Sidewalk","Loud Music/Party","BRONX","10453","Closed","40.84904087082858","-73.91256082573851"
"70037869","2026-08-11T21:42:49.000","2026-08-11T22:55:45.000","Blocked Driveway","Partial Access","QUEENS","11358","Closed","40.75113325261676","-73.80808677839862"
"70037090","2026-08-11T21:42:26.000","2026-08-12T01:01:38.000","Blocked Driveway","No Access","BROOKLYN","11210","Closed","40.62586604542325","-73.9346876454501"
"70031895","2026-08-11T21:42:23.000","2026-08-11T22:48:54.000","Illegal Parking","Commercial Overnight Parking","QUEENS","11357","Closed","40.793690741848074","-73.80657365487379"
"70026945","2026-08-11T21:42:18.000",,"For Hire Vehicle Complaint","Driver Complaint - Non Passenger","MANHATTAN","10016","In Progress","40.74742345516369","-73.97687340430375"
"70029017","2026-08-11T21:42:08.000","2026-08-11T21:59:50.000","Noise - Street/Sidewalk","Loud Music/Party","MANHATTAN","10033","Closed","40.85006503003966","-73.9337373605941"
"70029217","2026-08-11T21:42:03.000",,"Street Condition","Pothole","QUEENS","11367","Open","40.72592399671601","-73.81909480890491"
"70035834","2026-08-11T21:42:00.000",,"Street Light Condition","Street Light Out","BROOKLYN","11225","Open","40.6590578685559","-73.95594539005461"
"70037333","2026-08-11T21:42:00.000",,"Street Light Condition","Street Light Out","BROOKLYN","11212","Open","40.65570251823354","-73.91108428718496"
"70028168","2026-08-11T21:41:49.000","2026-08-11T23:17:16.000","Noise - Residential","Banging/Pounding","BROOKLYN","11223","Closed","40.60603851285432","-73.98317797138695"
"70032551","2026-08-11T21:41:44.000","2026-08-11T22:55:58.000","Illegal Parking","Blocked Crosswalk","BROOKLYN","11235","Closed","40.579844951503446","-73.96087199159551"
"70027289","2026-08-11T21:41:25.000",,"Homeless Person Assistance","Non-Chronic","BROOKLYN",,"In Progress","40.69720616598545","-73.93565998016544"
"70037073","2026-08-11T21:41:16.000","2026-08-11T21:42:01.000","Noise - Residential","Banging/Pounding","BROOKLYN","11214","Closed","40.60810108364675","-73.99938414563323"
"70030657","2026-08-11T21:41:05.000",,"Dirty Condition","Trash","STATEN ISLAND","10304","In Progress","40.624592700635745","-74.08206937418377"
"70026944","2026-08-11T21:41:01.000",,"For Hire Vehicle Complaint","Driver Complaint - Non Passenger","MANHATTAN","10010","In Progress","40.739643159620265","-73.98302876431576"
"70028399","2026-08-11T21:41:00.000",,"Street Light Condition","Street Light Out","STATEN ISLAND","10308","Open","40.555805872831414","-74.14950675936134"
"70034023","2026-08-11T21:40:54.000","2026-08-11T21:56:17.000","Noise - Residential","Loud Music/Party","BRONX","10463","Closed","40.878450101343795","-73.90203897804452"
"70031918","2026-08-11T21:40:54.000","2026-08-11T22:55:58.000","Blocked Driveway","No Access","QUEENS","11103","Closed","40.75891505244338","-73.92014027137907"
"70032786","2026-08-11T21:40:30.000",,"For Hire Vehicle Complaint","Driver Complaint - Passenger","BROOKLYN","11204","In Progress","40.61954916443984","-73.98977362327017"
"70031802","2026-08-11T21:40:28.000","2026-08-11T22:14:07.000","Noise - Vehicle","Car/Truck Music","QUEENS","11692","Closed","40.58815351711987","-73.80159194029874"
"70037480","2026-08-11T21:40:11.000",,"PLUMBING","WATER SUPPLY","BRONX","10453","Open","40.85106338990036","-73.91212802430219"
"70031560","2026-08-11T21:40:08.000",,"HEAT/HOT WATER","ENTIRE BUILDING","BRONX","10455","Open","40.81743864168549","-73.91681128105581"
"70035761","2026-08-11T21:40:00.000",,"For Hire Vehicle Complaint","Driver Complaint - Non Passenger","MANHATTAN","10010","In Progress","40.739643159620265","-73.98302876431576"
"70034988","2026-08-11T21:39:52.000","2026-08-11T23:17:14.000","Illegal Parking","Blocked Hydrant","MANHATTAN","10032","Closed","40.82961524891156","-73.9407100584324"
"70028226","2026-08-11T21:39:41.000",,"Street Condition","Cave-in","MANHATTAN","10019","In Progress","40.762065087874134","-73.9836294996616"
"70030696","2026-08-11T21:39:40.000",,"Street Condition","Pothole","BROOKLYN","11203","Open",,
"70034775","2026-08-11T21:39:31.000","2026-08-11T21:59:52.000","Noise - Residential","Loud Music/Party","QUEENS","11419","Closed","40.689146033034284","-73.82751333855572"
"70037030","2026-08-11T21:39:31.000","2026-08-11T21:53:05.000","Noise - Residential","Loud Music/Party","BRONX","10463","Closed","40.87839250277802","-73.90208607260666"
"70033303","2026-08-11T21:39:23.000","2026-08-11T22:04:23.000","Noise - Commercial","Loud Music/Party","QUEENS","11692","Closed","40.59068844290121","-73.79615836783032"
"70027542","2026-08-11T21:39:15.000","2026-08-11T22:21:47.000","Blocked Driveway","No Access","QUEENS","11373","Closed","40.73822683177521","-73.87310991899622"
"70035394","2026-08-11T21:39:14.000","2026-08-11T21:39:00.000","Water Maintenance","Dirty Water","MANHATTAN","10035","Closed","40.79725059877909","-73.9376075214708"
"70031208","2026-08-11T21:39:08.000","2026-08-11T21:47:36.000","Noise - Residential","Loud Talking","BROOKLYN","11233","Closed","40.672202206256884","-73.91965649274809"
"70033476","2026-08-11T21:39:03.000","2026-08-11T21:56:16.000","Noise - Street/Sidewalk","Loud Music/Party","MANHATTAN","10019","Closed","40.762968139787574","-73.98385308912331"
"70035440","2026-08-11T21:38:48.000",,"Noise - Street/Sidewalk","Loud Music/Party","BRONX","10472","In Progress","40.82495993314493","-73.88024686015275"
"70031893","2026-08-11T21:38:43.000","2026-08-11T23:05:10.000","Illegal Parking","Commercial Overnight Parking","QUEENS","11355","Closed","40.75581115010009","-73.81024981876422"
"70035762","2026-08-11T21:38:33.000",,"Taxi Complaint","Driver Complaint - Passenger","MANHATTAN","10025","In Progress","40.80478309773139","-73.9662590992374"
"70032499","2026-08-11T21:38:29.000","2026-08-11T23:48:18.000","Noise - Commercial","Loud Music/Party","BRONX","10466","Closed","40.87926868373352","-73.843003635244"
"70026627","2026-08-11T21:38:28.000","2026-08-11T21:44:15.000","Noise - Residential","Loud Music/Party","BRONX","10452","Closed","40.83993074976429","-73.91566280338023"
"70028201","2026-08-11T21:38:22.000","2026-08-11T21:56:50.000","Noise - Commercial","Loud Music/Party","MANHATTAN","10002","Closed","40.715221270038704","-73.99171408791376"
"70036523","2026-08-11T21:38:21.000","2026-08-11T22:04:24.000","Noise - Commercial","Loud Music/Party","MANHATTAN","10026","Closed","40.80225484364876","-73.95693421623459"
"70028258","2026-08-11T21:38:10.000","2026-08-11T22:36:29.000","Illegal Parking","Blocked Hydrant","BROOKLYN","11208","Closed","40.68800118681843","-73.86892540471369"
"70029847","2026-08-11T21:37:55.000",,"Consumer Complaint","Street Fair Vendor","MANHATTAN","10018","In Progress","40.753389087563704","-73.98462781034704"
"70031120","2026-08-11T21:37:48.000","2026-08-12T00:31:08.000","Illegal Parking","Commercial Overnight Parking","BROOKLYN","11234","Closed","40.62008275030705","-73.91024200901523"
"70037930","2026-08-11T21:37:48.000","2026-08-11T23:12:10.000","Noise - Residential","Banging/Pounding","QUEENS","11368","Closed","40.75159103046191","-73.87064100125095"
"70032560","2026-08-11T21:37:40.000",,"Noise - Commercial","Loud Music/Party","BROOKLYN","11223","In Progress","40.60651733467128","-73.96446496461137"
"70028968","2026-08-11T21:37:24.000","2026-08-11T21:41:11.000","Illegal Parking","Commercial Overnight Parking","STATEN ISLAND","10309","Closed","40.559390931477516","-74.19823986727536"
"70032705","2026-08-11T21:37:18.000","2026-08-11T22:00:59.000","Noise - Residential","Loud Music/Party","BROOKLYN","11217","Closed","40.68025070980888","-73.97589079706806"
"70036064","2026-08-11T21:37:06.000",,"HEAT/HOT WATER","ENTIRE BUILDING","BRONX","10462","Open","40.836102586629735","-73.86223713969274"
"70034912","2026-08-11T21:37:02.000","2026-08-12T00:43:00.000","Illegal Parking","Blocked Hydrant","QUEENS","11105","Closed","40.78483641708699","-73.91632841283246"
"70029820","2026-08-11T21:36:44.000",,"For Hire Vehicle Complaint","Driver Complaint - Non Passenger","MANHATTAN","10010","In Progress","40.73868245843342","-73.98277280226313"
"70036382","2026-08-11T21:36:34.000","2026-08-11T21:41:14.000","Noise - Vehicle","Car/Truck Horn","QUEENS","11365","Closed","40.73009934988612","-73.81090754397326"
"70037332","2026-08-11T21:36:00.000",,"Street Light Condition","Street Light Out","BROOKLYN","11234","Open","40.61068725649575","-73.92988711882121"
"70026743","2026-08-11T21:35:55.000",,"Illegal Parking","Commercial Overnight Parking","BROOKLYN","11204","In Progress","40.61511960161026","-73.97523716961705"
"70026569","2026-08-11T21:35:46.000",,"Sewer Maintenance","Catch Basin Clogged","QUEENS","11366","In Progress","40.73329473494764","-73.77317768201863"
"70026755","2026-08-11T21:35:39.000","2026-08-11T22:24:49.000","Abandoned Vehicle","With License Plate","BROOKLYN","11226","Closed","40.64739924595851","-73.95211164057146"
"70036141","2026-08-11T21:35:37.000","2026-08-12T01:38:12.000","Homeless Person Assistance","Non-Chronic","MANHATTAN",,"Closed","40.747233453079765","-73.99335942349164"
"70031868","2026-08-11T21:35:32.000","2026-08-11T23:08:36.000","Illegal Parking","Commercial Overnight Parking","QUEENS","11367","Closed","40.72864877170742","-73.81515107265103"
"70035340","2026-08-11T21:35:29.000",,"Green Infrastructure","Rain Garden","QUEENS","11418","In Progress","40.69543117018587","-73.83859339094369"
"70035705","2026-08-11T21:35:23.000","2026-08-11T21:59:52.000","Noise - Residential","Loud Music/Party","BROOKLYN","11221","Closed","40.68693843695405","-73.91518563937812"
"70036383","2026-08-11T21:35:19.000","2026-08-11T21:41:13.000","Noise - Vehicle","Car/Truck Horn","QUEENS","11432","Closed","40.71724956934783","-73.80343340538089"
"70026819","2026-08-11T21:35:07.000",,"Sidewalk Condition","Blocked - Construction","QUEENS","11106","In Progress","40.76850770617642","-73.93268130575424"
"70038086","2026-08-11T21:35:01.000",,"Illegal Dumping","Removal Request","QUEENS","11429","In Progress","40.714346488716586","-73.74018178874063"
"70028791","2026-08-11T21:34:59.000","2026-08-11T21:41:12.000","Noise - Residential","Banging/Pounding","MANHATTAN","10009","Closed","40.723801916686774","-73.975939981237"
"70033993","2026-08-11T21:34:53.000",,"Illegal Parking","Double Parked Blocking Vehicle","BRONX","10453","In Progress","40.84855984187605","-73.91911817593288"
"70032428","2026-08-11T21:34:51.000","2026-08-11T22:11:00.000","Noise","Construction","QUEENS","11434","In Progress","40.68498410253353","-73.79060947489877"
"70032105","2026-08-11T21:34:36.000",,"Dirty Condition","Trash","BRONX","10453","In Progress","40.84961622441457","-73.90770932205969"
"70032783","2026-08-11T21:34:29.000",,"For Hire Vehicle Complaint","Driver Complaint - Non Passenger","MANHATTAN","10016","In Progress","40.74416899590571","-73.98136032594367"
"70033155","2026-08-11T21:34:18.000",,"DOOR/WINDOW","DOOR","BROOKLYN","11226","Open","40.65206948456855","-73.96327665496501"
"70035612","2026-08-11T21:34:08.000","2026-08-12T00:21:19.000","Blocked Driveway","No Access","BROOKLYN","11203","Closed","40.65938508984228","-73.93918177509273"
"70034983","2026-08-11T21:34:04.000","2026-08-11T22:21:00.000","Illegal Parking","Double Parked Blocking Traffic","MANHATTAN","10027","Closed","40.807129273329735","-73.94965958870036"
"70028645","2026-08-11T21:34:02.000",,"ELECTRIC","NO LIGHTING","BROOKLYN","11221","Open","40.68512899202294","-73.94041306100785"
"70037094","2026-08-11T21:33:54.000",,"Illegal Parking","Posted Parking Sign Violation","BROOKLYN","11204","In Progress","40.61494667265518","-73.9752048170537"
"70027722","2026-08-11T21:33:53.000",,"Litter Basket Request","New Basket","BRONX","10461","In Progress","40.84204270118961","-73.83737027563822"
"70026630","2026-08-11T21:33:26.000","2026-08-11T21:47:35.000","Illegal Parking","Posted Parking Sign Violation","BRONX","10457","Closed","40.84215325972917","-73.91107000229586"
"70027474","2026-08-11T21:33:23.000",,"Illegal Parking","Posted Parking Sign Violation","QUEENS","11378","In Progress","40.72877881141558","-73.89428890390772"
"70035164","2026-08-11T21:33:23.000",,"Street Condition","Pothole","QUEENS","11420","Open",,
"70035471","2026-08-11T21:33:22.000","2026-08-11T22:39:48.000","Illegal Parking","Blocked Hydrant","BRONX","10453","Closed","40.847405399703455","-73.90948708231173"
"70026950","2026-08-11T21:33:13.000",,"Lost Property","Other","MANHATTAN","10009","In Progress","40.726682822400264","-73.98594002913443"
"70036442","2026-08-11T21:33:07.000","2026-08-11T21:48:52.000","Illegal Parking","Blocked Hydrant","QUEENS","11433","Closed","40.69821180166109","-73.77634802797886"
"70037059","2026-08-11T21:32:56.000",,"Illegal Parking","Blocked Crosswalk","BROOKLYN","11204","In Progress","40.60972237022814","-73.98570534880191"
"70037824","2026-08-11T21:32:52.000","2026-08-11T21:56:16.000","Abandoned Vehicle","With License Plate","QUEENS","11411","Closed","40.687662649893845","-73.73695039665816"
"70035514","2026-08-11T21:32:47.000","2026-08-11T22:55:42.000","Illegal Parking","Blocked Hydrant","BRONX","10458","Closed","40.87310240013715","-73.88596720145928"
"70026747","2026-08-11T21:32:39.000",,"Illegal Parking","Blocked Hydrant","BROOKLYN","11220","In Progress","40.64376413860168","-73.99901626839981"
"70028063","2026-08-11T21:32:36.000",,"Noise - Residential","Banging/Pounding","BRONX","10472","In Progress","40.83061659215821","-73.87488503334296"
"70037274","2026-08-11T21:32:29.000",,"For Hire Vehicle Complaint","Driver Complaint - Non Passenger","MANHATTAN","10010","In Progress","40.74151790582747","-73.9835876351839"
"70028246","2026-08-11T21:32:22.000","2026-08-11T21:47:36.000","Noise - Residential","Loud Music/Party","BROOKLYN","11233","Closed","40.672202206256884","-73.91965649274809"
"70029007","2026-08-11T21:31:58.000","2026-08-11T23:17:22.000","Illegal Parking","Double Parked Blocking Traffic","MANHATTAN","10032","Closed","40.829461589531974","-73.94079691863257"
"70037827","2026-08-11T21:31:53.000","2026-08-11T22:17:19.000","Illegal Parking","Blocked Hydrant","QUEENS","11426","Closed","40.75234023681412","-73.72281722817601"
"70036364","2026-08-11T21:31:49.000","2026-08-11T22:21:05.000","Illegal Parking","Commercial Overnight Parking","QUEENS","11429","Closed","40.707210263561564","-73.73905180182082"
"70029588","2026-08-11T21:31:48.000","2026-08-11T22:55:45.000","Noise - Residential","Loud Music/Party","BRONX","10468","Closed","40.87641347782852","-73.8869595453466"
"70037438","2026-08-11T21:31:13.000",,"UNSANITARY CONDITION","PESTS","QUEENS","11377","Open","40.73901794494867","-73.91953622939701"
"70035418","2026-08-11T21:31:08.000","2026-08-11T22:25:00.000","Noise","Alarm","QUEENS","11104","In Progress","40.74656493918292","-73.91801495399098"
"70032502","2026-08-11T21:30:56.000","2026-08-11T22:33:19.000","Blocked Driveway","No Access","BRONX","10469","Closed","40.86949557421547","-73.83759961789401"
"70031237","2026-08-11T21:30:45.000","2026-08-11T21:31:18.000","Illegal Parking","Posted Parking Sign Violation","BROOKLYN","11201","Closed","40.70299352709158","-73.9947090973228"
"70034046","2026-08-11T21:30:43.000",,"Illegal Parking","Blocked Hydrant","BROOKLYN","11223","In Progress","40.5955439440572","-73.97631747077207"
"70033318","2026-08-11T21:30:41.000","2026-08-11T21:47:59.000","Illegal Parking","Blocked Hydrant","QUEENS","11416","Closed","40.68031277634548","-73.85714727994849"
"70037826","2026-08-11T21:30:25.000","2026-08-11T22:21:04.000","Illegal Parking","Commercial Overnight Parking","QUEENS","11429","Closed","40.70719376234507","-73.73903743898762"
"70031296","2026-08-11T21:30:23.000",,"For Hire Vehicle Complaint","Driver Complaint - Non Passenger","MANHATTAN","10017","In Progress","40.7499201234752","-73.97211928086699"
"70036423","2026-08-11T21:30:20.000","2026-08-11T21:41:12.000","Blocked Driveway","No Access","QUEENS","11368","Closed","40.748199761727534","-73.86455909292691"
"70030879","2026-08-11T21:30:12.000",,"Air Quality","Other Air Problem","BRONX","10468","In Progress","40.8707431309543","-73.88999915423092"
"70027665","2026-08-11T21:30:05.000",,"Maintenance or Facility","Unsecured Facility","MANHATTAN","10009","In Progress","40.72716820472698","-73.98271083621445"
"70033208","2026-08-11T21:30:02.000",,"Rodent","Rat Sighting","BRONX","10456","In Progress","40.83924842108658","-73.9134482849396"
"70029387","2026-08-11T21:29:51.000","2026-08-11T21:31:48.000","Violation of Park Rules","Smoking","QUEENS","11375","Closed","40.73576037683406","-73.85322876793556"
"70029000","2026-08-11T21:29:46.000","2026-08-11T21:56:17.000","Noise - Street/Sidewalk","Loud Music/Party","MANHATTAN","10026","Closed","40.80321524459579","-73.95626175455692"
"70031886","2026-08-11T21:29:37.000","2026-08-12T01:14:51.000","Noise - Residential","Banging/Pounding","QUEENS","11354","Closed","40.762971389062905","-73.82177017322834"
"70030353","2026-08-11T21:29:22.000","2026-08-11T22:36:28.000","Illegal Parking","Paper License Plates","QUEENS","11429","Closed","40.70928600643236","-73.7393574822891"
"70031884","2026-08-11T21:29:19.000","2026-08-11T22:28:16.000","Noise - Residential","Banging/Pounding","QUEENS","11355","Closed","40.760689230589044","-73.82094964824843"
"70030504","2026-08-11T21:29:15.000","2026-08-11T22:31:27.000","Noise - Residential","Loud Music/Party","MANHATTAN","10029","Closed","40.786515657816174","-73.94230483976352"
"70035696","2026-08-11T21:29:09.000","2026-08-11T22:13:31.000","Non-Emergency Police Matter","Trespassing","BROOKLYN","11221","Closed","40.6876885203234","-73.93787229970197"
"70028797","2026-08-11T21:28:59.000","2026-08-11T22:57:17.000","Noise - Residential","Banging/Pounding","MANHATTAN","10024","Closed","40.78942767746302","-73.97117824440998"
"70029819","2026-08-11T21:28:51.000",,"For Hire Vehicle Complaint","Driver Complaint - Non Passenger","MANHATTAN","10017","In Progress","40.7499201234752","-73.97211928086699"
"70036413","2026-08-11T21:28:38.000","2026-08-11T22:36:27.000","Noise - Street/Sidewalk","Loud Talking","QUEENS","11354","Closed","40.75875229269745","-73.83246599739333"
"70037992","2026-08-11T21:28:28.000","2026-08-11T22:21:00.000","Noise - Street/Sidewalk","Loud Music/Party","MANHATTAN","10027","Closed","40.807129273329735","-73.94965958870036"
"70030321","2026-08-11T21:28:20.000","2026-08-11T22:52:26.000","Blocked Driveway","Partial Access","QUEENS","11419","Closed","40.690678795114316","-73.83202042272806"
"70028172","2026-08-11T21:28:16.000","2026-08-12T01:11:28.000","Abandoned Vehicle","With License Plate","BROOKLYN","11234","Closed","40.623387491525314","-73.93001066565091"
"70031100","2026-08-11T21:28:06.000","2026-08-11T21:30:19.000","Noise - Residential","Banging/Pounding","BROOKLYN","11214","Closed","40.60810108364675","-73.99938414563323"
"70032356","2026-08-11T21:28:01.000",,"Air Quality","Restaurant Odor","QUEENS","11103","In Progress","40.767549580675386","-73.91200716670481"
"70035735","2026-08-11T21:27:48.000","2026-08-11T22:43:51.000","Noise - Vehicle","Engine Idling","BROOKLYN","11222","Closed","40.72928833854608","-73.95614791536849"
"70026864","2026-08-11T21:27:44.000","2026-08-11T21:34:18.000","Blocked Driveway","No Access","BROOKLYN","11213","Closed","40.6686089844636","-73.92745430361305"
"70037118","2026-08-11T21:27:27.000","2026-08-11T21:41:11.000","Illegal Parking","Commercial Overnight Parking","BROOKLYN","11228","Closed","40.6170597990522","-74.00821609559299"
"70033661","2026-08-11T21:27:20.000",,"Residential Disposal Complaint","Trash or Recycling Not Secure","MANHATTAN","10075","In Progress","40.773427788383785","-73.95932852086354"
"70033968","2026-08-11T21:27:08.000",,"Noise - Residential","Loud Music/Party","BRONX","10473","In Progress","40.82612276531203","-73.8554828783128"
"70027000","2026-08-11T21:27:00.000",,"Street Light Condition","Street Light Out","BROOKLYN","11230","Open","40.62559680836783","-73.9575957759001"
"70026456","2026-08-11T21:26:48.000",,"Highway Condition","Litter","BROOKLYN",,"In Progress",,
"70031832","2026-08-11T21:26:40.000",,"Illegal Parking","Blocked Hydrant","QUEENS","11378","In Progress","40.72731706953691","-73.89869290078113"
"70034338","2026-08-11T21:26:33.000",,"Indoor Air Quality","Other (Explain Below)","QUEENS","11367","In Progress","40.72795518149906","-73.81227383406969"
"70031834","2026-08-11T21:26:28.000",,"Blocked Driveway","Partial Access","QUEENS","11378","In Progress","40.718303831126946","-73.89932347401769"
"70034006","2026-08-11T21:26:27.000","2026-08-11T21:59:51.000","Noise - Residential","Loud Talking","BRONX","10458","Closed","40.85784453854579","-73.89453925511141"
"70028251","2026-08-11T21:26:09.000","2026-08-11T23:13:40.000","Non-Emergency Police Matter","Trespassing","BROOKLYN","11207","Closed","40.66832142420105","-73.88733384690237"
"70033998","2026-08-11T21:26:02.000","2026-08-11T22:39:36.000","Illegal Parking","Posted Parking Sign Violation","BRONX","10453","Closed","40.847405399703455","-73.90948708231173"
"70029018","2026-08-11T21:25:56.000","2026-08-11T22:08:01.000","Noise - Residential","Banging/Pounding","MANHATTAN","10034","Closed","40.867247444315936","-73.91760585057962"
"70028375","2026-08-11T21:25:45.000",,"Sidewalk Condition","Sidewalk Violation","QUEENS","11102","In Progress","40.77215584659056","-73.92874954549268"
"70032864","2026-08-11T21:25:36.000",,"Indoor Air Quality","Sewage Odor","STATEN ISLAND","10307","In Progress","40.50177907584533","-74.2376836874581"
"70037281","2026-08-11T21:25:28.000",,"Taxi Complaint","Driver Complaint - Passenger","QUEENS","11430","In Progress","40.64832048620134","-73.78828125130184"
"70037272","2026-08-11T21:25:27.000",,"For Hire Vehicle Complaint","Driver Complaint - Non Passenger","MANHATTAN","10010","In Progress","40.740312731855056","-73.98205787117253"
"70028301","2026-08-11T21:25:07.000","2026-08-11T21:37:30.000","Illegal Parking","Blocked Hydrant","BROOKLYN","11205","Closed","40.69383498754653","-73.97791612982495"
"70034017","2026-08-11T21:25:07.000","2026-08-11T21:47:58.000","Illegal Parking","Double Parked Blocking Vehicle","BRONX","10467","Closed","40.859977240527726","-73.86556421778361"
"70028962","2026-08-11T21:25:05.000","2026-08-11T22:04:24.000","Blocked Driveway","No Access","STATEN ISLAND","10314","Closed","40.59795201040438","-74.13887031316963"
"70027534","2026-08-11T21:25:01.000","2026-08-11T23:17:36.000","Blocked Driveway","No Access","QUEENS","11354","Closed","40.76132582118699","-73.83174839767673"
"70033999","2026-08-11T21:24:43.000","2026-08-11T22:39:35.000","Illegal Parking","Blocked Sidewalk","BRONX","10453","Closed","40.84751832568139","-73.9099893374593"
"70028820","2026-08-11T21:24:38.000","2026-08-11T22:36:28.000","Noise - Vehicle","Car/Truck Music","QUEENS","11691","Closed","40.605976178133204","-73.74987350826737"
"70036350","2026-08-11T21:24:37.000",,"Abandoned Vehicle","With License Plate","QUEENS","11378","In Progress","40.71982365702642","-73.9082534147785"
"70034976","2026-08-11T21:24:23.000","2026-08-11T21:56:17.000","Noise - Vehicle","Car/Truck Music","MANHATTAN","10026","Closed","40.80329481007526","-73.95617862514811"
"70027460","2026-08-11T21:24:14.000","2026-08-11T21:59:51.000","Illegal Parking","Blocked Hydrant","QUEENS","11416","Closed","40.684603863924465","-73.84316268631461"
"70036527","2026-08-11T21:23:40.000","2026-08-11T22:17:59.000","Illegal Parking","Double Parked Blocking Traffic","MANHATTAN","10027","Closed","40.80723355072292","-73.94960893815248"
"70033581","2026-08-11T21:23:20.000",,"Street Sweeping Complaint","Inadequate Sweeping","QUEENS","11423","In Progress","40.70894785152063","-73.77698650578353"
"70034096","2026-08-11T21:23:17.000","2026-08-11T21:48:11.000","Noise - Residential","Banging/Pounding","BROOKLYN","11230","Closed","40.62209100209315","-73.955717632399"
"70035428","2026-08-11T21:23:04.000",,"Highway Condition","Guard Rail - Highway","QUEENS",,"In Progress",,
"70037996","2026-08-11T21:23:02.000","2026-08-11T22:17:59.000","Illegal Parking","Double Parked Blocking Traffic","MANHATTAN","10027","Closed","40.80723355072292","-73.94960893815248"
"70033944","2026-08-11T21:22:57.000",,"Noise","Construction","BROOKLYN","11229","In Progress","40.6123227096244","-73.94409777332228"
"70037936","2026-08-11T21:22:53.000","2026-08-12T00:12:51.000","Illegal Parking","Commercial Overnight Parking","QUEENS","11368","Closed","40.752717168705615","-73.86417453983263"
"70034543","2026-08-11T21:22:17.000",,"HEAT/HOT WATER","APARTMENT ONLY","MANHATTAN","10040","Open","40.85500852495431","-73.9295825784972"
"70034040","2026-08-11T21:22:16.000","2026-08-11T22:50:44.000","Blocked Driveway","No Access","BROOKLYN","11235","Closed","40.5762645425827","-73.96575537879113"
"70028298","2026-08-11T21:22:13.000","2026-08-11T21:37:31.000","Illegal Parking","Posted Parking Sign Violation","BROOKLYN","11205","Closed","40.69383498754653","-73.97791612982495"
"70033355","2026-08-11T21:21:55.000","2026-08-11T21:34:20.000","Noise - Commercial","Loud Music/Party","QUEENS","11420","Closed","40.68207650568638","-73.81577412091511"
"70031501","2026-08-11T21:21:55.000",,"PLUMBING","TOILET","MANHATTAN","10031","Open","40.823646241340434","-73.95443090907575"
"70036005","2026-08-11T21:21:54.000",,"PLUMBING","TOILET","MANHATTAN","10031","Open","40.823646241340434","-73.95443090907575"
"70032573","2026-08-11T21:21:50.000","2026-08-11T21:30:05.000","Noise - Residential","Banging/Pounding","BROOKLYN","11214","Closed","40.60810108364675","-73.99938414563323"
"70031710","2026-08-11T21:21:45.000",,"Unsanitary Animal Pvt Property","Other Animal","QUEENS","11418","In Progress","40.70780268913179","-73.83723971011506"
"70037589","2026-08-11T21:21:39.000",,"ELECTRIC","POWER OUTAGE","BRONX","10453","Open","40.85331163840292","-73.912569670366"
"70028215","2026-08-11T21:21:31.000",,"Street Condition","Cave-in","BROOKLYN","11210","In Progress","40.621165144493595","-73.95353171555006"
"70032481","2026-08-11T21:21:20.000","2026-08-11T21:53:16.000","Abandoned Vehicle","With License Plate","BRONX","10465","Closed","40.82083255834308","-73.81104354109114"
"70029078","2026-08-11T21:21:07.000",,"Missed Collection","Trash and Bulky Trash","BROOKLYN","11212","In Progress","40.66929370195196","-73.91341288941672"
"70037682","2026-08-11T21:21:05.000",,"Rodent","Rat Sighting","BROOKLYN","11205","In Progress","40.692341581018304","-73.96568494370337"
"70033414","2026-08-11T21:21:04.000","2026-08-11T22:07:34.000","Illegal Parking","License Plate Obscured","QUEENS","11103","Closed","40.76502770303291","-73.91271805364158"
"70026664","2026-08-11T21:20:58.000","2026-08-11T21:47:43.000","Noise - Street/Sidewalk","Loud Talking","BRONX","10460","Closed","40.84232915383804","-73.86827075544613"
"70028365","2026-08-11T21:20:33.000",,"Consumer Complaint","Wholesale Food Market","MANHATTAN","10018","In Progress","40.756192112317805","-73.99056478174674"
"70033376","2026-08-11T21:20:30.000","2026-08-11T23:31:57.000","Illegal Parking","Posted Parking Sign Violation","QUEENS","11101","Closed","40.747309528543944","-73.94182270471691"
"70034981","2026-08-11T21:20:26.000","2026-08-11T22:04:25.000","Noise - Commercial","Loud Music/Party","MANHATTAN","10026","Closed","40.80225484364876","-73.95693421623459"
"70037857","2026-08-11T21:20:17.000","2026-08-11T23:51:19.000","Noise - Street/Sidewalk","Loud Music/Party","QUEENS","11377","Closed","40.742377359526586","-73.91181666983994"
"70033336","2026-08-11T21:20:06.000",,"Abandoned Vehicle","With License Plate","QUEENS","11378","In Progress","40.719999330139615","-73.90826399555651"
"70032627","2026-08-11T21:19:59.000","2026-08-11T23:08:37.000","Illegal Parking","Commercial Overnight Parking","BROOKLYN","11220","Closed","40.63935557825384","-74.02705984009098"
"70035561","2026-08-11T21:19:48.000","2026-08-12T00:31:46.000","Illegal Parking","Posted Parking Sign Violation","BROOKLYN","11234","Closed","40.61051156247864","-73.93449377359335"
"70029540","2026-08-11T21:19:03.000","2026-08-11T21:44:16.000","Illegal Parking","Commercial Overnight Parking","BRONX","10465","Closed","40.82571785402881","-73.8265667442175"
"70035846","2026-08-11T21:19:02.000",,"Standing Water","Other - Explain Below","QUEENS","11357","In Progress","40.77532316922862","-73.80027245550336"
"70036699","2026-08-11T21:19:00.000",,"Traffic Signal Condition","Controller","STATEN ISLAND","10312","Open","40.559126816852","-74.16947343221761"
"70026654","2026-08-11T21:18:55.000","2026-08-11T22:36:27.000","Blocked Driveway","No Access","BRONX","10469","Closed","40.882936580893386","-73.8564081301431"
"70030465","2026-08-11T21:18:44.000",,"Noise - Residential","Banging/Pounding","STATEN ISLAND","10303","In Progress","40.64054723667955","-74.16855600886304"
"70030515","2026-08-11T21:18:44.000","2026-08-11T22:04:19.000","Noise - Commercial","Loud Music/Party","MANHATTAN","10026","Closed","40.80225484364876","-73.95693421623459"
"70035494","2026-08-11T21:18:20.000","2026-08-11T21:47:36.000","Noise - Street/Sidewalk","Loud Music/Party","BRONX","10460","Closed","40.84232915383804","-73.86827075544613"
"70034171","2026-08-11T21:18:19.000","2026-08-11T22:24:48.000","Illegal Parking","Blocked Hydrant","BROOKLYN","11208","Closed","40.6813495457732","-73.88597782087102"
"70029434","2026-08-11T21:18:10.000",,"Water Maintenance","Fire Hydrant Running Full","QUEENS","11429","In Progress","40.70712252144493","-73.73909182068253"
"70037313","2026-08-11T21:18:08.000",,"Bus Stop Shelter Complaint","Broken Glass","MANHATTAN","10017","In Progress","40.753772631294275","-73.96783335398983"
"70035599","2026-08-11T21:17:57.000","2026-08-11T22:01:07.000","Noise - Residential","Banging/Pounding","BROOKLYN","11230","Closed","40.631625493319405","-73.96987014233007"
"70032763","2026-08-11T21:17:56.000",,"Food Establishment","Odor","MANHATTAN","10031","In Progress","40.82248321775647","-73.94960461640152"
"70028019","2026-08-11T21:17:45.000",,"Water Maintenance","Fire Hydrant Running","MANHATTAN","10034","In Progress","40.87041578647481","-73.91514686699077"
"70030944","2026-08-11T21:17:27.000",,"Sewer Maintenance","Catch Basin Clogged","QUEENS","11692","In Progress","40.59846500968505","-73.79491389538154"
"70031767","2026-08-11T21:17:17.000",,"Overgrown Tree/Branches","Clear Street Light","STATEN ISLAND","10303","In Progress","40.625937122751836","-74.15861595909233"
"70034011","2026-08-11T21:17:07.000",,"Illegal Parking","Blocked Sidewalk","BRONX","10469","In Progress","40.863644149418825","-73.8417498475377"
"70030439","2026-08-11T21:16:57.000","2026-08-12T00:42:59.000","Illegal Parking","Posted Parking Sign Violation","QUEENS","11105","Closed","40.786632776112306","-73.91436530290031"
"70030561","2026-08-11T21:16:37.000",,"Residential Disposal Complaint","Waste Not Separated","MANHATTAN","10031","In Progress","40.8215795211339","-73.95456239383346"
"70029541","2026-08-11T21:16:29.000","2026-08-11T21:44:16.000","Illegal Parking","Commercial Overnight Parking","BRONX","10465","Closed","40.82574808931006","-73.82659557160723"
"70034186","2026-08-11T21:16:23.000","2026-08-11T21:37:32.000","Noise - Commercial","Loud Talking","BROOKLYN","11221","Closed","40.68483699846331","-73.93842301262086"
"70030520","2026-08-11T21:16:03.000","2026-08-12T01:17:34.000","Noise - Vehicle","Engine Idling","MANHATTAN","10030","Closed","40.8160658007736","-73.94313544165297"
"70035841","2026-08-11T21:16:02.000",,"Street Sign - Missing","No Parking, Standing, Stopping","QUEENS","11428","In Progress","40.716515024734434","-73.75271973602945"
"70028815","2026-08-11T21:16:01.000","2026-08-11T21:44:16.000","Illegal Parking","Posted Parking Sign Violation","MANHATTAN","10001","Closed","40.751282143854375","-73.99905077295402"
"70037137","2026-08-11T21:15:59.000","2026-08-11T23:51:19.000","Noise - Residential","Loud Music/Party","BROOKLYN","11225","Closed","40.663504089172804","-73.94274645441016"
"70034737","2026-08-11T21:15:56.000","2026-08-11T22:39:57.000","Noise - Residential","Loud Music/Party","BROOKLYN","11207","Closed","40.665672306137665","-73.89870362111806"
"70029957","2026-08-11T21:15:36.000",,"UNSANITARY CONDITION","PESTS","MANHATTAN","10044","Open","40.76232416849643","-73.9495021319999"
"70028524","2026-08-11T21:15:36.000",,"UNSANITARY CONDITION","GARBAGE/RECYCLING STORAGE","MANHATTAN","10044","Open","40.76232416849643","-73.9495021319999"
"70031483","2026-08-11T21:15:34.000",,"UNSANITARY CONDITION","GARBAGE/RECYCLING STORAGE","BROOKLYN","11209","Open","40.620867399838275","-74.02380318165036"
"70027417","2026-08-11T21:15:33.000","2026-08-11T21:41:12.000","Noise - Street/Sidewalk","Loud Music/Party","BROOKLYN","11201","Closed","40.695482340480766","-73.98064908964048"
"70026763","2026-08-11T21:15:28.000","2026-08-12T01:24:57.000","Illegal Parking","Commercial Overnight Parking","BROOKLYN","11209","Closed","40.62975797721355","-74.03393341978105"
"70028464","2026-08-11T21:15:19.000",,"UNSANITARY CONDITION","PESTS","QUEENS","11416","Open","40.6865676804103","-73.8441207975749"
"70028530","2026-08-11T21:15:19.000",,"SAFETY","CARBON MONOXIDE DETECTOR","QUEENS","11416","Open","40.6865676804103","-73.8441207975749"
"70035985","2026-08-11T21:15:19.000",,"SAFETY","SMOKE DETECTOR","QUEENS","11416","Open","40.6865676804103","-73.8441207975749"
"70028523","2026-08-11T21:15:16.000",,"UNSANITARY CONDITION","GARBAGE/RECYCLING STORAGE","BROOKLYN","11222","Open","40.72659902297558","-73.94466937247502"
"70030371","2026-08-11T21:15:14.000","2026-08-11T21:52:45.000","Blocked Driveway","No Access","QUEENS","11419","Closed","40.68789522199386","-73.82262710323552"
"70033988","2026-08-11T21:14:55.000","2026-08-11T21:44:16.000","Illegal Parking","Commercial Overnight Parking","BRONX","10465","Closed","40.82579480914113","-73.82663519590264"
"70036481","2026-08-11T21:14:31.000","2026-08-11T22:21:00.000","Abandoned Vehicle","With License Plate","STATEN ISLAND","10305","Closed","40.58803236736649","-74.0689945722444"
"70031854","2026-08-11T21:14:26.000","2026-08-11T21:48:10.000","Blocked Driveway","No Access","QUEENS","11419","Closed","40.685363773295855","-73.82754115042772"
"70028071","2026-08-11T21:14:03.000","2026-08-11T23:41:32.000","Non-Emergency Police Matter","Other (complaint details)","BRONX","10452","Closed","40.82852588483735","-73.92266199954574"
"70034980","2026-08-11T21:14:02.000","2026-08-11T22:04:21.000","Noise - Commercial","Loud Music/Party","MANHATTAN","10026","Closed","40.80216703669884","-73.95699928882394"
"70032845","2026-08-11T21:14:00.000",,"Street Light Condition","Street Light Out","STATEN ISLAND","10303","Open","40.62593970346258","-74.15873484627433"
"70037290","2026-08-11T21:13:32.000",,"Curb Condition","Broken Curb","STATEN ISLAND","10314","In Progress","40.59823284575552","-74.1262207269838"
"70028064","2026-08-11T21:13:31.000",,"Illegal Parking","Commercial Overnight Parking","BRONX","10472","In Progress","40.82777985391628","-73.86160757583667"
"70031008","2026-08-11T21:13:16.000","2026-08-11T21:44:16.000","Illegal Parking","Commercial Overnight Parking","BRONX","10465","Closed","40.82578106386153","-73.82662077860954"
"70034125","2026-08-11T21:12:58.000",,"Street Condition","Failed Street Repair","MANHATTAN","10034","In Progress","40.867257972282935","-73.92934182920582"
"70030511","2026-08-11T21:12:45.000","2026-08-11T22:21:00.000","Noise - Street/Sidewalk","Loud Music/Party","MANHATTAN","10027","Closed","40.807667072840424","-73.94927989187288"
"70031220","2026-08-11T21:12:35.000","2026-08-11T22:43:49.000","Illegal Parking","Blocked Hydrant","BROOKLYN","11208","Closed","40.68257695265367","-73.87085780524932"
"70028600","2026-08-11T21:12:19.000",,"HEAT/HOT WATER","ENTIRE BUILDING","BROOKLYN","11225","Open","40.66946423608267","-73.95839338632759"
"70026564","2026-08-11T21:12:15.000",,"Sewer Maintenance","Odor","QUEENS","11433","In Progress","40.704033104522615","-73.79379204757791"
"70034385","2026-08-11T21:12:15.000",,"WATER LEAK","DAMP SPOT","MANHATTAN","10024","Open","40.784060169649415","-73.97640930345345"
"70037461","2026-08-11T21:12:15.000",,"UNSANITARY CONDITION","MOLD","MANHATTAN","10024","Open","40.784060169649415","-73.97640930345345"
"70027144","2026-08-11T21:11:53.000",,"UNSANITARY CONDITION","GARBAGE/RECYCLING STORAGE","QUEENS","11367","Open","40.72795518149906","-73.81227383406969"
"70030376","2026-08-11T21:11:45.000","2026-08-11T21:48:47.000","Illegal Parking","Blocked Hydrant","QUEENS","11419","Closed","40.685366518061926","-73.82754114332901"
"70036142","2026-08-11T21:11:16.000",,"Homeless Person Assistance","Non-Chronic","MANHATTAN","10006","In Progress","40.70986316231586","-74.01205093908679"
"70033616","2026-08-11T21:11:08.000",,"Illegal Dumping","Removal Request","BROOKLYN","11206","In Progress","40.71116948088843","-73.94213559804082"
"70034743","2026-08-11T21:11:06.000","2026-08-11T21:41:12.000","Noise - Street/Sidewalk","Loud Music/Party","BROOKLYN","11201","Closed","40.695482340480766","-73.98064908964048"
"70036991","2026-08-11T21:11:02.000","2026-08-11T21:44:16.000","Illegal Parking","Commercial Overnight Parking","BRONX","10465","Closed","40.825731599315304","-73.82658116148573"
"70029765","2026-08-11T21:11:01.000","2026-08-11T21:47:35.000","Noise - Street/Sidewalk","Loud Music/Party","BROOKLYN","11238","Closed","40.68302183461124","-73.96172365199637"
"70035831","2026-08-11T21:11:00.000",,"Street Light Condition","Street Light Out","BRONX","10469","Open","40.86601691255067","-73.85100339653424"
"70036905","2026-08-11T21:10:59.000","2026-08-11T21:17:00.000","Water Maintenance","Fire Hydrant Running Full","BROOKLYN","11231","Closed","40.6789267484793","-74.01323870716895"
"70036483","2026-08-11T21:10:54.000","2026-08-11T21:48:08.000","Noise - Residential","Banging/Pounding","STATEN ISLAND","10306","Closed","40.56317816750815","-74.11102041011982"
"70028931","2026-08-11T21:10:48.000","2026-08-11T22:11:05.000","Illegal Parking","Commercial Overnight Parking","QUEENS","11434","Closed","40.68096034979974","-73.78766565424021"
"70035669","2026-08-11T21:10:39.000","2026-08-11T23:44:56.000","Illegal Parking","Commercial Overnight Parking","BROOKLYN","11208","Closed","40.66649947350184","-73.86969219123534"
"70036863","2026-08-11T21:10:38.000",,"Lead","Lead Kit","BROOKLYN","11201","In Progress","40.69144229924395","-73.98225132135923"
"70038003","2026-08-11T21:10:31.000","2026-08-11T21:29:55.000","Noise - Street/Sidewalk","Loud Music/Party","MANHATTAN","10033","Closed","40.85143336719383","-73.92708140134927"
"70034990","2026-08-11T21:10:06.000","2026-08-11T23:12:18.000","Noise - Residential","Loud Music/Party","MANHATTAN","10030","Closed","40.819557254828304","-73.938135773137"
"70028850","2026-08-11T21:10:06.000",,"Blocked Driveway","Partial Access","QUEENS","11385","In Progress","40.69547269822946","-73.89304708267466"
"70028048","2026-08-11T21:09:56.000",,"Noise","Jackhammer","QUEENS","11377","In Progress","40.74113099027244","-73.91894546266364"
"70037011","2026-08-11T21:09:45.000","2026-08-11T22:20:59.000","Blocked Driveway","Partial Access","BRONX","10466","Closed","40.890891603532225","-73.85714324367027"
"70034979","2026-08-11T21:09:40.000","2026-08-11T21:56:17.000","Noise - Residential","Loud Music/Party","MANHATTAN","10026","Closed","40.80364878183708","-73.95592193526983"
"70030548","2026-08-11T21:09:27.000",,"Maintenance or Facility","Garbage or Litter","MANHATTAN","10040","In Progress","40.85980996245689","-73.93116453197796"
"70031777","2026-08-11T21:09:25.000","2026-08-11T21:41:14.000","Noise - Street/Sidewalk","Loud Music/Party","BROOKLYN","11201","Closed","40.695482340480766","-73.98064908964048"
"70036981","2026-08-11T21:09:21.000","2026-08-11T21:37:33.000","Noise - Street/Sidewalk","Loud Music/Party","BRONX","10452","Closed","40.83993074976429","-73.91566280338023"
"70027464","2026-08-11T21:09:20.000","2026-08-11T21:56:17.000","Noise - Residential","Banging/Pounding","QUEENS","11435","Closed","40.70525940726069","-73.80771029332841"
"70037807","2026-08-11T21:09:03.000",,"Abandoned Vehicle","With License Plate","QUEENS","11378","In Progress","40.719911492146345","-73.90825690139678"
"70035407","2026-08-11T21:08:55.000","2026-08-11T22:05:00.000","Sewer Maintenance","Backup","BRONX","10466","Closed","40.884838624257455","-73.85638593950749"
"70032787","2026-08-11T21:08:50.000",,"Lost Property","Bag/Wallet","MANHATTAN","10016","In Progress","40.74315953831596","-73.98561897861643"
"70037823","2026-08-11T21:08:48.000","2026-08-11T21:44:17.000","Illegal Parking","Parking Permit Improper Use","QUEENS","11411","Closed","40.701684421927496","-73.74366818745862"
"70028131","2026-08-11T21:08:41.000","2026-08-11T22:49:08.000","Blocked Driveway","No Access","BRONX","10458","Closed","40.869120647952144","-73.8840179752722"
"70038005","2026-08-11T21:08:35.000","2026-08-11T22:04:25.000","Noise - Residential","Loud Music/Party","MANHATTAN","10040","Closed","40.85439412473198","-73.93026281602748"
"70027345","2026-08-11T21:08:34.000",,"Unsanitary Animal Pvt Property","Cat","BROOKLYN","11223","In Progress","40.588630515182516","-73.9679705076193"
"70028256","2026-08-11T21:08:14.000","2026-08-11T23:44:57.000","Illegal Parking","Commercial Overnight Parking","BROOKLYN","11208","Closed","40.6666946217352","-73.86992971723693"
"70035450","2026-08-11T21:08:10.000","2026-08-11T21:52:39.000","Noise - Residential","Loud Talking","BRONX","10452","Closed","40.834937729559414","-73.92295087520665"
"70038127","2026-08-11T21:08:08.000",,"Dirty Condition","Dog Waste","BROOKLYN","11235","In Progress","40.591607210149505","-73.9488895090837"
"70034080","2026-08-11T21:07:53.000","2026-08-11T21:26:39.000","Noise - Residential","Banging/Pounding","BROOKLYN","11203","Closed","40.641426741072415","-73.94065387126048"
"70037677","2026-08-11T21:07:22.000",,"Rodent","Rat Sighting","BROOKLYN","11206","In Progress","40.69214150676865","-73.95128257340366"
"70029593","2026-08-11T21:07:14.000","2026-08-11T21:12:00.000","Illegal Parking","Posted Parking Sign Violation","BRONX","10468","Closed","40.86603556004148","-73.89853219364673"
"70036199","2026-08-11T21:07:04.000",,"Rodent","Rat Sighting","BROOKLYN","11238","In Progress","40.674146466639925","-73.96562220431632"
"70030727","2026-08-11T21:07:00.000","2026-08-11T23:30:00.000","Traffic Signal Condition","Veh Signal Lamp","BROOKLYN","11235","Closed","40.5859350021097","-73.95188929371534"
"70030163","2026-08-11T21:06:57.000","2026-08-12T01:32:10.000","Homeless Person Assistance","Non-Chronic","MANHATTAN","10014","Closed","40.730737634762825","-74.00340966920756"
"70031999","2026-08-11T21:06:50.000","2026-08-11T21:56:17.000","Noise - Street/Sidewalk","Loud Music/Party","MANHATTAN","10026","Closed","40.80338261654611","-73.95611355037366"
"70027645","2026-08-11T21:06:42.000","2026-08-11T23:21:29.000","Noise - Residential","Loud Music/Party","MANHATTAN","10030","Closed","40.820622548407414","-73.93877789500522"
"70035602","2026-08-11T21:06:33.000","2026-08-12T00:20:48.000","Illegal Parking","Double Parked Blocking Traffic","BROOKLYN","11218","Closed","40.64336771748651","-73.96996933843045"
"70026700","2026-08-11T21:06:24.000",,"Noise - Street/Sidewalk","Loud Music/Party","BROOKLYN","11235","In Progress","40.57644684745573","-73.94707602091962"
"70034055","2026-08-11T21:05:56.000",,"Illegal Parking","Commercial Overnight Parking","BROOKLYN","11204","In Progress","40.61555473227454","-73.98329443561649"
"70032514","2026-08-11T21:05:53.000",,"Blocked Driveway","No Access","BRONX","10461","In Progress","40.85140569926768","-73.85223981038783"
"70032563","2026-08-11T21:05:47.000","2026-08-11T21:52:45.000","Illegal Parking","Posted Parking Sign Violation","BROOKLYN","11235","Closed","40.584019358955196","-73.93554581285493"
"70029644","2026-08-11T21:05:41.000","2026-08-11T23:08:37.000","Illegal Parking","Posted Parking Sign Violation","BROOKLYN","11220","Closed","40.63917674716475","-74.02878928673124"
"70026863","2026-08-11T21:05:29.000","2026-08-11T21:29:57.000","Noise - Residential","Loud Music/Party","BROOKLYN","11213","Closed","40.66861453534958","-73.92755162599363"
"70035671","2026-08-11T21:05:27.000","2026-08-11T23:44:57.000","Illegal Parking","Commercial Overnight Parking","BROOKLYN","11208","Closed","40.66649947350184","-73.86969219123534"
"70037935","2026-08-11T21:05:16.000","2026-08-12T00:43:00.000","Illegal Parking","Commercial Overnight Parking","QUEENS","11368","Closed","40.75289490801998","-73.85463113443659"
"70028125","2026-08-11T21:05:10.000","2026-08-11T21:16:51.000","Illegal Parking","Blocked Hydrant","BRONX","10463","Closed","40.88054200186549","-73.90587273430374"
"70031904","2026-08-11T21:05:00.000","2026-08-11T21:17:04.000","Non-Emergency Police Matter","Other (complaint details)","QUEENS","11374","Closed","40.72398849764164","-73.85571157483002"
"70032567","2026-08-11T21:04:56.000",,"Illegal Parking","Commercial Overnight Parking","BROOKLYN","11214","In Progress","40.608929813548215","-73.99322191633154"
"70037194","2026-08-11T21:04:55.000","2026-08-11T22:33:04.000","Blocked Driveway","No Access","BROOKLYN","11208","Closed","40.68849792600463","-73.87377788053543"
"70029601","2026-08-11T21:04:43.000",,"Illegal Parking","Blocked Hydrant","BROOKLYN","11235","In Progress","40.58565835463755","-73.93617067941608"
"70029032","2026-08-11T21:04:26.000",,"Maintenance or Facility","Rodent Sighting","BROOKLYN","11233","In Progress","40.678296690438636","-73.90655116784473"
"70034931","2026-08-11T21:04:17.000","2026-08-11T21:47:59.000","Noise - Residential","Banging/Pounding","STATEN ISLAND","10306","Closed","40.56317816750815","-74.11102041011982"
"70026681","2026-08-11T21:04:09.000","2026-08-11T21:16:51.000","Drug Activity","Use Indoor","BRONX","10458","Closed","40.86723592869493","-73.89347947473914"
"70035743","2026-08-11T21:03:59.000",,"Smoking or Vaping","Allowed in Smoke Free Area","QUEENS","11691","In Progress","40.60216594421872","-73.75605300564362"
"70036533","2026-08-11T21:03:59.000","2026-08-12T01:17:52.000","Noise - Street/Sidewalk","Loud Music/Party","MANHATTAN","10037","Closed","40.81115206065925","-73.94175606170774"
"70026601","2026-08-11T21:03:53.000",,"Noise - Residential","Banging/Pounding","BRONX","10459","In Progress","40.823427017004896","-73.88705678315648"
"70037805","2026-08-11T21:03:27.000",,"Illegal Parking","Blocked Hydrant","QUEENS","11385","In Progress","40.70419258870979","-73.91223506272216"
"70029605","2026-08-11T21:03:22.000","2026-08-11T21:53:03.000","Illegal Parking","Posted Parking Sign Violation","BROOKLYN","11235","Closed","40.58459493164152","-73.93407276701545"
"70027500","2026-08-11T21:03:16.000","2026-08-11T21:26:39.000","Illegal Parking","Commercial Overnight Parking","QUEENS","11417","Closed","40.68140517864328","-73.84647640871428"
"70034044","2026-08-11T21:03:15.000",,"Noise - Residential","Banging/Pounding","BROOKLYN","11235","In Progress","40.58947694483874","-73.96232094321357"
"70035748","2026-08-11T21:03:13.000",,"Food Establishment","Letter Grading","QUEENS","11365","In Progress","40.73939301097045","-73.78577257218423"
"70031337","2026-08-11T21:03:00.000",,"Street Light Condition","Street Light Out","QUEENS","11385","Open","40.70863061058593","-73.8593950249961"
"70029519","2026-08-11T21:02:59.000",,"Illegal Parking","Blocked Hydrant","BRONX","10462","In Progress","40.84031120268387","-73.86305243075523"
"70037062","2026-08-11T21:02:53.000",,"Illegal Parking","Commercial Overnight Parking","BROOKLYN","11214","In Progress","40.60710170795148","-73.99209485320901"
"70030309","2026-08-11T21:02:49.000","2026-08-11T21:23:38.000","Noise - Commercial","Loud Music/Party","QUEENS","11692","Closed","40.59068844290121","-73.79615836783032"
"70027220","2026-08-11T21:02:46.000",,"HEAT/HOT WATER","APARTMENT ONLY","MANHATTAN","10128","Open","40.78054867177627","-73.94822452555469"
"70027698","2026-08-11T21:02:38.000",,"Obstruction","Cone","BRONX","10469","In Progress","40.863644149418825","-73.8417498475377"
"70031153","2026-08-11T21:02:22.000","2026-08-11T22:17:09.000","Illegal Parking","Posted Parking Sign Violation","MANHATTAN","10002","Closed","40.71727670585068","-73.98741382722251"
"70035582","2026-08-11T21:02:03.000","2026-08-11T21:29:57.000","Blocked Driveway","No Access","BROOKLYN","11203","Closed","40.657946529771415","-73.92908057131702"
"70035667","2026-08-11T21:02:00.000","2026-08-12T00:39:39.000","Illegal Parking","Posted Parking Sign Violation","BROOKLYN","11207","Closed","40.67638954407949","-73.89145535621624"
"70028157","2026-08-11T21:01:46.000",,"Illegal Parking","Commercial Overnight Parking","BROOKLYN","11204","In Progress","40.61600764292618","-73.98343119500879"
"70035538","2026-08-11T21:01:04.000","2026-08-11T21:29:55.000","Illegal Parking","Blocked Hydrant","BROOKLYN","11235","Closed","40.58506434208762","-73.93415870953282"
"70031775","2026-08-11T21:00:45.000","2026-08-11T21:41:12.000","Noise - Street/Sidewalk","Loud Music/Party","BROOKLYN","11201","Closed","40.695482340480766","-73.98064908964048"
"70029458","2026-08-11T21:00:38.000",,"Water Maintenance","Fire Hydrant Running","BRONX","10462","In Progress","40.84953128176054","-73.86355755977638"
"70028885","2026-08-11T21:00:30.000",,"Illegal Parking","Blocked Hydrant","QUEENS","11377","In Progress","40.737221282584464","-73.90652265340628"
"70037366","2026-08-11T21:00:17.000",,"Indoor Air Quality","Chemical Vapors/Gases/Odors","MANHATTAN","10001","In Progress","40.753011268221584","-74.0040171753845"
"70037125","2026-08-11T21:00:14.000","2026-08-11T21:49:24.000","Noise - Commercial","Loud Music/Party","MANHATTAN","10002","Closed","40.71482878510521","-73.99193778647712"
"70030876","2026-08-11T21:00:06.000",,"Air Quality","Vehicle Idling Odor","MANHATTAN","10030","In Progress","40.8160658007736","-73.94313544165297"
"70029236","2026-08-11T21:00:00.000","2026-08-11T22:00:00.000","Traffic Signal Condition","Controller","QUEENS","11101","Closed","40.74779363239601","-73.94984517789455"
"70035672","2026-08-11T20:59:46.000","2026-08-11T21:26:39.000","Illegal Parking","Blocked Hydrant","BROOKLYN","11208","Closed","40.682010922937884","-73.86790601071141"
"70034835","2026-08-11T20:59:44.000","2026-08-11T22:43:50.000","Illegal Parking","Posted Parking Sign Violation","QUEENS","11365","Closed","40.73410341360705","-73.78260705005437"
"70031090","2026-08-11T20:59:38.000",,"Illegal Parking","Commercial Overnight Parking","BROOKLYN","11214","In Progress","40.60837265289233","-73.99380181475132"
"70027012","2026-08-11T20:59:00.000",,"Street Light Condition","Lamppost Wire Exposed","BRONX","10455","Open","40.818593040796046","-73.90809556973392"
"70033457","2026-08-11T20:58:56.000","2026-08-11T21:22:58.000","Illegal Parking","Commercial Overnight Parking","STATEN ISLAND","10309","Closed","40.559390931477516","-74.19823986727536"
"70032860","2026-08-11T20:58:42.000",,"Standing Water","Container - Over 5 Gallons","QUEENS","11365","In Progress","40.74709060821888","-73.79400523792404"
"70029653","2026-08-11T20:58:39.000","2026-08-11T21:13:49.000","Noise - Street/Sidewalk","Loud Music/Party","MANHATTAN","10002","Closed","40.722527422941084","-73.9873478975241"
"70035476","2026-08-11T20:58:38.000","2026-08-11T22:11:05.000","Blocked Driveway","No Access","BRONX","10469","Closed","40.874597054982","-73.84288810823273"
"70032385","2026-08-11T20:58:30.000",,"Water Conservation","Water Meter Broken/Leaking","STATEN ISLAND","10309","In Progress","40.524609101125506","-74.20421204518026"
"70029555","2026-08-11T20:58:28.000","2026-08-11T21:47:36.000","Noise - Residential","Banging/Pounding","BRONX","10460","Closed","40.84477394812298","-73.88558204647576"
"70032578","2026-08-11T20:58:11.000","2026-08-11T23:57:43.000","Blocked Driveway","No Access","BROOKLYN","11214","Closed","40.60895989267785","-74.00848881531019"
"70027684","2026-08-11T20:58:06.000",,"Obstruction","Weeds or Grass","BROOKLYN","11234","In Progress","40.629731182955524","-73.92221507056951"
"70035542","2026-08-11T20:58:03.000",,"Illegal Parking","Commercial Overnight Parking","BROOKLYN","11214","In Progress","40.60902590683879","-73.99366849721609"
"70032636","2026-08-11T20:57:58.000","2026-08-11T21:06:36.000","Noise - Residential","Banging/Pounding","BROOKLYN","11230","Closed","40.627048451469705","-73.9566545983824"
"70032694","2026-08-11T20:57:55.000","2026-08-11T21:37:33.000","Illegal Parking","Blocked Sidewalk","BROOKLYN","11207","Closed","40.666376741117936","-73.88319900824172"
"70037849","2026-08-11T20:57:52.000","2026-08-11T21:00:54.000","Noise - Vehicle","Car/Truck Horn","QUEENS","11366","Closed","40.72195913199264","-73.80969682426189"
"70027528","2026-08-11T20:57:51.000","2026-08-11T22:39:35.000","Noise - Street/Sidewalk","Loud Music/Party","QUEENS","11354","Closed","40.759127359015885","-73.82993468227683"
"70029535","2026-08-11T20:57:49.000","2026-08-11T23:35:08.000","Illegal Parking","Blocked Sidewalk","BRONX","10451","Closed","40.8200712442104","-73.92981826098072"
"70028086","2026-08-11T20:57:28.000","2026-08-11T22:48:53.000","Noise - Street/Sidewalk","Loud Music/Party","BRONX","10453","Closed","40.85556235414064","-73.9023763393627"
"70028058","2026-08-11T20:57:20.000","2026-08-11T23:51:51.000","Blocked Driveway","Partial Access","BRONX","10459","Closed","40.82850447192082","-73.89251526890678"
"70032167","2026-08-11T20:57:12.000",,"Street Condition","Pothole","QUEENS","11385","Open","40.7126973856682","-73.90059444155973"
"70038072","2026-08-11T20:57:10.000",,"Litter Basket Request","New Basket","QUEENS","11385","In Progress","40.69511664556036","-73.90321711048776"
"70036207","2026-08-11T20:57:08.000",,"Rodent","Rat Sighting","BROOKLYN","11205","In Progress","40.69334922025418","-73.9667374041262"
"70026767","2026-08-11T20:57:03.000","2026-08-11T21:49:23.000","Noise - Commercial","Loud Music/Party","MANHATTAN","10002","Closed","40.71482878510521","-73.99193778647712"
"70027808","2026-08-11T20:57:00.000","2026-08-11T21:00:00.000","Traffic Signal Condition","Controller","QUEENS","11415","Closed","40.710188671644","-73.82111776291487"
"70032846","2026-08-11T20:57:00.000",,"Street Light Condition","Street Light Cycling","MANHATTAN","10027","Open","40.81030302857977","-73.94550289423765"
"70027277","2026-08-11T20:56:43.000",,"DOOR/WINDOW","DOOR","QUEENS","11693","Open","40.58543821549473","-73.8177472355549"
"70027192","2026-08-11T20:56:43.000",,"PAINT/PLASTER","WALL","QUEENS","11693","Open","40.58543821549473","-73.8177472355549"
"70033039","2026-08-11T20:56:43.000",,"PLUMBING","BATHTUB/SHOWER","QUEENS","11693","Open","40.58543821549473","-73.8177472355549"
"70037583","2026-08-11T20:56:43.000",,"FLOORING/STAIRS","FLOOR","QUEENS","11693","Open","40.58543821549473","-73.8177472355549"
"70034898","2026-08-11T20:56:10.000","2026-08-12T01:18:49.000","Illegal Parking","Commercial Overnight Parking","QUEENS","11106","Closed","40.75895855896019","-73.92783959333553"
"70031908","2026-08-11T20:56:06.000","2026-08-11T21:22:52.000","Noise - Vehicle","Car/Truck Music","QUEENS","11434","Closed","40.674071714138535","-73.76544796024355"
"70029780","2026-08-11T20:56:05.000","2026-08-11T22:07:35.000","Abandoned Vehicle","With License Plate","BROOKLYN","11222","Closed","40.73632740300032","-73.95302560894284"
"70034882","2026-08-11T20:56:00.000","2026-08-11T21:12:20.000","Illegal Parking","License Plate Obscured","QUEENS","11412","Closed","40.69868393277227","-73.75609293728346"
"70028788","2026-08-11T20:55:53.000","2026-08-11T21:41:14.000","Noise - Street/Sidewalk","Loud Music/Party","BROOKLYN","11201","Closed","40.695482340480766","-73.98064908964048"
"70033857","2026-08-11T20:55:39.000",,"Green Infrastructure","Rain Garden","QUEENS","11416","In Progress","40.68747257757763","-73.84146843369354"
"70030170","2026-08-11T20:55:11.000","2026-08-11T23:55:49.000","Homeless Person Assistance","Non-Chronic","BROOKLYN","11201","Closed","40.69099302939465","-73.98931192019624"
"70031007","2026-08-11T20:55:09.000","2026-08-11T22:04:23.000","Illegal Parking","Posted Parking Sign Violation","BRONX","10475","Closed","40.871836251972034","-73.82775536818994"
"70035084","2026-08-11T20:54:58.000",,"Illegal Dumping","Removal Request","BROOKLYN","11207","In Progress","40.682397059912866","-73.90958125452957"
"70027821","2026-08-11T20:54:55.000",,"Graffiti","Graffiti","BROOKLYN","11220","Open","40.63895776745067","-74.00767111255165"
"70027683","2026-08-11T20:54:51.000",,"Obstruction","Weeds or Grass","BRONX","10465","In Progress","40.82064815522512","-73.81928892732002"
"70037127","2026-08-11T20:54:48.000","2026-08-12T00:46:02.000","Illegal Parking","Parking Permit Improper Use","BROOKLYN","11210","Closed","40.63398626651979","-73.95404880918083"
"70028818","2026-08-11T20:54:30.000","2026-08-11T21:23:33.000","Noise - Commercial","Loud Music/Party","QUEENS","11692","Closed","40.59068844290121","-73.79615836783032"
"70036917","2026-08-11T20:53:51.000","2026-08-11T21:22:00.000","Water Maintenance","Fire Hydrant Running","BROOKLYN","11204","Closed","40.62016166438124","-73.99683732259884"
"70035765","2026-08-11T20:53:47.000",,"Lost Property","Other","MANHATTAN","10010","In Progress","40.73816657030053","-73.98363176291305"
"70031388","2026-08-11T20:53:43.000",,"WATER LEAK","HEAVY FLOW","MANHATTAN","10030","Open","40.820050914023135","-73.93741272242026"
"70035950","2026-08-11T20:53:41.000",,"UNSANITARY CONDITION","PESTS","BRONX","10455","Open","40.811568203127294","-73.90673252034658"
"70031232","2026-08-11T20:53:27.000","2026-08-11T21:11:30.000","Noise - Residential","Banging/Pounding","BROOKLYN","11221","Closed","40.69119803999353","-73.92676622642057"
"70037086","2026-08-11T20:53:11.000",,"Illegal Parking","Commercial Overnight Parking","BROOKLYN","11234","In Progress","40.617558729997604","-73.94198621911735"
"70035409","2026-08-11T20:53:04.000",,"Noise","Dog","BRONX","10468","In Progress","40.87146871410207","-73.89103567548761"
"70033366","2026-08-11T20:53:04.000","2026-08-11T22:52:27.000","Noise - Residential","Banging/Pounding","QUEENS","11427","Closed","40.72374869842419","-73.75977130333354"
"70033515","2026-08-11T20:52:41.000","2026-08-11T21:37:31.000","Noise - Residential","Banging/Pounding","MANHATTAN","10033","Closed","40.84960285940338","-73.93673790928068"
"70035435","2026-08-11T20:52:31.000",,"Blocked Driveway","No Access","BRONX","10455","In Progress","40.81552831411138","-73.89957379531158"
"70034188","2026-08-11T20:52:19.000","2026-08-11T21:10:21.000","Noise - Residential","Banging/Pounding","BROOKLYN","11221","Closed","40.69119803999353","-73.92676622642057"
"70030385","2026-08-11T20:52:15.000","2026-08-11T21:41:12.000","Illegal Parking","Double Parked Blocking Traffic","QUEENS","11432","Closed","40.711039509091506","-73.79323652784424"
"70034061","2026-08-11T20:52:08.000","2026-08-11T23:25:12.000","Blocked Driveway","No Access","BROOKLYN","11214","Closed","40.61275076632966","-73.99954618096454"
"70027554","2026-08-11T20:52:07.000","2026-08-11T22:11:06.000","Non-Emergency Police Matter","Other (complaint details)","QUEENS","11103","Closed","40.75840013768475","-73.91779824823908"
"70036462","2026-08-11T20:52:05.000","2026-08-11T21:36:27.000","Illegal Parking","Blocked Sidewalk","QUEENS","11103","Closed","40.76958062747012","-73.91559304356464"
"70031330","2026-08-11T20:52:00.000",,"Street Light Condition","Street Light Out","BROOKLYN","11216","Open","40.68965818409251","-73.94665802675449"
"70035163","2026-08-11T20:51:59.000",,"Street Condition","Pothole","QUEENS","11354","Open","40.764071008373364","-73.8091360878269"
"70028741","2026-08-11T20:51:22.000",,"Damaged Tree","Branch or Limb Has Fallen Down","BROOKLYN","11234","In Progress","40.61174653237195","-73.92108708861393"
"70031941","2026-08-11T20:51:14.000","2026-08-12T00:42:03.000","Blocked Driveway","No Access","QUEENS","11368","Closed","40.75748992942011","-73.85930271789668"
"70027006","2026-08-11T20:51:00.000",,"Street Light Condition","Street Light Out","QUEENS","11411","Open","40.69732296569194","-73.73999568797909"
"70037344","2026-08-11T20:51:00.000",,"Street Light Condition","Street Light Out","QUEENS","11694","Open","40.57480625597859","-73.86211013047176"
"70035546","2026-08-11T20:50:51.000","2026-08-11T20:52:14.000","Noise - Residential","Banging/Pounding","BROOKLYN","11214","Closed","40.60810108364675","-73.99938414563323"
"70034381","2026-08-11T20:50:45.000",,"WATER LEAK","HEAVY FLOW","BROOKLYN","11233","Open","40.66841804275734","-73.92093352628464"
"70037437","2026-08-11T20:50:45.000",,"UNSANITARY CONDITION","PESTS","BROOKLYN","11233","Open","40.66841804275734","-73.92093352628464"
"70027072","2026-08-11T20:50:43.000",,"WATER LEAK","HEAVY FLOW","QUEENS","11374","Open","40.72869499698902","-73.85510245451889"
"70037787","2026-08-11T20:50:35.000","2026-08-11T21:53:08.000","Illegal Parking","Posted Parking Sign Violation","QUEENS","11691","Closed","40.603663292865576","-73.74656541001191"
"70034105","2026-08-11T20:50:30.000","2026-08-11T21:00:53.000","Blocked Driveway","Partial Access","BROOKLYN","11225","Closed","40.664874075465534","-73.95599561699542"
"70029108","2026-08-11T20:50:27.000",,"Missed Collection","Recycling - Paper/Metal/Glass/Rigid Plastic","BROOKLYN","11215","In Progress","40.66082124770984","-73.98012930731187"
"70030629","2026-08-11T20:50:23.000",,"Illegal Dumping","Removal Request","QUEENS","11377","In Progress","40.747148445398274","-73.90248107295426"
"70035768","2026-08-11T20:49:36.000",,"For Hire Vehicle Complaint","Driver Complaint - Non Passenger","QUEENS","11369","In Progress","40.77442086598845","-73.87729410513894"
"70031152","2026-08-11T20:49:33.000","2026-08-11T21:34:19.000","Non-Emergency Police Matter","Trespassing","MANHATTAN","10002","Closed","40.72060283598552","-73.98333304088156"
"70027453","2026-08-11T20:49:27.000","2026-08-11T21:03:25.000","Noise - Park","Loud Music/Party","QUEENS","11415","Closed","40.71095344959411","-73.83514714122289"
"70032414","2026-08-11T20:49:07.000",,"Sewer Maintenance","Curb Piece","QUEENS","11420","In Progress","40.6715504808672","-73.81762728580911"
"70035575","2026-08-11T20:48:54.000","2026-08-11T21:21:04.000","Noise - Residential","Loud Music/Party","BROOKLYN","11226","Closed","40.65390793447685","-73.95409275098304"
"70026538","2026-08-11T20:48:47.000",,"Water Maintenance","Fire Hydrant Running","QUEENS","11354","In Progress","40.764071008373364","-73.8091360878269"
"70027597","2026-08-11T20:48:44.000","2026-08-11T22:39:36.000","Encampment","N/A","MANHATTAN","10016","Closed","40.7446279321069","-73.98524333939334"
"70030233","2026-08-11T20:48:23.000",,"Damaged Tree","Tree Alive - in Poor Condition","BROOKLYN","11216","In Progress","40.684858769344906","-73.95595718959196"
"70028291","2026-08-11T20:48:16.000","2026-08-11T21:26:45.000","Illegal Parking","Posted Parking Sign Violation","BROOKLYN","11201","Closed","40.702966061763576","-73.99433761841742"
"70028276","2026-08-11T20:48:01.000","2026-08-11T21:11:07.000","Noise - Residential","Banging/Pounding","BROOKLYN","11221","Closed","40.69119803999353","-73.92676622642057"
"70031946","2026-08-11T20:47:57.000","2026-08-12T00:41:31.000","Illegal Parking","Blocked Hydrant","QUEENS","11368","Closed","40.757451476590276","-73.85928114171574"
"70037775","2026-08-11T20:47:49.000","2026-08-12T01:08:20.000","Noise - Commercial","Loud Talking","MANHATTAN","10013","Closed","40.726787928274874","-74.00350327256554"
"70033350","2026-08-11T20:47:46.000","2026-08-11T21:21:05.000","Traffic","Drag Racing","QUEENS",,"Closed",,
"70034655","2026-08-11T20:47:43.000",,"Rodent","Rat Sighting","QUEENS","11361","In Progress","40.755713573089","-73.77580123373244"
"70032957","2026-08-11T20:47:41.000",,"UNSANITARY CONDITION","PESTS","BRONX","10455","Open","40.811568203127294","-73.90673252034658"
"70028912","2026-08-11T20:47:31.000","2026-08-11T21:49:08.000","Noise - Commercial","Loud Music/Party","QUEENS","11368","Closed","40.74735594505405","-73.86356110991419"
"70026850","2026-08-11T20:47:30.000","2026-08-11T21:12:18.000","Blocked Driveway","No Access","BROOKLYN","11208","Closed","40.67404532115711","-73.87504537095032"
"70034152","2026-08-11T20:47:16.000","2026-08-11T22:28:15.000","Blocked Driveway","No Access","BROOKLYN","11220","Closed","40.64342912028671","-74.00604289235064"
"70032736","2026-08-11T20:47:11.000","2026-08-11T21:30:31.000","Illegal Parking","Blocked Hydrant","BROOKLYN","11201","Closed","40.70299352709158","-73.9947090973228"
"70035162","2026-08-11T20:47:09.000",,"Street Condition","Pothole","QUEENS","11385","Open",,
"70033373","2026-08-11T20:47:08.000",,"Illegal Parking","Blocked Hydrant","QUEENS","11377","In Progress","40.73941153500753","-73.90644740878967"
"70035695","2026-08-11T20:46:40.000","2026-08-11T21:10:21.000","Noise - Residential","Banging/Pounding","BROOKLYN","11221","Closed","40.69119803999353","-73.92676622642057"
"70037067","2026-08-11T20:46:31.000",,"Abandoned Vehicle","With License Plate","BROOKLYN","11223","In Progress","40.60625809966746","-73.9831995243868"
"70027571","2026-08-11T20:46:23.000","2026-08-11T21:00:54.000","Encampment","N/A","QUEENS","11372","Closed","40.75498245027951","-73.89079309381636"
"70026292","2026-08-11T20:46:11.000","2026-08-11T20:46:11.000","Street Condition","Pothole","QUEENS","11355","Closed",,
"70030858","2026-08-11T20:46:11.000","2026-08-11T21:01:42.000","Violation of Park Rules","Smoking","MANHATTAN","10033","Closed","40.84547407167203","-73.94048629178738"
"70037899","2026-08-11T20:46:05.000","2026-08-11T20:57:51.000","Noise - Street/Sidewalk","Loud Music/Party","QUEENS","11434","Closed","40.68211986115432","-73.76165551256744"
"70031033","2026-08-11T20:46:03.000","2026-08-11T20:50:12.000","Noise - Residential","Loud Music/Party","BRONX","10460","Closed","40.84453717246229","-73.87947430159765"
"70028387","2026-08-11T20:46:00.000",,"Street Light Condition","Street Light Out","STATEN ISLAND","10305","Open",,
"70037323","2026-08-11T20:46:00.000",,"Street Light Condition","Lamppost Knocked Down","BROOKLYN","11224","Open",,
"70035549","2026-08-11T20:45:53.000","2026-08-11T20:51:49.000","Noise - Residential","Banging/Pounding","BROOKLYN","11214","Closed","40.60810108364675","-73.99938414563323"
"70036290","2026-08-11T20:45:47.000","2026-08-11T23:31:57.000","Noise - Street/Sidewalk","Loud Music/Party","MANHATTAN","10037","Closed","40.80962280597619","-73.93575360303117"
"70028199","2026-08-11T20:45:46.000","2026-08-11T21:44:16.000","Noise - Street/Sidewalk","Loud Music/Party","MANHATTAN","10002","Closed","40.713480869756914","-73.98905941872557"
"70029060","2026-08-11T20:45:15.000",,"Obstruction","Trash or Recycling","BROOKLYN","11210","In Progress","40.625990681603746","-73.94188882855283"
"70036440","2026-08-11T20:45:11.000","2026-08-11T21:02:47.000","Blocked Driveway","No Access","QUEENS","11412","Closed","40.690795828301326","-73.76019653610967"
"70028598","2026-08-11T20:45:05.000",,"HEAT/HOT WATER","ENTIRE BUILDING","BROOKLYN","11232","Open","40.65698576120626","-73.999780148276"
"70031500","2026-08-11T20:44:39.000",,"PLUMBING","TOILET","BRONX","10458","Open","40.866009448186574","-73.89096869622344"
"70027092","2026-08-11T20:44:35.000",,"UNSANITARY CONDITION","PESTS","MANHATTAN","10029","Open","40.79903727772673","-73.94262266258099"
"70027043","2026-08-11T20:44:35.000",,"APPLIANCE","REFRIGERATOR","MANHATTAN","10029","Open","40.79903727772673","-73.94262266258099"
"70035850","2026-08-11T20:44:35.000",,"Indoor Air Quality","Human Feces","BROOKLYN","11229","In Progress","40.59877218275502","-73.95130028536329"
"70035016","2026-08-11T20:44:28.000",,"Maintenance or Facility","Garbage or Litter","BROOKLYN","11206","In Progress","40.70549884332763","-73.94797984888783"
"70034467","2026-08-11T20:44:26.000",,"PLUMBING","WATER SUPPLY","QUEENS","11104","Open","40.73765842671905","-73.92645174134273"
"70036103","2026-08-11T20:44:26.000",,"ELECTRIC","POWER OUTAGE","QUEENS","11104","Open","40.73765842671905","-73.92645174134273"
"70038091","2026-08-11T20:43:49.000",,"Dirty Condition","Trash","BRONX","10461","In Progress","40.84204270118961","-73.83737027563822"
"70035448","2026-08-11T20:43:38.000","2026-08-11T21:29:56.000","Encampment","N/A","BRONX","10456","Closed","40.838269049296365","-73.91410368388398"
"70034163","2026-08-11T20:43:25.000","2026-08-11T23:05:11.000","Noise - Residential","Banging/Pounding","BROOKLYN","11207","Closed","40.65503989714099","-73.88232145462146"
"70029602","2026-08-11T20:43:20.000",,"Blocked Driveway","No Access","BROOKLYN","11223","In Progress","40.595771771224136","-73.97636059983965"
"70031059","2026-08-11T20:43:14.000","2026-08-11T21:47:35.000","Noise - Residential","Banging/Pounding","BRONX","10467","Closed","40.875577600258325","-73.87743286302903"
"70032166","2026-08-11T20:43:02.000",,"Street Condition","Pothole","QUEENS","11355","Open",,
"70036430","2026-08-11T20:42:59.000","2026-08-11T21:21:05.000","Illegal Parking","Blocked Sidewalk","QUEENS","11362","Closed","40.75568278230519","-73.73185229618107"
"70031032","2026-08-11T20:42:42.000","2026-08-11T20:53:39.000","Noise - Street/Sidewalk","Loud Music/Party","BRONX","10457","Closed","40.851720890795264","-73.8856713074488"
"70035849","2026-08-11T20:42:19.000",,"Indoor Air Quality","Human Feces","BRONX","10457","In Progress","40.85039731255379","-73.88503741117574"
"70034911","2026-08-11T20:42:09.000","2026-08-11T20:46:31.000","Illegal Parking","Blocked Sidewalk","QUEENS","11103","Closed","40.76958062747012","-73.91559304356464"
"70031641","2026-08-11T20:42:06.000",,"DOOR/WINDOW","DOOR","MANHATTAN","10034","Open","40.86600810878767","-73.9194006525354"
"70032838","2026-08-11T20:42:00.000",,"Street Light Condition","Street Light Out","STATEN ISLAND","10314","Open","40.60957026710629","-74.11439299670758"
"70035391","2026-08-11T20:41:44.000","2026-08-11T22:45:00.000","Water Maintenance","Fire Hydrant Running","QUEENS","11367","Closed","40.730182988193945","-73.81508547920373"
"70038078","2026-08-11T20:41:39.000",,"Illegal Dumping","Removal Request","BRONX","10457","In Progress","40.843710846809124","-73.90583810749064"
"70033010","2026-08-11T20:41:34.000",,"PLUMBING","WATER SUPPLY","MANHATTAN","10031","Open","40.81862260801547","-73.95245087736338"
"70028534","2026-08-11T20:41:26.000",,"PLUMBING","WATER SUPPLY","QUEENS","11418","Open","40.70161439985189","-73.82314600994204"
"70035848","2026-08-11T20:41:23.000",,"Unleashed Dog","Unleashed Dog in Public","BROOKLYN","11214","In Progress","40.59584825934884","-73.9965143998026"
"70033202","2026-08-11T20:41:09.000",,"Rodent","Rat Sighting","BRONX","10456","In Progress","40.82941541532183","-73.90139209079035"
"70035493","2026-08-11T20:41:02.000","2026-08-11T20:50:12.000","Noise - Street/Sidewalk","Loud Music/Party","BRONX","10467","Closed","40.8620853501791","-73.87052007346229"
"70034971","2026-08-11T20:40:59.000","2026-08-11T21:29:56.000","Noise - Commercial","Loud Music/Party","MANHATTAN","10031","Closed","40.822538094709465","-73.94956483081131"
"70036661","2026-08-11T20:40:47.000",,"Cannabis Retailer","Sales to Minors Under 21","MANHATTAN","10014","In Progress","40.73315838094328","-74.00640102954736"
"70029047","2026-08-11T20:40:33.000",,"Encampment","N/A","BROOKLYN","11215","In Progress","40.665508074036524","-73.99276919825392"
"70034146","2026-08-11T20:40:33.000","2026-08-11T21:01:36.000","Encampment","N/A","BROOKLYN","11215","Closed","40.665508074036524","-73.99276919825392"
"70028416","2026-08-11T20:40:09.000",,"Indoor Air Quality","Other (Explain Below)","MANHATTAN","10011","In Progress","40.743201509646674","-74.00474555958775"
"70037340","2026-08-11T20:40:00.000",,"Street Light Condition","Street Light Out","STATEN ISLAND","10312","Open","40.544698884448074","-74.16841498738562"
"70030379","2026-08-11T20:39:50.000","2026-08-11T21:06:36.000","Illegal Parking","Parking Permit Improper Use","QUEENS","11435","Closed","40.70902876453747","-73.81318919616191"
"70036567","2026-08-11T20:39:41.000",,"Obstruction","Weeds or Grass","BRONX","10461","In Progress","40.84204270118961","-73.83737027563822"
"70028238","2026-08-11T20:39:29.000",,"Street Condition","Failed Street Repair","STATEN ISLAND","10304","In Progress","40.59326159413557","-74.11064554529796"
"70030960","2026-08-11T20:39:19.000",,"Noise","Construction","QUEENS","11377","In Progress","40.74113099027244","-73.91894546266364"
"70035711","2026-08-11T20:39:19.000","2026-08-11T22:00:20.000","Illegal Parking","License Plate Obscured","BROOKLYN","11201","Closed","40.69244468680959","-73.98624655062075"
"70031039","2026-08-11T20:39:17.000","2026-08-11T21:47:37.000","Noise - Street/Sidewalk","Loud Talking","BRONX","10460","Closed","40.84232915383804","-73.86827075544613"
"70028285","2026-08-11T20:39:15.000","2026-08-11T21:30:48.000","Illegal Parking","Blocked Bike Lane","BROOKLYN","11201","Closed","40.70299352709158","-73.9947090973228"
"70037000","2026-08-11T20:39:15.000","2026-08-11T21:21:05.000","Noise - Residential","Banging/Pounding","BRONX","10453","Closed","40.85164688761722","-73.91428160037674"
"70034761","2026-08-11T20:38:56.000","2026-08-11T21:34:19.000","Illegal Parking","Commercial Overnight Parking","QUEENS","11693","Closed","40.58533747913672","-73.81482769324431"
"70031015","2026-08-11T20:38:47.000","2026-08-11T22:28:20.000","Noise - Street/Sidewalk","Loud Music/Party","BRONX","10457","Closed","40.84577618415004","-73.90746525909198"
"70031026","2026-08-11T20:38:45.000","2026-08-11T21:16:50.000","Illegal Parking","Commercial Overnight Parking","BRONX","10469","Closed","40.871962029922436","-73.83687043701073"
"70032829","2026-08-11T20:38:44.000",,"Curb Condition","Defacement","BROOKLYN","11223","In Progress","40.59480737909433","-73.9624223577119"
"70028106","2026-08-11T20:38:38.000","2026-08-11T20:46:58.000","Noise - Street/Sidewalk","Loud Talking","BRONX","10457","Closed","40.849709621471426","-73.88909776410331"
"70030123","2026-08-11T20:38:28.000",,"DOOR/WINDOW","WINDOW PANE","BROOKLYN","11212","Open","40.65518485503566","-73.92006261836718"
"70036010","2026-08-11T20:38:28.000",,"PLUMBING","BATHTUB/SHOWER","BROOKLYN","11212","Open","40.65518485503566","-73.92006261836718"
"70026431","2026-08-11T20:38:25.000","2026-08-11T20:38:25.000","Building/Use","Illegal Conversion Of Residential Building/Space","QUEENS","11419","Open","40.687730621094104","-73.81915515958578"
"70026438","2026-08-11T20:38:25.000","2026-08-11T20:38:25.000","General Construction/Plumbing","Building Permit - None","BROOKLYN","11218","Open","40.636445197591826","-73.98240646668313"
"70028363","2026-08-11T20:38:25.000","2026-08-11T20:38:25.000","General Construction/Plumbing","Curb Cut/Driveway/Carport - Illegal","BROOKLYN","11235","Open","40.5897790178928","-73.94854165982812"
"70034465","2026-08-11T20:38:25.000",,"PLUMBING","WATER SUPPLY","MANHATTAN","10031","Open","40.81862260801547","-73.95245087736338"
"70032954","2026-08-11T20:38:24.000",,"UNSANITARY CONDITION","PESTS","BROOKLYN","11206","Open","40.70112130312718","-73.92823399634334"
"70036869","2026-08-11T20:38:19.000",,"Air Quality","Vehicle Idling Odor","MANHATTAN","10014","In Progress","40.73634499366248","-74.00718436264465"
"70035668","2026-08-11T20:37:59.000","2026-08-11T23:21:59.000","Illegal Parking","Double Parked Blocking Traffic","BROOKLYN","11239","Closed","40.655182686865395","-73.87458694860807"
"70029498","2026-08-11T20:37:57.000",,"Noise","Air Conditioner/Ventilation","BROOKLYN","11222","In Progress","40.72706880793715","-73.95879397932465"
"70032727","2026-08-11T20:37:55.000","2026-08-11T22:11:06.000","Drinking","In Public","BROOKLYN","11217","Closed","40.682688766861304","-73.97949543152424"
"70027561","2026-08-11T20:37:53.000","2026-08-11T22:24:49.000","Illegal Parking","Commercial Overnight Parking","QUEENS","11106","Closed","40.75489082121173","-73.92780068677287"
"70027649","2026-08-11T20:37:50.000","2026-08-11T21:17:48.000","Abandoned Vehicle","With License Plate","MANHATTAN","10033","Closed","40.8456176868696","-73.93699470357122"
"70026692","2026-08-11T20:37:29.000","2026-08-11T21:19:54.000","Abandoned Vehicle","With License Plate","BROOKLYN","11214","Closed","40.587523172258244","-73.99388295817876"
"70032048","2026-08-11T20:37:28.000",,"Obstruction","Weeds or Grass","QUEENS","11413","In Progress","40.674254889793744","-73.73838041805966"
"70032729","2026-08-11T20:37:27.000","2026-08-11T21:22:56.000","Illegal Parking","Posted Parking Sign Violation","BROOKLYN","11201","Closed","40.70073424824792","-73.98972871152452"
"70030412","2026-08-11T20:37:19.000","2026-08-11T23:57:55.000","Blocked Driveway","No Access","QUEENS","11356","Closed","40.77659306831296","-73.84415197196599"
"70036914","2026-08-11T20:37:18.000",,"Water Maintenance","Fire Hydrant Running","BROOKLYN","11219","In Progress","40.621561546816096","-73.99895175577919"
"70031813","2026-08-11T20:37:07.000","2026-08-11T23:25:14.000","Illegal Parking","Parking Permit Improper Use","QUEENS","11418","Closed","40.692762830440685","-73.84224918979297"
"70028344","2026-08-11T20:37:05.000",,"Taxi Complaint","Driver Complaint - Non Passenger","MANHATTAN","10001","In Progress","40.75390886966659","-73.99961379734235"
"70029244","2026-08-11T20:37:00.000",,"Traffic Signal Condition","Veh Signal Lamp","QUEENS","11419","Open","40.68217129261496","-73.83103591998932"
"70030294","2026-08-11T20:36:59.000","2026-08-11T21:12:46.000","Noise - Residential","Banging/Pounding","BRONX","10455","Closed","40.81280465266899","-73.91557435048148"
"70033344","2026-08-11T20:36:35.000","2026-08-11T21:06:35.000","Illegal Parking","Posted Parking Sign Violation","QUEENS","11378","Closed","40.7336583468555","-73.89970801018974"
"70029574","2026-08-11T20:36:31.000","2026-08-11T21:22:34.000","Noise - Residential","Banging/Pounding","BRONX","10463","Closed","40.87369857353044","-73.90814957564673"
"70031737","2026-08-11T20:36:21.000",,"Damaged Tree","Entire Tree Has Fallen Down","BROOKLYN","11203","In Progress","40.64044212863106","-73.93211508234346"
"70032370","2026-08-11T20:35:58.000",,"Water Maintenance","Leak","STATEN ISLAND","10314","In Progress","40.61960731426745","-74.12804419123982"
"70033877","2026-08-11T20:35:49.000",,"Water Maintenance","Fire Hydrant Running Full","MANHATTAN","10040","In Progress","40.854992204324","-73.92982479121241"
"70036525","2026-08-11T20:35:49.000","2026-08-11T20:44:44.000","Noise - Commercial","Loud Music/Party","MANHATTAN","10026","Closed","40.80225484364876","-73.95693421623459"
"70027090","2026-08-11T20:35:39.000",,"UNSANITARY CONDITION","PESTS","BROOKLYN","11213","Open","40.668992167813315","-73.93481123570182"
"70034572","2026-08-11T20:35:39.000",,"FLOORING/STAIRS","FLOOR","BROOKLYN","11213","Open","40.668992167813315","-73.93481123570182"
"70036038","2026-08-11T20:35:39.000",,"PAINT/PLASTER","WALL","BROOKLYN","11213","Open","40.668992167813315","-73.93481123570182"
"70037499","2026-08-11T20:35:39.000",,"PLUMBING","BASIN/SINK","BROOKLYN","11213","Open","40.668992167813315","-73.93481123570182"
"70027940","2026-08-11T20:35:15.000","2026-08-11T20:35:15.000","General Construction/Plumbing","Building Permit - None","QUEENS","11434","Open","40.6734583067257","-73.76480121213378"
"70027931","2026-08-11T20:35:15.000","2026-08-11T20:35:15.000","Building/Use","Illegal Conversion Of Residential Building/Space","QUEENS","11355","Open","40.746410257897935","-73.83323326450008"
"70029373","2026-08-11T20:35:15.000","2026-08-11T20:35:15.000","General Construction/Plumbing","Building Permit - None","QUEENS","11358","Open","40.767550892041726","-73.80396003505373"
"70029369","2026-08-11T20:35:15.000","2026-08-11T20:35:15.000","General Construction/Plumbing","Building Permit - None","BROOKLYN","11218","Open","40.63628595324058","-73.98210385593467"
"70032953","2026-08-11T20:35:11.000",,"UNSANITARY CONDITION","PESTS","BRONX","10456","Open","40.830537618292574","-73.90419091318087"
"70031270","2026-08-11T20:35:10.000",,"Smoking or Vaping","Allowed in Smoke Free Area","BROOKLYN","11233","In Progress","40.67907714145943","-73.91482789445881"
"70036473","2026-08-11T20:34:49.000","2026-08-11T21:16:51.000","Blocked Driveway","No Access","QUEENS","11369","Closed","40.76724585898345","-73.87705822794695"
"70037024","2026-08-11T20:34:43.000","2026-08-11T20:57:51.000","Noise - Residential","Loud Music/Party","MANHATTAN","10012","Closed","40.72107327793819","-73.99478342145598"
"70029041","2026-08-11T20:34:34.000",,"Maintenance or Facility","Rodent Sighting","QUEENS","11374","In Progress","40.728770748878894","-73.86317702453958"
"70028993","2026-08-11T20:34:29.000","2026-08-11T20:53:38.000","Illegal Parking","Blocked Crosswalk","MANHATTAN","10035","Closed","40.80312306796861","-73.94043746847855"
"70034112","2026-08-11T20:34:25.000",,"Street Condition","Cave-in","BRONX","10461","In Progress","40.84936998652889","-73.8550817586569"
"70026792","2026-08-11T20:34:23.000",,"Street Condition","Failed Street Repair","BROOKLYN","11218","In Progress","40.63840894026776","-73.9743061275663"
"70032657","2026-08-11T20:34:18.000",,"Street Condition","Failed Street Repair","MANHATTAN","10033","In Progress","40.846956866057226","-73.93175252549726"
"70033513","2026-08-11T20:34:06.000","2026-08-11T21:09:39.000","Noise - Street/Sidewalk","Loud Talking","MANHATTAN","10032","Closed","40.83645249862509","-73.94668127229711"
"70027813","2026-08-11T20:34:00.000","2026-08-12T00:10:00.000","Traffic Signal Condition","Pedestrian Signal","BROOKLYN","11224","Closed","40.576743342667264","-73.9837109199274"
"70028919","2026-08-11T20:33:47.000","2026-08-11T21:00:54.000","Illegal Parking","Blocked Hydrant","QUEENS","11364","Closed","40.74784034905204","-73.75240135444945"
"70034961","2026-08-11T20:33:37.000","2026-08-11T21:09:37.000","Noise - Street/Sidewalk","Loud Music/Party","MANHATTAN","10024","Closed","40.7899401275489","-73.98035800855153"
"70037025","2026-08-11T20:33:33.000","2026-08-11T21:16:51.000","Illegal Fireworks","N/A","MANHATTAN","10038","Closed","40.71072834404116","-73.99663103167688"
"70027624","2026-08-11T20:33:29.000","2026-08-11T20:40:39.000","Noise - Street/Sidewalk","Loud Music/Party","MANHATTAN","10025","Closed","40.796964223254335","-73.96930772980303"
"70030201","2026-08-11T20:33:20.000",,"Rodent","Rat Sighting","MANHATTAN","10026","In Progress","40.8001097039676","-73.95307089651757"
"70036412","2026-08-11T20:33:16.000","2026-08-11T20:50:13.000","Abandoned Vehicle","With License Plate","QUEENS","11356","Closed","40.79390795065437","-73.84092244331386"
"70035081","2026-08-11T20:33:09.000",,"Illegal Dumping","Removal Request","MANHATTAN","10003","In Progress","40.73105521306173","-73.98589580898674"
"70037653","2026-08-11T20:33:04.000","2026-08-12T01:14:06.000","Homeless Person Assistance","Non-Chronic","BROOKLYN","11220","Closed","40.647776771163635","-74.00752437771162"
"70037833","2026-08-11T20:33:00.000","2026-08-11T21:44:33.000","Non-Emergency Police Matter","Other (complaint details)","QUEENS","11414","Closed","40.66203375879449","-73.8559212791697"
"70037070","2026-08-11T20:32:25.000","2026-08-11T20:39:29.000","Noise - Residential","Banging/Pounding","BROOKLYN","11214","Closed","40.60810108364675","-73.99938414563323"
"70029716","2026-08-11T20:32:21.000","2026-08-11T22:14:06.000","Illegal Parking","Blocked Hydrant","BROOKLYN","11220","Closed","40.63850628727777","-74.01912900951835"
"70037140","2026-08-11T20:32:16.000","2026-08-11T21:59:52.000","Blocked Driveway","No Access","BROOKLYN","11226","Closed","40.65518701253422","-73.9541170990186"
"70033194","2026-08-11T20:32:14.000","2026-08-11T20:32:14.000","Elevator","Elevator - Multiple Devices On Property","BRONX","10459","Open","40.83153447154292","-73.89233692200067"
"70031682","2026-08-11T20:32:13.000","2026-08-11T20:32:13.000","Elevator","Elevator - Multiple Devices On Property","MANHATTAN","10162","Open","40.769974489179866","-73.95118592429507"
"70036805","2026-08-11T20:32:13.000","2026-08-11T20:32:13.000","Real Time Enforcement","Work Without A Permit - Occupied Multiple Dwelling","BROOKLYN","11218","Open","40.63608828278146","-73.98181206610373"
"70027257","2026-08-11T20:32:12.000",,"ELECTRIC","LIGHTING","BROOKLYN","11223","Open","40.58409744337614","-73.97320376249691"
"70031393","2026-08-11T20:32:12.000",,"UNSANITARY CONDITION","SEWAGE","BROOKLYN","11223","Open","40.58409744337614","-73.97320376249691"
"70030119","2026-08-11T20:32:12.000",,"ELECTRIC","OUTLET/SWITCH","BROOKLYN","11223","Open","40.58409744337614","-73.97320376249691"
"70030096","2026-08-11T20:32:11.000",,"GENERAL","COOKING GAS","MANHATTAN","10034","Open","40.86401638266918","-73.92483693459046"
"70028054","2026-08-11T20:31:24.000",,"Noise - Helicopter","Other","BROOKLYN","11231","In Progress","40.68589915476732","-73.99578494911883"
"70034978","2026-08-11T20:31:24.000","2026-08-11T21:56:16.000","Noise - Residential","Loud Music/Party","MANHATTAN","10026","Closed","40.80364878183708","-73.95592193526983"
"70032595","2026-08-11T20:31:13.000",,"Illegal Parking","Blocked Crosswalk","BROOKLYN","11219","In Progress","40.63969898309223","-73.99447990842467"
"70030993","2026-08-11T20:31:07.000","2026-08-11T21:31:16.000","Noise - Residential","Loud Music/Party","BRONX","10456","Closed","40.83594779763831","-73.91149750052017"
"70029531","2026-08-11T20:30:34.000","2026-08-11T20:57:50.000","Noise - Residential","Banging/Pounding","BRONX","10456","Closed","40.83597718329326","-73.91045306606406"
"70038107","2026-08-11T20:30:14.000",,"Dirty Condition","Trash","BRONX","10460","In Progress","40.83544092156094","-73.86674852983514"
"70034742","2026-08-11T20:30:14.000","2026-08-11T21:41:14.000","Noise - Street/Sidewalk","Loud Music/Party","BROOKLYN","11201","Closed","40.695482340480766","-73.98064908964048"
"70034771","2026-08-11T20:29:35.000","2026-08-11T21:03:34.000","Noise - Vehicle","Car/Truck Music","QUEENS","11385","Closed","40.700756061654204","-73.85731986433493"
"70029137","2026-08-11T20:29:32.000",,"Illegal Dumping","Removal Request","QUEENS","11377","In Progress","40.75090636456135","-73.8997000890931"
"70037791","2026-08-11T20:29:23.000","2026-08-11T23:25:12.000","Illegal Parking","Parking Permit Improper Use","QUEENS","11418","Closed","40.692762830440685","-73.84224918979297"
"70034199","2026-08-11T20:29:14.000","2026-08-11T21:26:39.000","Illegal Parking","Posted Parking Sign Violation","BROOKLYN","11201","Closed","40.702966061763576","-73.99433761841742"
"70037403","2026-08-11T20:29:11.000",,"WATER LEAK","SLOW LEAK","BROOKLYN","11211","Open","40.70944503074257","-73.95251793645524"
"70033710","2026-08-11T20:29:00.000","2026-08-11T22:00:00.000","Traffic Signal Condition","Vehicle Signal","QUEENS","11101","Closed","40.74779363239601","-73.94984517789455"
"70030186","2026-08-11T20:28:59.000","2026-08-11T20:28:59.000","Elevator","Elevator - Single Device On Property/No Alternate Service","BRONX","10462","Open","40.85480201236822","-73.86666997774665"
"70028996","2026-08-11T20:28:48.000","2026-08-11T20:53:39.000","Noise - Residential","Banging/Pounding","MANHATTAN","10035","Closed","40.806551271384585","-73.94051748189028"
"70027060","2026-08-11T20:28:45.000",,"WATER LEAK","SLOW LEAK","BRONX","10452","Open","40.84158404338064","-73.92502852978748"
"70031502","2026-08-11T20:28:44.000",,"PLUMBING","TOILET","BROOKLYN","11203","Open","40.651980145021504","-73.94008948968914"
"70029428","2026-08-11T20:28:42.000",,"Water Maintenance","Fire Hydrant Running Full","BROOKLYN","11237","In Progress","40.70508375155346","-73.92665719701627"
"70032311","2026-08-11T20:28:30.000","2026-08-11T20:28:30.000","Building/Use","Illegal Conversion Of Residential Building/Space","STATEN ISLAND","10306","Open","40.573896425098965","-74.0960313018658"
"70036804","2026-08-11T20:28:30.000","2026-08-11T20:28:30.000","Real Time Enforcement","Work Without A Permit - Occupied Multiple Dwelling","BROOKLYN","11218","Open","40.636231043445825","-73.98201379551644"
"70029334","2026-08-11T20:28:29.000","2026-08-11T20:28:29.000","Real Time Enforcement","Work Without A Permit - Occupied Multiple Dwelling","QUEENS","11691","Open","40.59875967880786","-73.7573690117753"
"70033310","2026-08-11T20:28:14.000","2026-08-11T21:37:30.000","Noise - Residential","Loud Talking","QUEENS","11415","Closed","40.70611562229744","-73.82845408338315"
"70036433","2026-08-11T20:28:08.000","2026-08-11T20:46:03.000","Noise - Vehicle","Engine Idling","QUEENS","11374","Closed","40.726971765502405","-73.86219936494702"
"70032687","2026-08-11T20:28:03.000","2026-08-11T21:04:57.000","Blocked Driveway","No Access","BROOKLYN","11208","Closed","40.67404532115711","-73.87504537095032"
"70032190","2026-08-11T20:28:00.000","2026-08-11T22:00:00.000","Traffic Signal Condition","Controller","QUEENS","11101","Closed","40.74779363239601","-73.94984517789455"
"70036368","2026-08-11T20:27:38.000","2026-08-11T21:10:58.000","Noise - Residential","Banging/Pounding","QUEENS","11420","Closed","40.672980582416486","-73.80269867762703"
"70034833","2026-08-11T20:27:33.000","2026-08-11T20:43:42.000","Noise - Vehicle","Car/Truck Horn","QUEENS","11366","Closed","40.72195913199264","-73.80969682426189"
"70029582","2026-08-11T20:27:25.000","2026-08-11T21:52:28.000","Illegal Parking","Blocked Hydrant","BRONX","10471","Closed","40.90194253257628","-73.89961686062802"
"70036636","2026-08-11T20:27:21.000","2026-08-12T00:35:32.000","Dirty Condition","Trash","MANHATTAN","10014","Closed","40.736929842425965","-74.00133151837392"
"70027635","2026-08-11T20:27:17.000","2026-08-11T21:38:11.000","Non-Emergency Police Matter","Other (complaint details)","MANHATTAN","10026","Closed","40.80225340545579","-73.95324276081412"
"70033358","2026-08-11T20:27:08.000","2026-08-11T20:54:10.000","Illegal Parking","Posted Parking Sign Violation","QUEENS","11419","Closed","40.686318216417625","-73.83074056032031"
"70028250","2026-08-11T20:27:07.000","2026-08-11T20:45:47.000","Noise - Residential","Banging/Pounding","BROOKLYN","11208","Closed","40.67776839724088","-73.87359268852113"
"70037205","2026-08-11T20:26:59.000","2026-08-11T20:53:38.000","Noise - Residential","Banging/Pounding","BROOKLYN","11213","Closed","40.67216592840381","-73.92699981616602"
"70031014","2026-08-11T20:26:47.000","2026-08-11T20:40:36.000","Noise - Street/Sidewalk","Loud Music/Party","BRONX","10452","Closed","40.84557361166592","-73.91530867195758"
"70034726","2026-08-11T20:26:44.000",,"Damaged Tree","Branch or Limb Has Fallen Down","QUEENS","11363","In Progress","40.77016415794479","-73.75145911400872"
"70028483","2026-08-11T20:26:06.000",,"UNSANITARY CONDITION","PESTS","BRONX","10459","Open","40.83153447154292","-73.89233692200067"
"70028466","2026-08-11T20:26:04.000",,"UNSANITARY CONDITION","PESTS","BRONX","10459","Open","40.83153447154292","-73.89233692200067"
"70030936","2026-08-11T20:25:56.000",,"Sewer Maintenance","Catch Basin Sunken","QUEENS","11418","In Progress","40.69959430587546","-73.83235499608139"
"70034429","2026-08-11T20:25:44.000",,"UNSANITARY CONDITION","PESTS","STATEN ISLAND","10310","Open","40.62814780947123","-74.10791499074298"
"70031016","2026-08-11T20:25:44.000","2026-08-11T20:53:38.000","Illegal Fireworks","N/A","BRONX","10457","Closed","40.85587342545351","-73.90024308806778"
"70028921","2026-08-11T20:25:30.000","2026-08-11T21:00:53.000","Illegal Parking","Parking Permit Improper Use","QUEENS","11375","Closed","40.7227070850446","-73.85169899481515"
"70026416","2026-08-11T20:25:29.000","2026-08-11T20:25:29.000","Real Time Enforcement","Work Without A Permit - Occupied Multiple Dwelling","BROOKLYN","11218","Open","40.63602788203713","-73.9817148017067"
"70035787","2026-08-11T20:25:29.000","2026-08-11T20:25:29.000","General Construction/Plumbing","Curb Cut/Driveway/Carport - Illegal","BROOKLYN","11229","Open","40.595321236045635","-73.94959602361088"
"70036341","2026-08-11T20:25:28.000","2026-08-11T20:45:00.000","Illegal Parking","Blocked Crosswalk","QUEENS","11378","Closed","40.73099750161963","-73.89232616836415"
"70028085","2026-08-11T20:25:15.000","2026-08-11T20:43:42.000","Noise - Vehicle","Car/Truck Music","BRONX","10453","Closed","40.84631405789163","-73.91446196287002"
"70034103","2026-08-11T20:25:13.000","2026-08-11T21:21:05.000","Noise - Residential","Banging/Pounding","BROOKLYN","11213","Closed","40.663581623650984","-73.93378564087965"
"70026946","2026-08-11T20:25:00.000",,"Green Taxi Report","Driver Report - Non Passenger","STATEN ISLAND","10314","In Progress","40.61194301957604","-74.15943270986334"
"70027353","2026-08-11T20:24:56.000",,"Overgrown Tree/Branches","Dead Branches in Tree","BRONX","10466","In Progress","40.884395780517174","-73.84918652432052"
"70032730","2026-08-11T20:24:53.000","2026-08-11T21:31:13.000","Illegal Parking","Posted Parking Sign Violation","BROOKLYN","11201","Closed","40.70299352709158","-73.9947090973228"
"70026535","2026-08-11T20:24:38.000",,"Water Maintenance","Fire Hydrant Running","MANHATTAN","10014","In Progress","40.736929842425965","-74.00133151837392"
"70026862","2026-08-11T20:24:32.000","2026-08-11T20:35:42.000","Noise - Residential","Loud Music/Party","BROOKLYN","11238","Closed","40.679865599172935","-73.96249340597738"
"70026758","2026-08-11T20:24:17.000","2026-08-11T21:29:57.000","Illegal Parking","Posted Parking Sign Violation","BROOKLYN","11212","Closed","40.6582592921451","-73.92454255519011"
"70034778","2026-08-11T20:24:05.000","2026-08-11T20:50:13.000","Blocked Driveway","No Access","QUEENS","11416","Closed","40.68522758790042","-73.85409718138793"
"70027458","2026-08-11T20:24:01.000","2026-08-11T20:43:40.000","Illegal Parking","Blocked Hydrant","QUEENS","11421","Closed","40.688127172004116","-73.85280716665564"
"70037952","2026-08-11T20:24:01.000","2026-08-11T22:01:07.000","Illegal Parking","Commercial Overnight Parking","STATEN ISLAND","10306","Closed","40.57391347062862","-74.11888908410897"
"70031889","2026-08-11T20:23:56.000","2026-08-11T20:43:42.000","Illegal Fireworks","N/A","QUEENS","11360","Closed","40.78878921098334","-73.78519833463997"
"70035488","2026-08-11T20:23:33.000","2026-08-11T20:40:38.000","Illegal Parking","Double Parked Blocking Traffic","BRONX","10458","Closed","40.853651116484976","-73.8891996356797"
"70026773","2026-08-11T20:23:23.000","2026-08-11T21:16:50.000","Noise - Residential","Loud Music/Party","BROOKLYN","11230","Closed","40.630872206466705","-73.95735824737767"
"70036629","2026-08-11T20:23:19.000",,"Dirty Condition","Trash","BROOKLYN","11221","In Progress","40.69312043251915","-73.92844094263569"
"70032181","2026-08-11T20:23:10.000","2026-08-11T20:23:10.000","Street Condition","Pothole","QUEENS","11413","Closed","40.6761457512754","-73.74934355558375"
"70034404","2026-08-11T20:23:05.000",,"UNSANITARY CONDITION","PESTS","BRONX","10459","Open","40.83153447154292","-73.89233692200067"
"70035955","2026-08-11T20:23:04.000",,"UNSANITARY CONDITION","PESTS","BRONX","10459","Open","40.83153447154292","-73.89233692200067"
"70030512","2026-08-11T20:22:35.000","2026-08-11T20:44:43.000","Noise - Commercial","Loud Music/Party","MANHATTAN","10026","Closed","40.80225484364876","-73.95693421623459"
"70030843","2026-08-11T20:22:28.000","2026-08-11T20:22:28.000","General Construction/Plumbing","Building Permit - None","BROOKLYN","11218","Open","40.63620633979887","-73.98201019917036"
"70033949","2026-08-11T20:22:02.000",,"Noise","Construction","MANHATTAN","10013","In Progress","40.7173981115187","-74.00345227550876"
"70032842","2026-08-11T20:22:00.000",,"Street Light Condition","Street Light Out","BRONX","10470","Open","40.90266678902631","-73.85101528881994"
"70033503","2026-08-11T20:21:37.000","2026-08-11T20:44:46.000","Noise - Commercial","Loud Music/Party","MANHATTAN","10026","Closed","40.80225484364876","-73.95693421623459"
"70029726","2026-08-11T20:21:36.000","2026-08-12T00:38:48.000","Illegal Parking","Blocked Hydrant","BROOKLYN","11207","Closed","40.67562876402844","-73.89388645663452"
"70028678","2026-08-11T20:21:35.000",,"Homeless Person Assistance","Chronic","QUEENS",,"In Progress","40.721453508404714","-73.84398148095127"
"70027532","2026-08-11T20:21:34.000","2026-08-11T20:43:42.000","Illegal Fireworks","N/A","QUEENS","11357","Closed","40.79055927522451","-73.78651799589437"
"70036903","2026-08-11T20:21:16.000","2026-08-11T20:21:00.000","Water Maintenance","Fire Hydrant Running Full","MANHATTAN","10035","Closed","40.79650506269758","-73.93451662119084"
"70030601","2026-08-11T20:20:59.000",,"Missed Collection","Compost","BROOKLYN","11222","In Progress","40.72282751807597","-73.95022834316555"
"70028909","2026-08-11T20:20:39.000","2026-08-11T22:00:53.000","Illegal Parking","Blocked Crosswalk","QUEENS","11368","Closed","40.747258608571535","-73.862493040897"
"70037934","2026-08-11T20:20:32.000","2026-08-11T23:30:40.000","Blocked Driveway","No Access","QUEENS","11372","Closed","40.74949211477555","-73.87385359811344"
"70032557","2026-08-11T20:20:26.000","2026-08-11T20:31:42.000","Blocked Driveway","No Access","BROOKLYN","11235","Closed","40.5762645425827","-73.96575537879113"
"70034428","2026-08-11T20:20:04.000",,"UNSANITARY CONDITION","PESTS","BRONX","10459","Open","40.83153447154292","-73.89233692200067"
"70034047","2026-08-11T20:19:49.000","2026-08-11T22:01:11.000","Noise - Street/Sidewalk","Loud Music/Party","BROOKLYN","11235","Closed","40.583291883477415","-73.95219001022845"
"70028176","2026-08-11T20:19:46.000",,"Illegal Parking","Blocked Hydrant","BROOKLYN","11218","In Progress","40.644566962351696","-73.98204037611022"
"70028560","2026-08-11T20:19:46.000",,"PLUMBING","BASIN/SINK","BROOKLYN","11203","Open","40.64923752206278","-73.94439117709766"
"70036095","2026-08-11T20:19:45.000",,"ELEVATOR","MAINTENANCE","BRONX","10451","Open","40.825248639786615","-73.91479616785949"
"70034783","2026-08-11T20:19:38.000","2026-08-11T22:36:27.000","Illegal Parking","Blocked Hydrant","QUEENS","11418","Closed","40.702095878013026","-73.81858963103309"
"70031929","2026-08-11T20:19:38.000","2026-08-11T20:37:01.000","Illegal Parking","Blocked Sidewalk","QUEENS","11103","Closed","40.76958062747012","-73.91559304356464"
"70031683","2026-08-11T20:19:27.000","2026-08-11T20:19:27.000","Elevator","Elevator - Multiple Devices On Property","BROOKLYN","11207","Open","40.65638320846473","-73.88896143606928"
"70033826","2026-08-11T20:19:27.000","2026-08-11T20:19:27.000","General Construction/Plumbing","Building Permit - None","BROOKLYN","11218","Open","40.63610475036385","-73.9818048556176"
"70028713","2026-08-11T20:19:18.000",,"Rodent","Rat Sighting","BROOKLYN","11211","In Progress","40.71819277654783","-73.94668208617851"
"70028712","2026-08-11T20:19:11.000",,"Rodent","Rat Sighting","BROOKLYN","11211","In Progress","40.718667269943325","-73.9459313543306"
"70030204","2026-08-11T20:19:02.000",,"Rodent","Rat Sighting","BROOKLYN","11211","In Progress","40.717983818121816","-73.94591747906927"
"70037325","2026-08-11T20:19:00.000",,"Street Light Condition","Street Light Out","MANHATTAN","10032","Open","40.84536978963485","-73.9405189140908"
"70029659","2026-08-11T20:18:46.000","2026-08-11T20:43:39.000","Illegal Parking","Blocked Bike Lane","BROOKLYN","11218","Closed","40.649315090237025","-73.96784407481958"
"70037045","2026-08-11T20:18:43.000","2026-08-11T20:43:40.000","Noise - Street/Sidewalk","Loud Music/Party","MANHATTAN","10011","Closed","40.73162698239649","-73.99910878356165"
"70027296","2026-08-11T20:18:34.000","2026-08-12T00:59:00.000","Homeless Person Assistance","Chronic","BROOKLYN","11231","Closed","40.681392163527605","-73.99406904184308"
"70028917","2026-08-11T20:18:27.000","2026-08-11T21:09:38.000","Illegal Parking","Double Parked Blocking Traffic","QUEENS","11364","Closed","40.74508857629342","-73.75683971013596"
"70035752","2026-08-11T20:18:17.000",,"Food Establishment","Food Worker Hygiene","BRONX","10471","In Progress","40.90521567095931","-73.90460057348758"
"70037988","2026-08-11T20:18:15.000","2026-08-11T20:43:39.000","Illegal Parking","Parking Permit Improper Use","MANHATTAN","10035","Closed","40.798759301457956","-73.93596996046695"
"70031021","2026-08-11T20:18:11.000","2026-08-11T21:16:51.000","Noise - Residential","Banging/Pounding","BRONX","10467","Closed","40.8700581754875","-73.8652654296978"
"70037845","2026-08-11T20:18:10.000","2026-08-11T21:41:11.000","Illegal Parking","Blocked Hydrant","QUEENS","11414","Closed","40.66916673232743","-73.85105021898354"
"70032564","2026-08-11T20:18:07.000","2026-08-11T22:01:19.000","Illegal Parking","Double Parked Blocking Traffic","BROOKLYN","11235","Closed","40.58337658816322","-73.95127551027969"
"70033502","2026-08-11T20:18:04.000","2026-08-11T21:38:01.000","Noise - Street/Sidewalk","Loud Music/Party","MANHATTAN","10026","Closed","40.80225340545579","-73.95324276081412"
"70036287","2026-08-11T20:17:39.000","2026-08-11T22:28:16.000","Noise - Residential","Loud Music/Party","BROOKLYN","11221","Closed","40.688334599490894","-73.93014442097454"
"70028119","2026-08-11T20:17:27.000",,"Illegal Parking","Blocked Sidewalk","BRONX","10463","In Progress","40.881253275818786","-73.89671167426772"
"70029731","2026-08-11T20:17:11.000","2026-08-11T21:21:39.000","Illegal Parking","Blocked Sidewalk","BROOKLYN","11231","Closed","40.68364302931577","-74.00030286766025"
"70036276","2026-08-11T20:17:07.000",,"Overgrown Tree/Branches","Blocking Street","STATEN ISLAND","10305","In Progress","40.602847470304354","-74.08341110273535"
"70027424","2026-08-11T20:17:01.000","2026-08-11T22:25:13.000","Illegal Parking","Commercial Overnight Parking","BROOKLYN","11216","Closed","40.686360212915254","-73.9494118254735"
"70034458","2026-08-11T20:17:00.000",,"UNSANITARY CONDITION","GARBAGE/RECYCLING STORAGE","BROOKLYN","11237","Open","40.70256108760409","-73.92213730612116"
"70034034","2026-08-11T20:16:58.000","2026-08-11T21:47:36.000","Encampment","N/A","MANHATTAN","10014","Closed","40.73874675371877","-74.0053117845394"
"70036995","2026-08-11T20:16:53.000","2026-08-11T22:48:55.000","Noise - Street/Sidewalk","Loud Music/Party","BRONX","10458","Closed","40.85896212835518","-73.8950833591879"
"70028725","2026-08-11T20:16:37.000",,"Damaged Tree","Entire Tree Has Fallen Down","BRONX","10467","In Progress","40.875638817931986","-73.8782210342776"
"70028559","2026-08-11T20:16:31.000",,"PLUMBING","BASIN/SINK","BROOKLYN","11203","Open","40.64923752206278","-73.94439117709766"
"70026733","2026-08-11T20:16:30.000","2026-08-12T01:10:58.000","Abandoned Vehicle","With License Plate","BROOKLYN","11234","Closed","40.62154195803042","-73.92405814108174"
"70030832","2026-08-11T20:16:27.000","2026-08-11T20:16:27.000","Building/Use","Illegal Conversion Of Residential Building/Space","QUEENS","11419","Open","40.68566070228008","-73.81719206970047"
"70029368","2026-08-11T20:16:27.000","2026-08-11T20:16:27.000","General Construction/Plumbing","Building Permit - None","BROOKLYN","11218","Open","40.63606631363629","-73.98174361515102"
"70034789","2026-08-11T20:16:06.000","2026-08-11T20:36:36.000","Noise - Residential","Banging/Pounding","QUEENS","11435","Closed","40.698786204562666","-73.80546414753366"
"70036348","2026-08-11T20:15:45.000",,"Illegal Parking","Blocked Sidewalk","QUEENS","11385","In Progress","40.70906968954631","-73.89539502955517"
"70032661","2026-08-11T20:15:34.000",,"Street Condition","Cave-in","QUEENS","11426","In Progress","40.73397436628796","-73.71357697202951"
"70032127","2026-08-11T20:15:13.000",,"Illegal Dumping","Chronic Dumping","BRONX","10460","In Progress","40.83544092156094","-73.86674852983514"
"70032511","2026-08-11T20:15:10.000",,"Noise - Street/Sidewalk","Loud Music/Party","BRONX","10467","In Progress","40.866633243514514","-73.87045337044053"
"70027552","2026-08-11T20:14:59.000","2026-08-11T21:34:29.000","Illegal Parking","Blocked Hydrant","QUEENS","11434","Closed","40.687434959660386","-73.78600801119404"
"70033294","2026-08-11T20:14:44.000","2026-08-11T21:00:53.000","Noise - Residential","Banging/Pounding","QUEENS","11106","Closed","40.763704278698256","-73.93731766562355"
"70037085","2026-08-11T20:14:35.000","2026-08-12T00:30:26.000","Bike/Roller/Skate","N/A","BROOKLYN","11234","Closed","40.61311797198133","-73.91219632416457"
"70036480","2026-08-11T20:14:34.000",,"Illegal Parking","Blocked Hydrant","STATEN ISLAND","10303","In Progress","40.620495772279085","-74.16528864206289"
"70030296","2026-08-11T20:14:13.000","2026-08-11T20:28:40.000","Noise - Residential","Banging/Pounding","QUEENS","11106","Closed","40.763704278698256","-73.93731766562355"
"70026873","2026-08-11T20:14:04.000","2026-08-11T20:35:43.000","Noise - Commercial","Loud Music/Party","BROOKLYN","11216","Closed","40.680185635992274","-73.94593010588461"
"70037324","2026-08-11T20:14:00.000",,"Street Light Condition","Street Light Out","MANHATTAN","10026","Open","40.805749429987166","-73.95843462297886"
"70035844","2026-08-11T20:13:48.000",,"Standing Water","Swimming Pool - Unmaintained","STATEN ISLAND","10308","In Progress","40.55919908820194","-74.16316121886551"
"70027101","2026-08-11T20:13:29.000",,"UNSANITARY CONDITION","PESTS","BROOKLYN","11203","Open","40.64923752206278","-73.94439117709766"
"70034100","2026-08-11T20:13:19.000","2026-08-11T20:44:40.000","Abandoned Vehicle","With License Plate","BROOKLYN","11225","Closed","40.665042021555536","-73.94449334724209"
"70028812","2026-08-11T20:12:57.000","2026-08-12T01:21:31.000","Illegal Parking","Blocked Hydrant","MANHATTAN","10006","Closed","40.70908902244975","-74.01311845449641"
"70029061","2026-08-11T20:12:44.000",,"Obstruction","Trash or Recycling","MANHATTAN","10006","In Progress","40.708350537556264","-74.01432301504705"
"70026500","2026-08-11T20:12:22.000",,"Water Maintenance","Low Pressure","BROOKLYN","11232","In Progress","40.65443310405547","-74.00158575503626"
"70033941","2026-08-11T20:12:21.000",,"Noise","Construction Equipment","BRONX","10455","In Progress","40.820306602214835","-73.91643555957239"
"70036992","2026-08-11T20:12:10.000","2026-08-11T20:28:40.000","Illegal Parking","Commercial Overnight Parking","BRONX","10461","Closed","40.83854397287278","-73.83406481911496"
"70032003","2026-08-11T20:11:58.000","2026-08-11T20:44:04.000","Noise - Commercial","Loud Music/Party","MANHATTAN","10026","Closed","40.80225484364876","-73.95693421623459"
"70037101","2026-08-11T20:11:58.000","2026-08-11T20:40:36.000","Illegal Parking","Parking Permit Improper Use","BROOKLYN","11203","Closed","40.64026368813773","-73.9233342053986"
"70035174","2026-08-11T20:11:52.000","2026-08-11T20:11:52.000","Street Condition","Pothole","QUEENS","11413","Closed","40.6761457512754","-73.74934355558375"
"70029715","2026-08-11T20:11:13.000","2026-08-11T22:14:07.000","Illegal Parking","Blocked Hydrant","BROOKLYN","11220","Closed","40.64759840062343","-74.00687930969721"
"70030229","2026-08-11T20:11:11.000",,"Illegal Tree Damage","Bicycle Chained to Tree","BROOKLYN","11219","In Progress","40.6449662497121","-73.99499837340035"
"70035771","2026-08-11T20:11:11.000",,"Lost Property","Bag/Wallet","MANHATTAN","10010","In Progress","40.73816657030053","-73.98363176291305"
"70031633","2026-08-11T20:10:45.000",,"DOOR/WINDOW","DOOR","MANHATTAN","10044","Open","40.76232416849643","-73.9495021319999"
"70027594","2026-08-11T20:10:45.000","2026-08-11T20:50:14.000","Noise - Street/Sidewalk","Loud Music/Party","MANHATTAN","10003","Closed","40.73172185922995","-73.98342407217982"
"70031643","2026-08-11T20:10:43.000",,"DOOR/WINDOW","DOOR","MANHATTAN","10044","Open","40.76232416849643","-73.9495021319999"
"70037852","2026-08-11T20:10:40.000",,"Illegal Parking","Blocked Crosswalk","QUEENS","11377","In Progress","40.735713173606065","-73.89857188368852"
"70035098","2026-08-11T20:10:35.000",,"Dirty Condition","Trash","BROOKLYN","11205","In Progress","40.69361136485702","-73.97196252190702"
"70027585","2026-08-11T20:10:23.000","2026-08-11T20:36:08.000","Noise - Residential","Loud Music/Party","STATEN ISLAND","10303","Closed","40.64054723667955","-74.16855600886304"
"70037054","2026-08-11T20:10:23.000","2026-08-11T21:21:06.000","Noise - Residential","Banging/Pounding","BROOKLYN","11235","Closed","40.5920895856974","-73.93646338389036"
"70030623","2026-08-11T20:10:18.000",,"Illegal Dumping","Removal Request","QUEENS","11368","In Progress","40.74881879262055","-73.86818497893236"
"70037012","2026-08-11T20:10:04.000","2026-08-11T22:11:05.000","Blocked Driveway","No Access","BRONX","10467","Closed","40.87894106121121","-73.86382266066447"
"70029958","2026-08-11T20:10:01.000",,"UNSANITARY CONDITION","PESTS","BROOKLYN","11203","Open","40.64923752206278","-73.94439117709766"
"70028510","2026-08-11T20:10:01.000",,"UNSANITARY CONDITION","MOLD","BROOKLYN","11207","Open","40.673484686397025","-73.89052277838881"
"70031197","2026-08-11T20:09:33.000",,"Street Condition","Cave-in","QUEENS","11357","In Progress","40.79296569442831","-73.8129608875335"
"70030357","2026-08-11T20:09:26.000","2026-08-11T20:53:39.000","Blocked Driveway","No Access","QUEENS","11428","Closed","40.719985859702014","-73.75211522041653"
"70031801","2026-08-11T20:09:19.000","2026-08-11T21:41:11.000","Illegal Parking","Blocked Crosswalk","QUEENS","11694","Closed","40.58025854233732","-73.82829495089065"
"70032709","2026-08-11T20:09:02.000","2026-08-11T20:18:11.000","Illegal Parking","Blocked Hydrant","BROOKLYN","11215","Closed","40.67166126322855","-73.9861967625827"
"70032545","2026-08-11T20:08:40.000","2026-08-11T20:35:43.000","Noise - Residential","Banging/Pounding","BRONX","10468","Closed","40.860800477378966","-73.91067270462388"
"70028236","2026-08-11T20:08:26.000",,"Street Condition","Cave-in","QUEENS","11694","In Progress","40.57489259305205","-73.86315386563116"
"70028142","2026-08-11T20:08:20.000",,"Noise - Residential","Banging/Pounding","BROOKLYN","11229","In Progress","40.59802408790666","-73.9543076196607"
"70026537","2026-08-11T20:08:04.000",,"Water Maintenance","Fire Hydrant Running","BRONX","10452","In Progress","40.83056659860041","-73.92066857221349"
"70026620","2026-08-11T20:07:19.000",,"Illegal Parking","Blocked Sidewalk","BRONX","10460","In Progress","40.83746098790738","-73.86910797941276"
"70031829","2026-08-11T20:07:19.000",,"Illegal Parking","Blocked Sidewalk","QUEENS","11385","In Progress","40.711119940421085","-73.89836041928294"
"70030615","2026-08-11T20:07:16.000",,"Litter Basket Request","New Basket","BROOKLYN","11203","In Progress","40.65912021706142","-73.94754025539106"
"70030285","2026-08-11T20:07:15.000","2026-08-11T20:43:40.000","Noise - Vehicle","Engine Idling","BROOKLYN","11212","Closed","40.67028561802885","-73.9148210968993"
"70034225","2026-08-11T20:07:12.000","2026-08-11T22:07:34.000","Illegal Parking","Blocked Sidewalk","BROOKLYN","11222","Closed","40.72624779419825","-73.95787808726746"
"70034793","2026-08-11T20:07:11.000","2026-08-11T21:21:05.000","Illegal Parking","Double Parked Blocking Traffic","QUEENS","11423","Closed","40.71418261129296","-73.76214326789751"
"70027420","2026-08-11T20:07:06.000","2026-08-11T20:18:12.000","Noise - Street/Sidewalk","Loud Music/Party","BROOKLYN","11201","Closed","40.695482340480766","-73.98064908964048"
"70027329","2026-08-11T20:07:06.000",,"Rodent","Rat Sighting","BRONX","10467","In Progress","40.87149951317507","-73.87038242193898"
"70027201","2026-08-11T20:07:04.000",,"PAINT/PLASTER","CEILING","BRONX","10470","Open","40.898994888191034","-73.85571871543965"
"70027193","2026-08-11T20:07:04.000",,"PAINT/PLASTER","WALL","BRONX","10470","Open","40.898994888191034","-73.85571871543965"
"70033034","2026-08-11T20:07:04.000",,"PLUMBING","BATHTUB/SHOWER","BROOKLYN","11207","Open","40.673484686397025","-73.89052277838881"
"70032978","2026-08-11T20:07:04.000",,"UNSANITARY CONDITION","MOLD","BRONX","10470","Open","40.898994888191034","-73.85571871543965"
"70029976","2026-08-11T20:07:02.000",,"UNSANITARY CONDITION","PESTS","BROOKLYN","11203","Open","40.64923752206278","-73.94439117709766"
"70028294","2026-08-11T20:07:02.000","2026-08-11T22:26:21.000","Illegal Parking","Blocked Sidewalk","BROOKLYN","11201","Closed","40.69544706314867","-73.98322753703334"
"70029872","2026-08-11T20:07:00.000",,"Street Light Condition","Street Light Out","BRONX","10461","Open","40.843503761175256","-73.83412834635708"
"70033890","2026-08-11T20:06:47.000",,"Water Maintenance","Fire Hydrant Running Full","BROOKLYN","11239","In Progress","40.649497564893764","-73.88718905182635"
"70036415","2026-08-11T20:06:45.000","2026-08-11T20:32:37.000","Blocked Driveway","No Access","QUEENS","11356","Closed","40.77659306831296","-73.84415197196599"
"70036209","2026-08-11T20:06:18.000",,"Rodent","Rat Sighting","BROOKLYN","11205","In Progress","40.69350527326538","-73.9653850384073"
"70030911","2026-08-11T20:06:12.000","2026-08-11T20:06:00.000","Water Maintenance","Fire Hydrant Running Full","MANHATTAN","10029","Closed","40.78733191623342","-73.94448889831824"
"70035802","2026-08-11T20:06:09.000",,"Consumer Complaint","Bodega, Deli, or Convenience Store","MANHATTAN","10024","In Progress","40.784719467971776","-73.97933762407881"
"70027994","2026-08-11T20:06:06.000",,"Water Maintenance","Fire Hydrant Running Full","BRONX","10460","In Progress","40.845046713760624","-73.88387561885442"
"70032524","2026-08-11T20:06:04.000","2026-08-11T23:41:30.000","Illegal Parking","Blocked Hydrant","BRONX","10462","Closed","40.843984948376935","-73.86185938964587"
"70031894","2026-08-11T20:06:03.000","2026-08-11T20:25:20.000","Illegal Parking","Commercial Overnight Parking","QUEENS","11358","Closed","40.762653853612164","-73.7989459224046"
"70029880","2026-08-11T20:06:01.000",,"Street Condition","Rough, Pitted or Cracked Roads","BRONX","10475","In Progress","40.88129776603959","-73.82628795471904"
"70032444","2026-08-11T20:06:00.000","2026-08-11T21:19:00.000","Derelict Vehicles","Derelict Vehicles","QUEENS","11418","Closed","40.7023186071751","-73.82596088440829"
"70028787","2026-08-11T20:05:55.000","2026-08-11T20:18:11.000","Noise - Street/Sidewalk","Loud Music/Party","BROOKLYN","11201","Closed","40.695482340480766","-73.98064908964048"
"70034758","2026-08-11T20:05:54.000","2026-08-11T20:35:59.000","Illegal Parking","Unauthorized Bus Layover","MANHATTAN","10011","Closed","40.74601497574642","-74.00021653657767"
"70035513","2026-08-11T20:05:05.000","2026-08-11T20:35:41.000","Noise - Residential","Banging/Pounding","BRONX","10467","Closed","40.874864379868406","-73.87781023551283"
"70029002","2026-08-11T20:04:51.000","2026-08-11T20:44:42.000","Noise - Commercial","Loud Music/Party","MANHATTAN","10026","Closed","40.80225484364876","-73.95693421623459"
"70027333","2026-08-11T20:04:45.000",,"Rodent","Condition Attracting Rodents","BRONX","10463","In Progress","40.88510613227025","-73.89294453227276"
"70032099","2026-08-11T20:04:41.000",,"Illegal Dumping","Removal Request","QUEENS","11375","In Progress","40.72559123880885","-73.85338104665698"
"70034158","2026-08-11T20:04:25.000","2026-08-11T20:22:11.000","Noise - Residential","Loud Music/Party","BROOKLYN","11233","Closed","40.684116453555355","-73.91470247334966"
"70029638","2026-08-11T20:04:25.000","2026-08-11T20:40:38.000","Noise - Residential","Banging/Pounding","BROOKLYN","11203","Closed","40.653019330429856","-73.94336090962899"
"70028380","2026-08-11T20:04:07.000",,"Curb Condition","Defacement","BROOKLYN","11215","In Progress","40.67699682808107","-73.98404695422613"
"70037755","2026-08-11T20:04:04.000","2026-08-11T22:32:38.000","Noise - Street/Sidewalk","Loud Music/Party","BROOKLYN","11201","Closed","40.695482340480766","-73.98064908964048"
"70032644","2026-08-11T20:04:02.000","2026-08-11T20:11:33.000","Noise - Residential","Banging/Pounding","BROOKLYN","11225","Closed","40.66052110427755","-73.94394564834349"
"70036004","2026-08-11T20:04:02.000",,"PLUMBING","TOILET","BROOKLYN","11207","Open","40.673484686397025","-73.89052277838881"
"70027659","2026-08-11T20:04:01.000",,"Maintenance or Facility","Structure - Outdoors","BROOKLYN","11249","In Progress","40.7215579000069","-73.96040638468266"
"70035474","2026-08-11T20:03:55.000","2026-08-11T20:32:40.000","Noise - Street/Sidewalk","Loud Music/Party","BRONX","10469","Closed","40.87648832373157","-73.8491899961859"
"70032002","2026-08-11T20:03:48.000","2026-08-11T20:44:44.000","Noise - Commercial","Loud Music/Party","MANHATTAN","10026","Closed","40.80225484364876","-73.95693421623459"
"70033408","2026-08-11T20:03:46.000","2026-08-11T20:19:10.000","Illegal Parking","Blocked Sidewalk","QUEENS","11375","Closed","40.7227070850446","-73.85169899481515"
"70029216","2026-08-11T20:03:40.000",,"Street Condition","Pothole","QUEENS","11423","Open","40.725476145414376","-73.76557731286611"
"70029113","2026-08-11T20:03:37.000",,"Missed Collection","Bulky Trash","QUEENS","11368","In Progress","40.75076601698397","-73.86217180022999"
"70035104","2026-08-11T20:03:25.000",,"Dirty Condition","Trash","QUEENS","11375","In Progress","40.72559123880885","-73.85338104665698"
"70037215","2026-08-11T20:03:17.000","2026-08-11T20:11:32.000","Illegal Parking","Posted Parking Sign Violation","BROOKLYN","11206","Closed","40.69584961439246","-73.94502305805379"
"70027810","2026-08-11T20:03:00.000",,"Traffic Signal Condition","Veh Signal Lamp","MANHATTAN","10032","Open","40.84231307629744","-73.93702674673511"
"70033283","2026-08-11T20:02:37.000","2026-08-11T20:18:12.000","Noise - Street/Sidewalk","Loud Music/Party","BROOKLYN","11201","Closed","40.695482340480766","-73.98064908964048"
"70032165","2026-08-11T20:02:23.000",,"Street Condition","Pothole","QUEENS","11411","Open",,
"70038043","2026-08-11T20:02:21.000",,"Dead Animal","Opossum","QUEENS","11357","In Progress","40.78347586957671","-73.8055633664755"
"70026523","2026-08-11T20:02:15.000","2026-08-11T20:02:00.000","Water Maintenance","Fire Hydrant Running Full","MANHATTAN","10029","Closed","40.79525547483648","-73.94349993245301"
"70031246","2026-08-11T20:02:13.000","2026-08-11T20:57:11.000","Illegal Parking","Blocked Sidewalk","BROOKLYN","11205","Closed","40.690303228634036","-73.96029513058312"
"70035155","2026-08-11T20:02:07.000",,"Street Condition","Pothole","BROOKLYN","11229","Open",,
"70033701","2026-08-11T20:02:00.000","2026-08-11T20:25:00.000","Traffic Signal Condition","Controller","BROOKLYN","11210","Closed","40.631581792884546","-73.94754388879824"
"70030587","2026-08-11T20:01:54.000",,"Dirty Condition","Broken Glass","QUEENS","11375","In Progress","40.72559123880885","-73.85338104665698"
"70032097","2026-08-11T20:01:52.000",,"Illegal Dumping","Removal Request","QUEENS","11419","In Progress","40.6871476757326","-73.82558581834573"
"70031720","2026-08-11T20:01:37.000",,"Overgrown Tree/Branches","Blocking Street","BRONX","10463","In Progress",,
"70027313","2026-08-11T20:01:24.000","2026-08-11T20:01:24.000","Elevator","Elevator - Single Device On Property/No Alternate Service","MANHATTAN","10040","Open","40.854992204324","-73.92982479121241"
"70033549","2026-08-11T20:01:22.000",,"Residential Disposal Complaint","Bin Not Used","BRONX","10462","In Progress","40.84398222964169","-73.8618810808654"
"70037754","2026-08-11T20:01:20.000","2026-08-11T20:18:12.000","Noise - Street/Sidewalk","Loud Music/Party","BROOKLYN","11201","Closed","40.695482340480766","-73.98064908964048"
"70031756","2026-08-11T20:01:19.000",,"Damaged Tree","Tree Trunk Split","QUEENS","11106","In Progress","40.76924434300454","-73.93449649315139"
"70029621","2026-08-11T20:01:16.000",,"Illegal Parking","License Plate Obscured","BROOKLYN","11218","In Progress","40.6354445049838","-73.97401542891882"
"70032939","2026-08-11T20:01:01.000",,"UNSANITARY CONDITION","PESTS","BROOKLYN","11208","Open","40.674809692538105","-73.86410608415024"
"70030729","2026-08-11T20:01:00.000",,"Traffic Signal Condition","Pedestrian Signal","MANHATTAN","10032","Open","40.843550444214024","-73.93612563080262"
"70032515","2026-08-11T20:00:54.000",,"Blocked Driveway","No Access","BRONX","10469","In Progress","40.86941296245105","-73.8516682971285"
"70037993","2026-08-11T20:00:44.000","2026-08-11T20:44:41.000","Noise - Commercial","Loud Music/Party","MANHATTAN","10026","Closed","40.80225484364876","-73.95693421623459"
"70036311","2026-08-11T20:00:40.000","2026-08-11T20:28:40.000","Panhandling","N/A","QUEENS","11691","Closed","40.59607108733922","-73.75411640882344"
"70031910","2026-08-11T20:00:22.000","2026-08-11T20:43:40.000","Noise - Residential","Loud Music/Party","QUEENS","11436","Closed","40.67880579304292","-73.79375468258453"
"70030705","2026-08-11T20:00:11.000",,"Street Condition","Pothole","QUEENS","11411","Open","40.69605612278218","-73.72748331611038"
"70034302","2026-08-11T20:00:00.000",,"Street Light Condition","Street Light Out","BROOKLYN","11217","Open","40.67973435074979","-73.97431183772623"
"70035828","2026-08-11T20:00:00.000",,"Street Light Condition","Street Light Out","BROOKLYN","11238","Open","40.67716206579638","-73.97244532603688"
"70036476","2026-08-11T19:59:43.000","2026-08-11T23:29:45.000","Illegal Parking","Blocked Hydrant","QUEENS","11372","Closed","40.750889289094694","-73.87145804560043"
"70033523","2026-08-11T19:59:41.000","2026-08-11T20:22:12.000","Illegal Parking","Posted Parking Sign Violation","BRONX","10454","Closed","40.80811015124642","-73.93048470149593"
"70037356","2026-08-11T19:59:27.000",,"Street Sign - Dangling","No Parking, Standing, Stopping","MANHATTAN","10014","In Progress","40.736729393560125","-74.00454302598985"
"70030514","2026-08-11T19:59:18.000","2026-08-11T20:44:45.000","Noise - Commercial","Loud Music/Party","MANHATTAN","10026","Closed","40.80225484364876","-73.95693421623459"
"70029406","2026-08-11T19:59:14.000",,"Lead","Lead Kit","MANHATTAN","10024","In Progress","40.786047516417945","-73.97720304416411"
"70037790","2026-08-11T19:59:14.000","2026-08-11T20:36:19.000","Abandoned Vehicle","With License Plate","QUEENS","11421","Closed","40.69363483349313","-73.85849627172617"
"70038113","2026-08-11T19:59:13.000",,"Dirty Condition","Trash","QUEENS","11368","In Progress","40.741167282340975","-73.85962227329613"
"70030389","2026-08-11T19:59:12.000",,"Illegal Parking","Blocked Hydrant","QUEENS","11104","In Progress","40.74731824021791","-73.91977522632318"
"70037076","2026-08-11T19:59:10.000","2026-08-11T20:10:34.000","Illegal Parking","Commercial Overnight Parking","BROOKLYN","11214","Closed","40.611518206972185","-74.0058275051002"
"70036717","2026-08-11T19:59:00.000","2026-08-11T20:20:00.000","Traffic Signal Condition","Pedestrian Signal","MANHATTAN","10027","Closed","40.807772384239165","-73.94548329252599"
"70036584","2026-08-11T19:58:53.000",,"Residential Disposal Complaint","Mattress or Box Spring Uncovered","BRONX","10462","In Progress","40.84398222964169","-73.8618810808654"
"70030433","2026-08-11T19:58:52.000","2026-08-11T21:37:32.000","Blocked Driveway","No Access","QUEENS","11433","Closed","40.69033675604574","-73.78631241505562"
"70037091","2026-08-11T19:58:49.000","2026-08-11T23:12:10.000","Blocked Driveway","No Access","BROOKLYN","11234","Closed","40.610779127626635","-73.92754596075615"
"70029590","2026-08-11T19:58:41.000","2026-08-11T20:32:40.000","Blocked Driveway","Partial Access","BRONX","10467","Closed","40.87618418942635","-73.87488607249978"
"70032809","2026-08-11T19:58:24.000","2026-08-11T19:58:24.000","Building/Use","No Certificate Of Occupancy/Illegal/Contrary To CO","MANHATTAN","10026","Open","40.80249941142059","-73.95079364798853"
"70036164","2026-08-11T19:58:24.000","2026-08-11T19:58:24.000","Elevator","Elevator - Single Device On Property/No Alternate Service","MANHATTAN","10001","Open","40.75009086599622","-73.99623925135072"
"70034929","2026-08-11T19:58:05.000","2026-08-11T21:16:50.000","Abandoned Vehicle","With License Plate","STATEN ISLAND","10306","Closed","40.57097687879368","-74.12375396656611"
"70036284","2026-08-11T19:58:03.000","2026-08-11T20:18:33.000","Noise - Street/Sidewalk","Loud Music/Party","BROOKLYN","11201","Closed","40.695482340480766","-73.98064908964048"
"70028610","2026-08-11T19:58:01.000",,"GENERAL","JANITOR/SUPER","BROOKLYN","11219","Open","40.63525769703462","-73.99098180830418"
"70031340","2026-08-11T19:58:00.000",,"Street Light Condition","Street Light Cycling","BROOKLYN","11238","Open","40.67920399892237","-73.97170899551976"
"70036851","2026-08-11T19:58:00.000",,"Derelict Vehicles","Derelict Vehicles","QUEENS","11356","Open","40.779678273929065","-73.84423863111735"
"70033504","2026-08-11T19:57:58.000","2026-08-11T20:44:46.000","Noise - Commercial","Loud Music/Party","MANHATTAN","10026","Closed","40.80225484364876","-73.95693421623459"
"70033442","2026-08-11T19:57:58.000","2026-08-11T21:00:54.000","Illegal Parking","Commercial Overnight Parking","STATEN ISLAND","10302","Closed","40.62938444615151","-74.13032901004034"
"70035574","2026-08-11T19:57:56.000","2026-08-11T20:07:30.000","Noise - Street/Sidewalk","Loud Music/Party","BROOKLYN","11203","Closed","40.653162652450185","-73.92953254292175"
"70035838","2026-08-11T19:57:34.000",,"Street Sign - Missing","No Parking, Standing, Stopping","BRONX","10454","In Progress","40.8089624152826","-73.9160885666503"
"70026609","2026-08-11T19:57:29.000","2026-08-12T00:43:00.000","Noise - Residential","Loud Music/Party","BRONX","10460","Closed","40.836019152849495","-73.88642466954174"
"70030297","2026-08-11T19:57:00.000","2026-08-11T20:07:32.000","Noise - Residential","Banging/Pounding","QUEENS","11106","Closed","40.763704278698256","-73.93731766562355"
"70029861","2026-08-11T19:57:00.000",,"Street Light Condition","Street Light Out","MANHATTAN","10006","Open","40.70945384642975","-74.01499775430159"
"70026766","2026-08-11T19:56:52.000","2026-08-11T20:07:32.000","Noise - Street/Sidewalk","Loud Talking","MANHATTAN","10002","Closed","40.71930900761133","-73.97722226460694"
"70034227","2026-08-11T19:56:41.000","2026-08-11T22:21:38.000","Illegal Parking","Blocked Hydrant","BROOKLYN","11222","Closed","40.73659280304236","-73.95795093300669"
"70033370","2026-08-11T19:56:35.000","2026-08-11T23:17:00.000","Illegal Parking","Blocked Hydrant","QUEENS","11365","Closed","40.72918827087157","-73.8110183704533"
"70032603","2026-08-11T19:56:35.000",,"Blocked Driveway","Partial Access","BROOKLYN","11220","In Progress","40.63890859197959","-74.00240690436932"
"70037709","2026-08-11T19:56:34.000",,"Damaged Tree","Branch Cracked and Will Fall","BROOKLYN","11231","In Progress","40.68466407583223","-73.99856135658572"
"70027774","2026-08-11T19:56:32.000",,"Outdoor Dining","Restaurant Status","MANHATTAN","10012","In Progress","40.728305816050664","-74.00190501549622"
"70028183","2026-08-11T19:56:19.000","2026-08-11T20:18:12.000","Noise - Residential","Banging/Pounding","BROOKLYN","11212","Closed","40.6643283551129","-73.9250835774152"
"70037021","2026-08-11T19:56:17.000","2026-08-11T22:17:43.000","Noise - Street/Sidewalk","Loud Music/Party","BRONX","10460","Closed","40.84230450101796","-73.86831417431195"
"70028072","2026-08-11T19:56:11.000","2026-08-11T23:18:00.000","Noise - Street/Sidewalk","Loud Talking","BRONX","10452","Closed","40.834732374684876","-73.91965898060519"
"70028180","2026-08-11T19:56:11.000","2026-08-11T20:28:40.000","Abandoned Vehicle","With License Plate","BROOKLYN","11226","Closed","40.64449575673396","-73.94697880453647"
"70033576","2026-08-11T19:55:56.000",,"Litter Basket Request","Replacement Basket","MANHATTAN","10016","In Progress","40.74836555849706","-73.98040274811255"
"70029674","2026-08-11T19:55:49.000",,"Street Condition","Failed Street Repair","BRONX","10472","In Progress","40.82761545298351","-73.87893765351947"
"70035681","2026-08-11T19:55:35.000","2026-08-11T21:00:53.000","Bike/Roller/Skate","N/A","BROOKLYN","11238","Closed","40.67118702447339","-73.96375278956437"
"70027606","2026-08-11T19:55:32.000","2026-08-11T21:00:53.000","Animal-Abuse","Neglected","MANHATTAN","10019","Closed","40.763329983285985","-73.98083514067478"
"70030043","2026-08-11T19:55:30.000",,"PLUMBING","BASIN/SINK","QUEENS","11435","Open","40.7155267317578","-73.8243500060735"
"70036016","2026-08-11T19:55:30.000",,"PLUMBING","BASIN/SINK","QUEENS","11435","Open","40.7155267317578","-73.8243500060735"
"70036389","2026-08-11T19:55:27.000",,"Illegal Parking","Blocked Sidewalk","QUEENS","11377","In Progress","40.73940088900153","-73.89120475175761"
"70033206","2026-08-11T19:55:20.000",,"Rodent","Rat Sighting","BROOKLYN","11238","In Progress","40.67392107462569","-73.96456604316408"
"70032422","2026-08-11T19:55:15.000",,"Noise","Manufacturing Business/Plant","BROOKLYN","11221","In Progress","40.69484049134549","-73.91135664820818"
"70035416","2026-08-11T19:54:41.000",,"Noise","Ice Cream Truck","BROOKLYN","11201","In Progress","40.70288646586719","-73.99438451108436"
"70031198","2026-08-11T19:54:33.000",,"Street Condition","Cave-in","QUEENS","11367","In Progress","40.72744070787963","-73.81663728903946"
"70033435","2026-08-11T19:54:26.000","2026-08-11T23:29:18.000","Blocked Driveway","No Access","QUEENS","11369","Closed","40.76394732101156","-73.87259884770644"
"70026572","2026-08-11T19:54:11.000",,"Sewer Maintenance","Catch Basin Clogged","BRONX","10458","In Progress","40.86489618017794","-73.88922066918218"
"70030362","2026-08-11T19:53:47.000","2026-08-11T20:01:23.000","Abandoned Vehicle","With License Plate","QUEENS","11420","Closed","40.67670329988345","-73.81644511015664"
"70027620","2026-08-11T19:53:43.000","2026-08-11T20:03:01.000","Noise - Vehicle","Car/Truck Horn","MANHATTAN","10024","Closed","40.7899401275489","-73.98035800855153"
"70034792","2026-08-11T19:53:43.000","2026-08-11T22:57:52.000","Blocked Driveway","No Access","QUEENS","11435","Closed","40.68584430305184","-73.8052963792713"
"70035616","2026-08-11T19:53:32.000","2026-08-11T20:07:31.000","Illegal Parking","Blocked Sidewalk","BROOKLYN","11203","Closed","40.66012608287856","-73.93899728036726"
"70033535","2026-08-11T19:53:31.000",,"Animal in a Park","Animal Waste","QUEENS","11366","In Progress","40.730953577308505","-73.77463973117385"
"70037206","2026-08-11T19:53:21.000","2026-08-11T20:53:39.000","Non-Emergency Police Matter","Other (complaint details)","BROOKLYN","11217","Closed","40.67856682722513","-73.98396365692085"
"70033625","2026-08-11T19:53:20.000",,"Dirty Condition","Trash","QUEENS","11377","In Progress","40.74431990363299","-73.90078544325559"
"70037905","2026-08-11T19:53:09.000","2026-08-11T21:56:38.000","Illegal Parking","Parking Permit Improper Use","QUEENS","11103","Closed","40.75972053242698","-73.91065665725031"
"70035618","2026-08-11T19:53:08.000",,"Street Condition","Failed Street Repair","BRONX","10463","In Progress",,
"70037901","2026-08-11T19:53:05.000","2026-08-11T21:02:03.000","Blocked Driveway","No Access","QUEENS","11412","Closed","40.690795828301326","-73.76019653610967"
"70028794","2026-08-11T19:52:50.000","2026-08-11T20:40:39.000","Noise - Street/Sidewalk","Loud Music/Party","MANHATTAN","10026","Closed","40.79845524146068","-73.94808779746673"
"70028023","2026-08-11T19:52:49.000",,"Water Maintenance","Fire Hydrant Running","STATEN ISLAND","10306","In Progress","40.58335207236498","-74.10564651240378"
"70037843","2026-08-11T19:52:46.000","2026-08-11T20:10:36.000","Illegal Parking","Blocked Hydrant","QUEENS","11420","Closed","40.672835836920086","-73.8063581728217"
"70031774","2026-08-11T19:52:45.000","2026-08-11T20:18:46.000","Noise - Street/Sidewalk","Loud Music/Party","BROOKLYN","11201","Closed","40.695482340480766","-73.98064908964048"
"70034958","2026-08-11T19:52:33.000","2026-08-11T20:18:11.000","Illegal Parking","Blocked Hydrant","MANHATTAN","10021","Closed","40.77134597176132","-73.96363689931206"
"70036438","2026-08-11T19:52:24.000","2026-08-11T20:35:42.000","Abandoned Vehicle","With License Plate","QUEENS","11435","Closed","40.68758581382547","-73.79966986790572"
"70026425","2026-08-11T19:52:23.000","2026-08-11T19:52:23.000","Building/Use","Illegal Conversion Of Residential Building/Space","MANHATTAN","10026","Open","40.80249941142059","-73.95079364798853"
"70037990","2026-08-11T19:52:20.000","2026-08-11T21:34:18.000","Noise - Street/Sidewalk","Loud Talking","MANHATTAN","10026","Closed","40.800128953779044","-73.95316117987862"
"70032324","2026-08-11T19:52:17.000","2026-08-11T20:05:07.000","Mosquitoes","Large Number of Mosquitoes","STATEN ISLAND","10306","Closed","40.56969723711791","-74.11367321909391"
"70028684","2026-08-11T19:52:14.000","2026-08-11T21:13:21.000","Homeless Person Assistance","Non-Chronic","BROOKLYN","11203","Closed","40.646322721681386","-73.92964787339098"
"70033154","2026-08-11T19:52:06.000",,"DOOR/WINDOW","DOOR","BRONX","10460","Open","40.837791172262214","-73.88534830882263"
"70032486","2026-08-11T19:51:56.000","2026-08-11T20:35:42.000","Illegal Parking","Double Parked Blocking Traffic","BRONX","10465","Closed","40.82058819093273","-73.81781137521602"
"70031175","2026-08-11T19:51:54.000",,"Street Condition","Cave-in","BROOKLYN","11226","In Progress","40.64502469801945","-73.95836898784775"
"70031272","2026-08-11T19:51:34.000",,"Smoking or Vaping","Allowed in Smoke Free Area","QUEENS","11374","In Progress","40.72416951118895","-73.85559934220954"
"70037353","2026-08-11T19:51:29.000",,"Street Sign - Missing","No Parking, Standing, Stopping","BRONX","10470","In Progress","40.8986334698358","-73.8703403596825"
"70027626","2026-08-11T19:51:12.000","2026-08-11T19:53:13.000","Illegal Parking","Blocked Hydrant","MANHATTAN","10024","Closed","40.789424430494535","-73.96923536843576"
"70035540","2026-08-11T19:51:01.000",,"Illegal Parking","Parking Permit Improper Use","BROOKLYN","11214","In Progress","40.60053641980499","-74.00128198429634"
"70030300","2026-08-11T19:50:46.000","2026-08-12T01:45:55.000","Noise - Street/Sidewalk","Loud Music/Party","MANHATTAN","10007","Closed","40.71048921374398","-74.00941792799755"
"70030644","2026-08-11T19:50:34.000",,"Dirty Condition","Trash","BROOKLYN","11232","In Progress","40.64862512757038","-74.00252977984258"
"70032517","2026-08-11T19:50:29.000","2026-08-11T21:47:36.000","Noise - Street/Sidewalk","Loud Talking","BRONX","10460","Closed","40.84230450101796","-73.86831417431195"
"70032667","2026-08-11T19:50:28.000",,"Street Condition","Cave-in","QUEENS","11691","In Progress","40.593633545669086","-73.7797553093555"
"70032017","2026-08-11T19:50:22.000","2026-08-11T20:19:03.000","Illegal Parking","Blocked Crosswalk","BRONX","10451","Closed","40.80834379107232","-73.93104797997061"
"70035827","2026-08-11T19:50:00.000",,"Street Light Condition","Street Light Out","MANHATTAN","10039","Open","40.82579203467814","-73.94104949920884"
"70029148","2026-08-11T19:49:48.000",,"Dirty Condition","Trash","BROOKLYN","11233","In Progress","40.676326109975214","-73.92559645530191"
"70030649","2026-08-11T19:49:40.000",,"Dirty Condition","Trash","BRONX","10456","In Progress","40.83145556818807","-73.90908237784578"
"70037995","2026-08-11T19:49:38.000","2026-08-11T20:44:20.000","Noise - Commercial","Loud Music/Party","MANHATTAN","10026","Closed","40.80225484364876","-73.95693421623459"
"70036240","2026-08-11T19:49:31.000",,"Damaged Tree","Entire Tree Has Fallen Down","BROOKLYN","11211","In Progress","40.71496517668067","-73.94720050658135"
"70030875","2026-08-11T19:49:26.000",,"Lead","Lead Kit","QUEENS","11101","In Progress","40.75600023975499","-73.92029536431905"
"70026885","2026-08-11T19:49:14.000","2026-08-11T20:18:33.000","Blocked Driveway","No Access","BROOKLYN","11207","Closed","40.6894343940587","-73.90924718217954"
"70028325","2026-08-11T19:49:11.000","2026-08-11T19:49:11.000","Electrical","Electrical Wiring Defective/Exposed","QUEENS","11377","Open","40.73694528088954","-73.91900107283988"
"70037670","2026-08-11T19:49:01.000","2026-08-11T19:49:01.000","Elevator","Elevator - Multiple Devices On Property","MANHATTAN","10032","Open","40.83778101984579","-73.94685728972303"
"70035826","2026-08-11T19:49:00.000",,"Street Light Condition","Street Light Out","MANHATTAN","10039","Open","40.825171959101354","-73.94150170316254"
"70027059","2026-08-11T19:48:57.000",,"WATER LEAK","SLOW LEAK","BRONX","10459","Open","40.82437730915442","-73.88769109269191"
"70031807","2026-08-11T19:48:57.000","2026-08-11T20:50:13.000","Noise - Residential","Loud Music/Party","QUEENS","11691","Closed","40.59523629608949","-73.75652122157123"
"70036721","2026-08-11T19:48:52.000","2026-08-11T19:48:52.000","General Construction/Plumbing","Building Shaking/Vibrating/Structural Stability","BROOKLYN","11205","Open","40.694060969264484","-73.96073644693972"
"70032031","2026-08-11T19:48:43.000",,"Animal in a Park","Dead Animal","MANHATTAN","10033","In Progress","40.852757015007974","-73.93763859319333"
"70034589","2026-08-11T19:48:43.000",,"ELECTRIC","OUTLET/SWITCH","QUEENS","11101","Open","40.745404281139294","-73.94668557105918"
"70030071","2026-08-11T19:48:43.000",,"PAINT/PLASTER","CEILING","QUEENS","11101","Open","40.745404281139294","-73.94668557105918"
"70032058","2026-08-11T19:48:35.000",,"Dirty Condition","Trash","QUEENS","11358","In Progress","40.758423630596745","-73.80020040198059"
"70029860","2026-08-11T19:48:00.000",,"Street Light Condition","Street Light Out","MANHATTAN","10039","Open","40.825171959101354","-73.94150170316254"
"70028828","2026-08-11T19:47:56.000","2026-08-11T20:25:21.000","Abandoned Vehicle","With License Plate","QUEENS","11421","Closed","40.687303457032066","-73.86372004507616"
"70034957","2026-08-11T19:47:55.000","2026-08-12T00:59:24.000","Illegal Parking","Blocked Sidewalk","MANHATTAN","10075","Closed","40.77387325121576","-73.95418696351773"
"70035000","2026-08-11T19:47:52.000","2026-08-11T20:18:17.000","Illegal Parking","Blocked Crosswalk","BRONX","10451","Closed","40.80834379107232","-73.93104797997061"
"70030659","2026-08-11T19:47:52.000",,"Dirty Condition","Trash","BROOKLYN","11218","In Progress","40.64162500759695","-73.98523729238319"
"70029741","2026-08-11T19:47:43.000","2026-08-11T20:01:49.000","Blocked Driveway","Partial Access","BROOKLYN","11221","Closed","40.68881558590534","-73.94112372441025"
"70036926","2026-08-11T19:47:43.000",,"Water Conservation","Fire Hydrant","BRONX","10467","In Progress","40.88425789166829","-73.87892491982919"
"70033991","2026-08-11T19:47:29.000","2026-08-11T19:56:15.000","Illegal Parking","Blocked Hydrant","BRONX","10465","Closed","40.843629136228635","-73.81894097326938"
"70031133","2026-08-11T19:47:28.000","2026-08-11T20:04:29.000","Animal-Abuse","Neglected","BROOKLYN","11212","Closed","40.65602281109091","-73.91730810010989"
"70034010","2026-08-11T19:47:12.000",,"Bike/Roller/Skate","N/A","BRONX","10469","In Progress","40.86431848506807","-73.84312931377607"
"70028976","2026-08-11T19:47:01.000","2026-08-11T22:39:35.000","Encampment","N/A","MANHATTAN","10016","Closed","40.74524269734116","-73.98479209057659"
"70032835","2026-08-11T19:47:00.000",,"Street Light Condition","Street Light Out","MANHATTAN","10001","Open","40.747145809424374","-74.00084811599184"
"70031331","2026-08-11T19:47:00.000",,"Street Light Condition","Street Light Out","MANHATTAN","10001","Open","40.748973769514116","-74.0032373656152"
"70037767","2026-08-11T19:46:56.000","2026-08-11T22:48:54.000","Noise - Vehicle","Car/Truck Music","MANHATTAN","10025","Closed","40.79639756165641","-73.96493425316099"
"70034233","2026-08-11T19:46:26.000",,"Mobile Food Vendor","Smoke/Odor","QUEENS","11354","In Progress","40.76122723598543","-73.82453992770951"
"70026602","2026-08-11T19:46:23.000",,"Noise - Residential","Banging/Pounding","BRONX","10474","In Progress","40.81592274758825","-73.88684914172211"
"70035794","2026-08-11T19:46:15.000",,"Consumer Complaint","Used Car Dealer","BROOKLYN","11214","In Progress","40.606544736563514","-74.00338171795059"
"70026998","2026-08-11T19:46:00.000",,"Street Light Condition","Street Light Out","MANHATTAN","10001","Open","40.74776886981272","-74.00039699417712"
"70037329","2026-08-11T19:46:00.000",,"Street Light Condition","Street Light Out","MANHATTAN","10001","Open","40.74776886981272","-74.00039699417712"
"70036173","2026-08-11T19:45:52.000","2026-08-11T19:45:52.000","Elevator","Elevator - Single Device On Property/No Alternate Service","BRONX","10452","Open","40.8379011793687","-73.91776145510242"
"70035499","2026-08-11T19:45:48.000",,"Illegal Parking","Posted Parking Sign Violation","BRONX","10463","In Progress","40.88129929579129","-73.89909112086623"
"70033444","2026-08-11T19:45:48.000","2026-08-11T21:37:30.000","Abandoned Vehicle","With License Plate","STATEN ISLAND","10314","Closed","40.620060448790205","-74.1606408047078"
"70037520","2026-08-11T19:45:42.000",,"PAINT/PLASTER","WALL","BRONX","10473","Open","40.82483117267298","-73.85423189520691"
"70036329","2026-08-11T19:45:42.000","2026-08-11T20:10:35.000","Illegal Parking","Blocked Hydrant","QUEENS","11421","Closed","40.689656081013716","-73.85944946047425"
"70032042","2026-08-11T19:45:37.000",,"Residential Disposal Complaint","Waste Not Separated","QUEENS","11367","In Progress","40.73957786828187","-73.82355766286622"
"70033217","2026-08-11T19:45:36.000",,"Unsanitary Pigeon Condition","Pigeon Waste","BROOKLYN","11206","In Progress","40.70740661035493","-73.94253561828593"
"70031082","2026-08-11T19:45:17.000","2026-08-11T22:40:02.000","Blocked Driveway","No Access","BROOKLYN","11229","Closed","40.593298678807216","-73.95725621723626"
"70032834","2026-08-11T19:45:00.000",,"Street Light Condition","Street Light Out","MANHATTAN","10001","Open","40.74658036828004","-73.99755311590619"
"70037328","2026-08-11T19:45:00.000",,"Street Light Condition","Street Light Out","MANHATTAN","10001","Open","40.74776886981272","-74.00039699417712"
"70028205","2026-08-11T19:44:55.000","2026-08-11T19:53:22.000","Noise - Residential","Banging/Pounding","BROOKLYN","11226","Closed","40.651659745990756","-73.9701097595572"
"70027489","2026-08-11T19:44:54.000","2026-08-11T20:47:08.000","Abandoned Vehicle","With License Plate","QUEENS","11427","Closed","40.727963290638904","-73.7488383640192"
"70034629","2026-08-11T19:44:50.000","2026-08-12T00:59:00.000","Homeless Person Assistance","Non-Chronic","QUEENS","11354","Closed","40.76007164761289","-73.82814907379657"
"70028982","2026-08-11T19:44:50.000","2026-08-11T19:53:13.000","Encampment","N/A","MANHATTAN","10036","Closed","40.76288689534526","-73.99721319026986"
"70037986","2026-08-11T19:44:14.000","2026-08-11T19:53:13.000","Noise - Vehicle","Engine Idling","MANHATTAN","10024","Closed","40.789438162822314","-73.96926786376326"
"70031339","2026-08-11T19:44:00.000",,"Street Light Condition","Street Light Cycling","BROOKLYN","11217","Open","40.67955847967334","-73.97340696344725"
"70034299","2026-08-11T19:44:00.000",,"Street Light Condition","Street Light Out","MANHATTAN","10001","Open","40.745421755862786","-73.99096689618635"
"70037327","2026-08-11T19:44:00.000",,"Street Light Condition","Street Light Out","MANHATTAN","10001","Open","40.74661865465041","-73.99381421570796"
"70035438","2026-08-11T19:43:58.000","2026-08-12T01:02:52.000","Blocked Driveway","No Access","BRONX","10459","Closed","40.83110116717757","-73.8957163024329"
"70037979","2026-08-11T19:43:46.000","2026-08-11T20:03:28.000","Abandoned Vehicle","With License Plate","MANHATTAN","10029","Closed","40.7875364968123","-73.94763046680457"
"70029640","2026-08-11T19:43:41.000","2026-08-11T20:25:19.000","Illegal Parking","Blocked Hydrant","BROOKLYN","11212","Closed","40.65778215475766","-73.92523869988872"
"70028146","2026-08-11T19:43:32.000",,"Abandoned Vehicle","With License Plate","BROOKLYN","11229","In Progress","40.58743683580706","-73.92671799724185"
"70028905","2026-08-11T19:43:26.000","2026-08-11T20:02:37.000","Blocked Driveway","Partial Access","QUEENS","11355","Closed","40.757512353057706","-73.81327701491288"
"70035842","2026-08-11T19:43:12.000",,"Street Sign - Dangling","Other/Unknown","QUEENS","11373","In Progress","40.74630959752627","-73.88850840194743"
"70034298","2026-08-11T19:43:00.000",,"Street Light Condition","Street Light Out","MANHATTAN","10016","Open","40.74966676207011","-73.98157172697513"
"70034675","2026-08-11T19:42:57.000",,"Damaged Tree","Tree Leaning/Uprooted","BRONX","10471","In Progress","40.90251161719962","-73.89755767601868"
"70035374","2026-08-11T19:42:51.000","2026-08-11T23:18:00.000","Water Maintenance","Fire Hydrant Running Full","BRONX","10457","Closed","40.84536978665942","-73.90388763248225"
"70034501","2026-08-11T19:42:45.000",,"PAINT/PLASTER","WALL","BRONX","10459","Open","40.8177796548477","-73.89721844090171"
"70034894","2026-08-11T19:42:36.000","2026-08-12T00:24:44.000","Blocked Driveway","No Access","QUEENS","11370","Closed","40.768475992306875","-73.89413563917762"
"70035308","2026-08-11T19:42:34.000","2026-08-11T19:42:34.000","Building/Use","Illegal Conversion Of Residential Building/Space","QUEENS","11691","Open","40.604393068579654","-73.75917079752529"
"70037079","2026-08-11T19:42:33.000","2026-08-11T20:14:35.000","Illegal Parking","Blocked Hydrant","BROOKLYN","11204","Closed","40.61883028748746","-73.99328214611717"
"70030316","2026-08-11T19:42:21.000","2026-08-11T20:50:37.000","Noise - Residential","Loud Music/Party","QUEENS","11419","Closed","40.69268162067444","-73.82054088357793"
"70034434","2026-08-11T19:42:20.000",,"UNSANITARY CONDITION","PESTS","BROOKLYN","11239","Open","40.65796953975848","-73.86802930350139"
"70035975","2026-08-11T19:42:20.000",,"UNSANITARY CONDITION","MOLD","BROOKLYN","11239","Open","40.65796953975848","-73.86802930350139"
"70031261","2026-08-11T19:42:13.000","2026-08-11T22:04:19.000","Illegal Parking","Blocked Sidewalk","BROOKLYN","11222","Closed","40.726143951030885","-73.95914812217711"
"70027437","2026-08-11T19:42:11.000","2026-08-11T20:14:34.000","Noise - Residential","Banging/Pounding","QUEENS","11106","Closed","40.76124102807673","-73.9351216345001"
"70027136","2026-08-11T19:42:11.000",,"UNSANITARY CONDITION","MOLD","QUEENS","11385","Open","40.69901084015764","-73.90917644383451"
"70028574","2026-08-11T19:42:08.000",,"PAINT/PLASTER","WALL","MANHATTAN","10031","Open","40.82397128078316","-73.95058988524775"
"70032013","2026-08-11T19:42:07.000","2026-08-11T20:36:14.000","Encampment","N/A","MANHATTAN","10039","Closed","40.82376492286525","-73.93816437974954"
"70030350","2026-08-11T19:42:01.000","2026-08-11T20:43:41.000","Illegal Parking","Double Parked Blocking Traffic","QUEENS","11377","Closed","40.73457921502491","-73.88922804485998"
"70037326","2026-08-11T19:42:00.000",,"Street Light Condition","Street Light Out","MANHATTAN","10016","Open","40.74898579456192","-73.97995503676118"
"70036524","2026-08-11T19:41:51.000","2026-08-11T20:44:41.000","Noise - Commercial","Loud Music/Party","MANHATTAN","10026","Closed","40.80225484364876","-73.95693421623459"
"70027438","2026-08-11T19:41:47.000","2026-08-12T01:45:19.000","Noise - Residential","Loud Music/Party","MANHATTAN","10004","Closed","40.70635759706691","-74.01615123242051"
"70037190","2026-08-11T19:41:43.000",,"Blocked Driveway","Partial Access","BROOKLYN","11208","In Progress","40.67175921935224","-73.86794073428946"
"70034071","2026-08-11T19:41:41.000",,"Noise - Street/Sidewalk","Loud Music/Party","BROOKLYN","11218","In Progress","40.645162123509614","-73.97931958244115"
"70035030","2026-08-11T19:41:19.000",,"Obstruction","Weeds or Grass","BROOKLYN","11230","In Progress","40.62237408582108","-73.96471948743533"
"70036984","2026-08-11T19:41:18.000","2026-08-11T19:49:46.000","Illegal Parking","Blocked Hydrant","BRONX","10457","Closed","40.84268250588943","-73.90697803268651"
"70037031","2026-08-11T19:41:12.000","2026-08-11T21:48:27.000","Non-Emergency Police Matter","Trespassing","BRONX","10463","Closed","40.87745803815036","-73.90719335322021"
"70032833","2026-08-11T19:41:00.000",,"Street Light Condition","Street Light Out","MANHATTAN","10016","Open","40.748302059547854","-73.97833838049131"
"70030857","2026-08-11T19:40:57.000","2026-08-11T19:59:17.000","Violation of Park Rules","Unsafe Use of Playground","BRONX","10472","Closed","40.82837859783268","-73.868995763174"
"70035377","2026-08-11T19:40:55.000","2026-08-11T19:41:00.000","Water Maintenance","Fire Hydrant Running Full","MANHATTAN","10033","Closed","40.84914379115813","-73.93546964261812"
"70035567","2026-08-11T19:40:47.000","2026-08-11T20:28:39.000","Abandoned Vehicle","With License Plate","BROOKLYN","11219","Closed","40.6392351354541","-73.99494115228619"
"70031669","2026-08-11T19:40:35.000",,"Municipal Parking Facility","Dirt, Litter, Debris - Lot","Unspecified",,"In Progress",,
"70027777","2026-08-11T19:40:28.000","2026-08-11T20:57:52.000","Non-Emergency Police Matter","Other (complaint details)","QUEENS","11413","Closed","40.661912167021825","-73.76537897919664"
"70038040","2026-08-11T19:40:18.000",,"Dirty Condition","Trash","QUEENS","11411","In Progress","40.69556583097639","-73.74592757245357"
"70033453","2026-08-11T19:40:02.000","2026-08-11T22:14:07.000","Illegal Parking","Blocked Sidewalk","STATEN ISLAND","10306","Closed","40.57131742781454","-74.0912906438358"
"70032194","2026-08-11T19:40:00.000","2026-08-11T21:10:00.000","Traffic Signal Condition","Controller","MANHATTAN","10022","Assigned","40.759785673685684","-73.97628795208624"
"70037756","2026-08-11T19:40:00.000","2026-08-11T22:32:54.000","Noise - Street/Sidewalk","Loud Music/Party","BROOKLYN","11201","Closed","40.695482340480766","-73.98064908964048"
"70033323","2026-08-11T19:39:49.000","2026-08-11T20:00:41.000","Noise - Street/Sidewalk","Loud Talking","QUEENS","11432","Closed","40.7091180891636","-73.7978269277805"
"70035512","2026-08-11T19:39:45.000","2026-08-11T20:29:22.000","Noise - Residential","Banging/Pounding","BRONX","10468","Closed","40.86938481298154","-73.89324824705855"
"70034649","2026-08-11T19:39:33.000","2026-08-11T19:39:33.000","Elevator","Elevator - Single Device On Property/No Alternate Service","QUEENS","11354","Open","40.7674227184636","-73.81958858439167"
"70037666","2026-08-11T19:39:23.000","2026-08-11T19:39:23.000","Elevator","Elevator - Single Device On Property/No Alternate Service","BRONX","10462","Open","40.83925208030308","-73.85877924262124"
"70034547","2026-08-11T19:39:21.000",,"GENERAL","VENTILATION SYSTEM","BRONX","10451","Open","40.81711526878818","-73.92996227748826"
"70028599","2026-08-11T19:39:20.000",,"HEAT/HOT WATER","ENTIRE BUILDING","MANHATTAN","10027","Open","40.815614483902586","-73.95990606311659"
"70036397","2026-08-11T19:39:09.000","2026-08-11T21:22:54.000","Illegal Parking","Posted Parking Sign Violation","QUEENS","11377","Closed","40.73620910583222","-73.91817924950118"
"70037601","2026-08-11T19:39:09.000",,"ELECTRIC","LIGHTING","BRONX","10473","Open","40.82483117267298","-73.85423189520691"
"70028509","2026-08-11T19:39:08.000",,"UNSANITARY CONDITION","MOLD","BRONX","10466","Open","40.89817219352304","-73.84565742389341"
"70032880","2026-08-11T19:39:08.000",,"DOOR/WINDOW","WINDOW FRAME","BRONX","10466","Open","40.89817219352304","-73.84565742389341"
"70035080","2026-08-11T19:39:05.000",,"Illegal Dumping","Removal Request","BROOKLYN","11207","In Progress","40.664200267368905","-73.89775786809439"
"70030513","2026-08-11T19:39:04.000","2026-08-11T20:44:34.000","Noise - Commercial","Loud Music/Party","MANHATTAN","10026","Closed","40.80225484364876","-73.95693421623459"
"70037199","2026-08-11T19:39:02.000","2026-08-11T21:00:54.000","Illegal Parking","Blocked Hydrant","BROOKLYN","11207","Closed","40.66771982321207","-73.89553557698544"
"70037081","2026-08-11T19:39:02.000","2026-08-11T22:58:13.000","Illegal Parking","Blocked Hydrant","BROOKLYN","11204","Closed","40.611483558651415","-73.97933001563813"
"70027811","2026-08-11T19:39:00.000","2026-08-11T20:45:00.000","Traffic Signal Condition","Veh Signal Lamp","QUEENS","11415","Closed","40.710188671644","-73.82111776291487"
"70032602","2026-08-11T19:38:58.000",,"Illegal Parking","Blocked Hydrant","BROOKLYN","11219","In Progress","40.6392351354541","-73.99494115228619"
"70036153","2026-08-11T19:38:51.000","2026-08-12T00:31:55.000","Homeless Person Assistance","Non-Chronic","MANHATTAN","10025","Closed","40.795579683862975","-73.97581291398045"
"70030421","2026-08-11T19:38:46.000","2026-08-11T20:22:14.000","Panhandling","N/A","QUEENS","11358","Closed","40.76134491473862","-73.78988931686018"
"70026717","2026-08-11T19:38:36.000","2026-08-11T21:34:19.000","Noise - Residential","Loud Music/Party","BROOKLYN","11223","Closed","40.606184922207355","-73.97356223849748"
"70033885","2026-08-11T19:38:20.000",,"Water Maintenance","Fire Hydrant Running Full","BRONX","10462","In Progress","40.850062621205055","-73.86492640042495"
"70027773","2026-08-11T19:38:19.000",,"Cannabis Retailer","Unlicensed","MANHATTAN","10009","In Progress","40.72694483097713","-73.97675423425076"
"70026651","2026-08-11T19:38:18.000","2026-08-11T20:25:21.000","Noise - Street/Sidewalk","Loud Music/Party","BRONX","10467","Closed","40.87862461807113","-73.86314347346863"
"70037716","2026-08-11T19:38:08.000",,"Overgrown Tree/Branches","Hitting Power Lines","QUEENS","11434","In Progress","40.66442747681182","-73.77696233581263"
"70030217","2026-08-11T19:37:55.000",,"Wood Pile Remaining","Remove Debris","BROOKLYN","11210","In Progress","40.629872807922865","-73.93852056078346"
"70029153","2026-08-11T19:37:45.000",,"Dirty Condition","Trash","STATEN ISLAND","10304","In Progress","40.59017582129227","-74.09607271522366"
"70036300","2026-08-11T19:37:25.000","2026-08-11T20:07:31.000","Noise - Residential","Banging/Pounding","QUEENS","11106","Closed","40.763704278698256","-73.93731766562355"
"70029749","2026-08-11T19:37:17.000","2026-08-11T20:36:43.000","Blocked Driveway","No Access","BROOKLYN","11201","Closed","40.68952438975952","-73.98745151871981"
"70033665","2026-08-11T19:36:57.000","2026-08-11T20:57:52.000","Non-Emergency Police Matter","Other (complaint details)","QUEENS","11413","Closed","40.66206853064211","-73.76533517625647"
"70029564","2026-08-11T19:36:50.000","2026-08-11T23:08:37.000","Noise - Residential","Loud Talking","BRONX","10462","Closed","40.849412464965766","-73.860597481038"
"70034402","2026-08-11T19:36:26.000",,"UNSANITARY CONDITION","PESTS","BRONX","10466","Open","40.89380837637117","-73.85869950692805"
"70027191","2026-08-11T19:36:26.000",,"PAINT/PLASTER","WALL","BRONX","10466","Open","40.89380837637117","-73.85869950692805"
"70035870","2026-08-11T19:36:26.000",,"DOOR/WINDOW","WINDOW FRAME","BRONX","10466","Open","40.89380837637117","-73.85869950692805"
"70028630","2026-08-11T19:36:26.000",,"FLOORING/STAIRS","FLOOR","BRONX","10466","Open","40.89380837637117","-73.85869950692805"
"70036127","2026-08-11T19:36:26.000",,"DOOR/WINDOW","DOOR","BRONX","10466","Open","40.89380837637117","-73.85869950692805"
"70033921","2026-08-11T19:36:15.000","2026-08-11T19:50:00.000","Water Maintenance","Fire Hydrant Running","QUEENS","11105","Closed","40.78073193320309","-73.91861922347447"
"70034802","2026-08-11T19:36:13.000","2026-08-11T20:57:50.000","Illegal Parking","Blocked Hydrant","QUEENS","11378","Closed","40.72830895150847","-73.90307148834606"
"70026926","2026-08-11T19:36:11.000",,"Mobile Food Vendor","Food Temperature","BROOKLYN","11206","In Progress","40.70855985140735","-73.9380909036534"
"70026716","2026-08-11T19:36:06.000","2026-08-11T21:34:18.000","Noise - Residential","Loud Talking","BROOKLYN","11223","Closed","40.606184922207355","-73.97356223849748"
"70026756","2026-08-11T19:36:02.000","2026-08-11T19:46:25.000","Noise - Street/Sidewalk","Loud Music/Party","BROOKLYN","11203","Closed","40.653162652450185","-73.92953254292175"
"70036062","2026-08-11T19:36:02.000",,"HEAT/HOT WATER","ENTIRE BUILDING","BROOKLYN","11207","Open","40.66690100875197","-73.89458162316167"
"70029930","2026-08-11T19:36:00.000",,"WATER LEAK","SLOW LEAK","BRONX","10473","Open","40.82483117267298","-73.85423189520691"
"70031559","2026-08-11T19:35:57.000",,"HEAT/HOT WATER","ENTIRE BUILDING","MANHATTAN","10027","Open","40.815614483902586","-73.95990606311659"
"70036087","2026-08-11T19:35:57.000",,"GENERAL","BELL/BUZZER/INTERCOM","MANHATTAN","10031","Open","40.82397128078316","-73.95058988524775"
"70032152","2026-08-11T19:35:48.000",,"Street Condition","Pothole","BRONX","10469","Open",,
"70037726","2026-08-11T19:35:40.000",,"Illegal Tree Damage","Roots Damaged","QUEENS","11101","In Progress","40.75269152195814","-73.94092289663682"
"70033673","2026-08-11T19:35:35.000",,"Street Condition","Pothole","BROOKLYN","11219","Open",,
"70026722","2026-08-11T19:35:29.000","2026-08-11T21:34:19.000","Illegal Parking","Posted Parking Sign Violation","BROOKLYN","11214","Closed","40.59271635297314","-73.99425335020466"
"70031703","2026-08-11T19:35:19.000",,"Rodent","Rat Sighting","BROOKLYN","11205","In Progress","40.69350527326538","-73.9653850384073"
"70034920","2026-08-11T19:35:05.000","2026-08-11T19:41:05.000","Blocked Driveway","No Access","QUEENS","11368","Closed","40.7539275187596","-73.85952680482819"
"70027631","2026-08-11T19:34:45.000","2026-08-11T20:10:45.000","Noise - Street/Sidewalk","Loud Music/Party","MANHATTAN","10027","Closed",,
"70032429","2026-08-11T19:34:36.000",,"Noise","Construction","BRONX","10463","In Progress","40.87492639955793","-73.90934837220756"
"70033677","2026-08-11T19:34:34.000",,"Street Condition","Pothole","MANHATTAN","10023","Open",,
"70037077","2026-08-11T19:34:30.000","2026-08-11T21:29:56.000","Illegal Parking","Blocked Hydrant","BROOKLYN","11214","Closed","40.59938358627135","-74.00243428770038"
"70029168","2026-08-11T19:34:25.000",,"Abandoned Bike","Chained to Public Property","BROOKLYN","11216","In Progress","40.679319963435994","-73.94962267007462"
"70030526","2026-08-11T19:34:25.000","2026-08-11T21:06:35.000","Noise - Residential","Loud Music/Party","MANHATTAN","10032","Closed","40.83434952876465","-73.9455663134386"
"70034840","2026-08-11T19:34:20.000",,"Illegal Parking","Blocked Hydrant","QUEENS","11104","In Progress","40.75019841861824","-73.91348458153087"
"70030961","2026-08-11T19:33:55.000",,"Noise","Construction","BROOKLYN","11211","In Progress","40.71148132577357","-73.94559451124792"
"70037639","2026-08-11T19:33:47.000","2026-08-11T22:04:30.000","Homeless Person Assistance","Non-Chronic","BRONX","10467","Closed","40.875966348086294","-73.86196289672768"
"70037105","2026-08-11T19:33:47.000","2026-08-11T19:57:38.000","Noise - Residential","Banging/Pounding","BROOKLYN","11203","Closed","40.648311511793096","-73.9277466479071"
"70029084","2026-08-11T19:33:46.000",,"Obstruction","Cone","QUEENS","11413","In Progress","40.66186006786373","-73.76540439326222"
"70028022","2026-08-11T19:33:31.000",,"Water Maintenance","Fire Hydrant Running","BRONX","10468","In Progress","40.8805075666858","-73.88595088419072"
"70029254","2026-08-11T19:33:22.000","2026-08-11T19:33:22.000","General Construction/Plumbing","Building Shaking/Vibrating/Structural Stability","BRONX","10458","Open","40.86546921715945","-73.89147212650845"
"70029025","2026-08-11T19:33:12.000","2026-08-11T21:12:41.000","Illegal Parking","Blocked Hydrant","MANHATTAN","10034","Closed","40.87202612049118","-73.91783133937044"
"70036318","2026-08-11T19:33:04.000","2026-08-11T19:56:15.000","Noise - Vehicle","Car/Truck Music","QUEENS","11385","Closed","40.700624625730406","-73.85757259997322"
"70030105","2026-08-11T19:33:00.000",,"GENERAL","BELL/BUZZER/INTERCOM","QUEENS","11354","Open","40.765893841511435","-73.82309445268803"
"70027032","2026-08-11T19:32:55.000",,"GENERAL","SIGNAGE MISSING","MANHATTAN","10031","Open","40.82397128078316","-73.95058988524775"
"70036363","2026-08-11T19:32:55.000","2026-08-11T20:04:05.000","Blocked Driveway","No Access","QUEENS","11427","Closed","40.72029280679855","-73.7544589956372"
"70029141","2026-08-11T19:32:53.000",,"Dirty Condition","Trash","BROOKLYN","11226","In Progress","40.64166405236773","-73.96341570373777"
"70037284","2026-08-11T19:32:43.000",,"Lost Property","Electronics/Phones","MANHATTAN","10028","In Progress","40.773821312030144","-73.94820448285104"
"70033902","2026-08-11T19:32:32.000","2026-08-11T19:33:00.000","Water Maintenance","Fire Hydrant Running Full","MANHATTAN","10029","Closed","40.795436845563835","-73.94394761976524"
"70032164","2026-08-11T19:32:11.000",,"Street Condition","Pothole","QUEENS","11356","Open",,
"70035116","2026-08-11T19:32:08.000",,"Lot Condition","Trash","QUEENS","11435","In Progress","40.70520346455829","-73.8171745451512"
"70036337","2026-08-11T19:32:03.000","2026-08-11T20:14:34.000","Blocked Driveway","Partial Access","QUEENS","11435","Closed","40.692214590698754","-73.80836454691962"
"70037331","2026-08-11T19:32:00.000",,"Street Light Condition","Street Light Out","BROOKLYN","11224","Open","40.57453206859375","-74.00518713528935"
"70031072","2026-08-11T19:31:39.000",,"Illegal Parking","Blocked Sidewalk","BROOKLYN","11223","In Progress","40.59314191956179","-73.97478803331137"
"70026475","2026-08-11T19:31:35.000",,"Sewer Maintenance","Catch Basin Search","BROOKLYN","11207","In Progress","40.67244317090674","-73.89211067244833"
"70035421","2026-08-11T19:31:35.000",,"Noise","Air Conditioner/Ventilation","BRONX","10463","In Progress","40.87742679827494","-73.90589884094703"
"70030227","2026-08-11T19:31:28.000",,"Overgrown Tree/Branches","Hitting Building","BROOKLYN","11236","In Progress","40.63102838864276","-73.88770303723027"
"70036244","2026-08-11T19:31:19.000",,"Overgrown Tree/Branches","Blocking Street","MANHATTAN","10016","In Progress","40.745227665353845","-73.97692108223646"
"70028113","2026-08-11T19:31:17.000","2026-08-11T23:25:11.000","Illegal Parking","Parking Permit Improper Use","BRONX","10462","Closed","40.84380716565753","-73.853467463217"
"70035534","2026-08-11T19:31:14.000","2026-08-11T20:40:39.000","Blocked Driveway","No Access","BROOKLYN","11229","Closed","40.593702662373296","-73.9454636284571"
"70031075","2026-08-11T19:31:05.000","2026-08-11T20:54:31.000","Abandoned Vehicle","With License Plate","BROOKLYN","11235","Closed","40.588883197185375","-73.94073657060414"
"70032708","2026-08-11T19:30:49.000","2026-08-11T20:01:18.000","Illegal Parking","Blocked Hydrant","BROOKLYN","11215","Closed","40.67076569460248","-73.9808148750505"
"70031125","2026-08-11T19:30:44.000",,"Illegal Parking","Posted Parking Sign Violation","BROOKLYN","11204","In Progress","40.61525684746841","-73.97526593369403"
"70026590","2026-08-11T19:30:27.000",,"Noise","Ice Cream Truck","BROOKLYN","11201","In Progress","40.702913918747974","-73.99449270706157"
"70034874","2026-08-11T19:30:22.000","2026-08-11T19:46:41.000","Drinking","Underage - Licensed Est","QUEENS","11361","Closed","40.764106321118824","-73.77125334303817"
"70036735","2026-08-11T19:30:20.000","2026-08-11T19:30:20.000","Special Projects Inspection Team (SPIT)","Illegal Hotel Rooms In Residential Building","BROOKLYN","11223","Open","40.607484769135425","-73.98154254669281"
"70030116","2026-08-11T19:30:00.000",,"ELECTRIC","POWER OUTAGE","QUEENS","11354","Open","40.765893841511435","-73.82309445268803"
"70027095","2026-08-11T19:30:00.000",,"UNSANITARY CONDITION","PESTS","QUEENS","11354","Open","40.765893841511435","-73.82309445268803"
"70031618","2026-08-11T19:30:00.000",,"DOOR/WINDOW","WINDOW FRAME","QUEENS","11354","Open","40.765893841511435","-73.82309445268803"
"70034307","2026-08-11T19:30:00.000",,"Street Light Condition","Street Light Out","BRONX",,"Open",,
"70037443","2026-08-11T19:30:00.000",,"UNSANITARY CONDITION","PESTS","QUEENS","11354","Open","40.765893841511435","-73.82309445268803"
"70035387","2026-08-11T19:29:59.000","2026-08-11T19:30:00.000","Water Maintenance","Fire Hydrant Running","MANHATTAN","10033","Closed","40.85140685894864","-73.9380808478241"
"70027079","2026-08-11T19:29:58.000",,"WATER LEAK","DAMP SPOT","BRONX","10463","Open","40.889113755982365","-73.91298552272116"
"70027271","2026-08-11T19:29:58.000",,"DOOR/WINDOW","DOOR","BRONX","10473","Open","40.82483117267298","-73.85423189520691"
"70032980","2026-08-11T19:29:58.000",,"UNSANITARY CONDITION","MOLD","BRONX","10463","Open","40.889113755982365","-73.91298552272116"
"70028573","2026-08-11T19:29:58.000",,"PAINT/PLASTER","WALL","BRONX","10463","Open","40.889113755982365","-73.91298552272116"
"70037571","2026-08-11T19:29:58.000",,"FLOORING/STAIRS","FLOOR","BRONX","10463","Open","40.889113755982365","-73.91298552272116"
"70037511","2026-08-11T19:29:58.000",,"PAINT/PLASTER","WINDOW/FRAME","BRONX","10463","Open","40.889113755982365","-73.91298552272116"
"70028724","2026-08-11T19:29:45.000",,"Dead/Dying Tree","Planted More Than 2 Years Ago","BRONX","10469","In Progress","40.86113308712519","-73.83803940127974"
"70033390","2026-08-11T19:29:26.000","2026-08-11T19:56:14.000","Blocked Driveway","Partial Access","QUEENS","11354","Closed","40.763633508859016","-73.81014089547031"
"70031009","2026-08-11T19:29:01.000","2026-08-11T20:18:12.000","Illegal Parking","Blocked Hydrant","BRONX","10461","Closed","40.847010788898224","-73.828018444979"
"70036682","2026-08-11T19:28:57.000",,"Street Condition","Pothole","QUEENS","11365","Open",,
"70030560","2026-08-11T19:28:48.000",,"Residential Disposal Complaint","Waste Not Separated","STATEN ISLAND","10306","In Progress","40.57169278171409","-74.12918698104077"
"70036840","2026-08-11T19:28:48.000","2026-08-11T19:35:08.000","Mosquitoes","Large Number of Mosquitoes","BROOKLYN","11236","Closed","40.63101742708948","-73.88772106931083"
"70035149","2026-08-11T19:28:43.000",,"Street Condition","Pothole","BRONX","10473","Open",,
"70035726","2026-08-11T19:28:40.000","2026-08-11T20:10:36.000","Illegal Parking","Blocked Hydrant","BROOKLYN","11205","Closed","40.696573564726485","-73.97452172565382"
"70034768","2026-08-11T19:28:31.000","2026-08-11T21:23:38.000","Abandoned Vehicle","With License Plate","QUEENS","11418","Closed","40.692497679486635","-73.8371220108271"
"70030390","2026-08-11T19:28:28.000",,"Illegal Parking","Blocked Hydrant","QUEENS","11378","In Progress","40.730102383104075","-73.91868466307024"
"70026703","2026-08-11T19:28:20.000","2026-08-11T20:54:32.000","Abandoned Vehicle","With License Plate","BROOKLYN","11235","Closed","40.588883197185375","-73.94073657060414"
"70033981","2026-08-11T19:28:02.000","2026-08-12T00:00:57.000","Noise - Residential","Loud Music/Party","BRONX","10451","Closed","40.82619710600771","-73.9169051167292"
"70036426","2026-08-11T19:27:50.000","2026-08-11T21:56:18.000","Illegal Parking","Blocked Hydrant","QUEENS","11368","Closed","40.7431495769959","-73.86237882268291"
"70026567","2026-08-11T19:27:47.000",,"Sewer Maintenance","Flooding on Street","STATEN ISLAND","10308","In Progress","40.53784193076283","-74.14454131239711"
"70037240","2026-08-11T19:27:44.000","2026-08-11T21:41:13.000","Encampment","N/A","BROOKLYN","11222","Closed","40.7267276508964","-73.95659697985963"
"70034184","2026-08-11T19:27:31.000","2026-08-11T19:49:41.000","Non-Emergency Police Matter","Other (complaint details)","BROOKLYN","11216","Closed","40.6827092815582","-73.95510049610861"
"70032459","2026-08-11T19:27:29.000","2026-08-11T22:43:49.000","Noise - Street/Sidewalk","Loud Music/Party","BRONX","10456","Closed","40.836180721669436","-73.90415748978312"
"70031303","2026-08-11T19:27:20.000",,"For Hire Vehicle Complaint","Driver Complaint - Non Passenger","QUEENS","11106","In Progress","40.75798491981194","-73.9336448730687"
"70036946","2026-08-11T19:27:04.000",,"Noise","Construction","MANHATTAN","10013","In Progress","40.717356935587375","-74.00360017641518"
"70030947","2026-08-11T19:26:46.000",,"Sewer Maintenance","Backup","STATEN ISLAND","10308","In Progress","40.53784193076283","-74.14454131239711"
"70032425","2026-08-11T19:26:26.000",,"Noise","Construction Equipment","BROOKLYN","11235","In Progress","40.58317437006539","-73.9534393442662"
"70026925","2026-08-11T19:26:10.000",,"Mobile Food Vendor","Smoke/Odor","QUEENS","11354","In Progress","40.761522918082534","-73.82952426916104"
"70036283","2026-08-11T19:25:43.000","2026-08-11T22:32:19.000","Noise - Street/Sidewalk","Loud Music/Party","BROOKLYN","11201","Closed","40.695482340480766","-73.98064908964048"
"70027584","2026-08-11T19:25:21.000","2026-08-11T20:57:50.000","Illegal Parking","Posted Parking Sign Violation","STATEN ISLAND","10305","Closed","40.60836871841217","-74.06401310158667"
"70036332","2026-08-11T19:25:19.000",,"Blocked Driveway","No Access","QUEENS","11435","In Progress","40.69650058793523","-73.80269759363706"
"70034355","2026-08-11T19:25:14.000",,"FLOORING/STAIRS","STAIRS","BROOKLYN","11231","Open","40.67907804826365","-74.00988218371882"
"70034565","2026-08-11T19:25:14.000",,"FLOORING/STAIRS","STAIRS","BROOKLYN","11231","Open","40.67907804826365","-74.00988218371882"
"70037466","2026-08-11T19:25:09.000",,"UNSANITARY CONDITION","GARBAGE/RECYCLING STORAGE","BROOKLYN","11233","Open","40.68261262559691","-73.93638795198703"
"70037967","2026-08-11T19:25:09.000","2026-08-11T19:45:31.000","Illegal Parking","Blocked Crosswalk","MANHATTAN","10023","Closed","40.768391423605024","-73.98167846057568"
"70032997","2026-08-11T19:25:08.000",,"UNSANITARY CONDITION","GARBAGE/RECYCLING STORAGE","BROOKLYN","11233","Open","40.68261262559691","-73.93638795198703"
"70030384","2026-08-11T19:25:08.000","2026-08-11T20:10:35.000","Illegal Parking","Posted Parking Sign Violation","QUEENS","11365","Closed","40.73491671498902","-73.8045179176109"
"70033052","2026-08-11T19:25:07.000",,"PLUMBING","BASIN/SINK","BRONX","10458","Open","40.858052508996636","-73.8909130551251"
"70031074","2026-08-11T19:25:07.000","2026-08-11T20:54:26.000","Abandoned Vehicle","With License Plate","BROOKLYN","11235","Closed","40.588883197185375","-73.94073657060414"
"70037402","2026-08-11T19:25:07.000",,"WATER LEAK","SLOW LEAK","BRONX","10458","Open","40.858052508996636","-73.8909130551251"
"70037610","2026-08-11T19:25:07.000",,"DOOR/WINDOW","DOOR FRAME","BRONX","10458","Open","40.858052508996636","-73.8909130551251"
"70028667","2026-08-11T19:25:06.000",,"DOOR/WINDOW","DOOR","BRONX","10458","Open","40.858052508996636","-73.8909130551251"
"70032976","2026-08-11T19:25:06.000",,"UNSANITARY CONDITION","MOLD","BRONX","10458","Open","40.858052508996636","-73.8909130551251"
"70037568","2026-08-11T19:25:06.000",,"FLOORING/STAIRS","FLOOR","BRONX","10458","Open","40.858052508996636","-73.8909130551251"
"70026451","2026-08-11T19:24:52.000","2026-08-11T19:36:54.000","Violation of Park Rules","BBQ Outside Authorized Area","BROOKLYN","11218","Closed","40.645162123509614","-73.97931958244115"
"70033426","2026-08-11T19:24:47.000","2026-08-11T19:38:56.000","Illegal Parking","Parking Permit Improper Use","QUEENS","11368","Closed","40.7561212607332","-73.86237007014132"
"70032813","2026-08-11T19:24:45.000",,"Consumer Complaint","Restaurant","BRONX","10453","In Progress","40.85440379042008","-73.90202378687984"
"70034176","2026-08-11T19:24:35.000","2026-08-11T20:07:31.000","Noise - Residential","Loud Music/Party","BROOKLYN","11238","Closed","40.679865599172935","-73.96249340597738"
"70031846","2026-08-11T19:24:25.000","2026-08-11T21:21:06.000","Illegal Parking","License Plate Obscured","QUEENS","11417","Closed","40.67974506511301","-73.85315015006789"
"70029509","2026-08-11T19:24:18.000","2026-08-11T22:31:27.000","Noise - Street/Sidewalk","Loud Music/Party","BRONX","10457","Closed","40.83826484237323","-73.90522783028261"
"70033188","2026-08-11T19:24:18.000","2026-08-11T19:24:18.000","Elevator","Elevator - Single Device On Property/No Alternate Service","BROOKLYN","11213","Open","40.66378426870688","-73.93786572797629"
"70035034","2026-08-11T19:24:11.000",,"Obstruction","Weeds or Grass","BROOKLYN","11236","In Progress","40.63145047176291","-73.88707544839944"
"70035531","2026-08-11T19:23:55.000","2026-08-11T21:22:24.000","Noise - Residential","Loud Music/Party","BROOKLYN","11235","Closed","40.58419050491946","-73.93245307663842"
"70030127","2026-08-11T19:23:48.000",,"DOOR/WINDOW","DOOR FRAME","BRONX","10458","Open","40.87334202329096","-73.88405038641469"
"70032473","2026-08-11T19:23:44.000","2026-08-11T19:45:31.000","Noise - Residential","Banging/Pounding","BRONX","10452","Closed","40.832780838847206","-73.92789684704749"
"70027248","2026-08-11T19:23:29.000",,"FLOORING/STAIRS","FLOOR","BROOKLYN","11231","Open","40.67907804826365","-74.00988218371882"
"70031468","2026-08-11T19:23:29.000",,"UNSANITARY CONDITION","MOLD","BROOKLYN","11231","Open","40.67907804826365","-74.00988218371882"
"70032956","2026-08-11T19:23:29.000",,"UNSANITARY CONDITION","PESTS","BROOKLYN","11231","Open","40.67907804826365","-74.00988218371882"
"70033101","2026-08-11T19:23:29.000",,"GENERAL","CABINET","BROOKLYN","11231","Open","40.67907804826365","-74.00988218371882"
"70034475","2026-08-11T19:23:29.000",,"PLUMBING","RADIATOR","BROOKLYN","11231","Open","40.67907804826365","-74.00988218371882"
"70031642","2026-08-11T19:23:29.000",,"DOOR/WINDOW","DOOR","BROOKLYN","11231","Open","40.67907804826365","-74.00988218371882"
"70037526","2026-08-11T19:23:29.000",,"PAINT/PLASTER","WALL","BROOKLYN","11231","Open","40.67907804826365","-74.00988218371882"
"70036116","2026-08-11T19:23:29.000",,"DOOR/WINDOW","WINDOW FRAME","BROOKLYN","11231","Open","40.67907804826365","-74.00988218371882"
"70037384","2026-08-11T19:23:19.000",,"DOOR/WINDOW","WINDOW FRAME","BROOKLYN","11207","Open","40.669725273952224","-73.88583547604252"
"70037593","2026-08-11T19:23:19.000",,"ELECTRIC","POWER OUTAGE","BROOKLYN","11207","Open","40.669725273952224","-73.88583547604252"
"70037442","2026-08-11T19:23:18.000",,"UNSANITARY CONDITION","PESTS","BRONX","10460","Open","40.84596385991485","-73.88158250803113"
"70028482","2026-08-11T19:23:17.000",,"UNSANITARY CONDITION","PESTS","BRONX","10460","Open","40.84596385991485","-73.88158250803113"
"70033085","2026-08-11T19:23:16.000",,"HEAT/HOT WATER","ENTIRE BUILDING","MANHATTAN","10027","Open","40.815614483902586","-73.95990606311659"
"70033907","2026-08-11T19:22:53.000",,"Water Maintenance","Fire Hydrant Running","BRONX","10468","In Progress","40.8665616453602","-73.90389677406746"
"70028998","2026-08-11T19:22:34.000","2026-08-11T19:38:57.000","Noise - Street/Sidewalk","Loud Music/Party","MANHATTAN","10027","Closed","40.807129273329735","-73.94965958870036"
"70028310","2026-08-11T19:22:32.000","2026-08-11T21:22:23.000","Graffiti","Police Report Not Requested","BROOKLYN","11211","Closed","40.71559617946569","-73.94094856165262"
"70034215","2026-08-11T19:22:25.000","2026-08-12T00:20:48.000","Noise - Residential","Banging/Pounding","MANHATTAN","10009","Closed","40.72845741060336","-73.97786496822046"
"70036457","2026-08-11T19:22:10.000","2026-08-11T20:10:35.000","Illegal Parking","Blocked Sidewalk","QUEENS","11103","Closed","40.76958062747012","-73.91559304356464"
"70030494","2026-08-11T19:22:02.000","2026-08-11T19:49:41.000","Illegal Parking","Unauthorized Bus Layover","MANHATTAN","10019","Closed","40.76788087189685","-73.98149087437686"
"70031858","2026-08-11T19:21:50.000","2026-08-11T21:21:04.000","Illegal Parking","Blocked Hydrant","QUEENS","11417","Closed","40.679736513539176","-73.84866870468325"
"70033883","2026-08-11T19:21:49.000",,"Water Maintenance","Fire Hydrant Running Full","MANHATTAN","10034","In Progress","40.86848323435348","-73.91855883540413"
"70030564","2026-08-11T19:21:48.000",,"Residential Disposal Complaint","Bin Not Used","BROOKLYN","11212","In Progress","40.66330012048057","-73.92253637253673"
"70030352","2026-08-11T19:21:40.000","2026-08-11T20:07:32.000","Illegal Parking","Blocked Hydrant","QUEENS","11379","Closed","40.714817396094375","-73.87877819900054"
"70026655","2026-08-11T19:21:31.000","2026-08-11T20:00:40.000","Illegal Parking","Posted Parking Sign Violation","BRONX","10469","Closed","40.871962029922436","-73.83687043701073"
"70026626","2026-08-11T19:21:28.000","2026-08-11T19:42:18.000","Noise - Street/Sidewalk","Loud Music/Party","BRONX","10456","Closed","40.83747910996361","-73.90769363386275"
"70037130","2026-08-11T19:21:28.000","2026-08-11T19:41:54.000","Blocked Driveway","No Access","BROOKLYN","11218","Closed","40.63556345049019","-73.96691032607522"
"70036835","2026-08-11T19:21:17.000","2026-08-11T19:21:17.000","General Construction/Plumbing","Building Permit - None","BROOKLYN","11235","Open","40.591846570754015","-73.93880761338094"
"70027930","2026-08-11T19:21:16.000","2026-08-11T19:21:16.000","Building/Use","Illegal Conversion Of Residential Building/Space","QUEENS","11423","Open","40.718151094726416","-73.76059954747448"
"70026719","2026-08-11T19:20:59.000","2026-08-11T19:22:54.000","Noise - Residential","Banging/Pounding","BROOKLYN","11214","Closed","40.60810108364675","-73.99938414563323"
"70029038","2026-08-11T19:20:52.000",,"Maintenance or Facility","Structure - Outdoors","MANHATTAN","10128","In Progress","40.78091459665541","-73.95021020033296"
"70030263","2026-08-11T19:20:43.000",,"Damaged Tree","Tree Leaning/Uprooted","QUEENS","11414","In Progress","40.665100949873874","-73.84836668392282"
"70026800","2026-08-11T19:20:41.000",,"Street Condition","Cave-in","BROOKLYN","11219","In Progress","40.63734938313302","-73.99329829711604"
"70028009","2026-08-11T19:20:25.000","2026-08-11T19:20:00.000","Water Maintenance","Fire Hydrant Running Full","MANHATTAN","10009","Closed","40.724491899722686","-73.98163280505841"
"70027137","2026-08-11T19:20:22.000",,"UNSANITARY CONDITION","MOLD","MANHATTAN","10027","Open","40.81281230589898","-73.95311251545624"
"70034573","2026-08-11T19:20:22.000",,"FLOORING/STAIRS","FLOOR","MANHATTAN","10027","Open","40.81281230589898","-73.95311251545624"
"70033064","2026-08-11T19:20:22.000",,"PAINT/PLASTER","WALL","MANHATTAN","10027","Open","40.81281230589898","-73.95311251545624"
"70027071","2026-08-11T19:20:20.000",,"WATER LEAK","HEAVY FLOW","BRONX","10467","Open","40.881901360890105","-73.8627895612548"
"70028623","2026-08-11T19:20:20.000",,"GENERAL","BELL/BUZZER/INTERCOM","BRONX","10467","Open","40.881901360890105","-73.8627895612548"
"70028193","2026-08-11T19:20:18.000","2026-08-11T21:29:56.000","Illegal Parking","Blocked Sidewalk","BROOKLYN","11209","Closed","40.61999159027402","-74.0248474868039"
"70034867","2026-08-11T19:20:13.000","2026-08-11T21:34:20.000","Blocked Driveway","No Access","QUEENS","11373","Closed","40.74486409317079","-73.87351590815894"
"70033606","2026-08-11T19:20:13.000",,"Illegal Dumping","Removal Request","QUEENS","11432","In Progress","40.714953746762816","-73.80434199359136"
"70035379","2026-08-11T19:19:50.000",,"Water Maintenance","Fire Hydrant Running","BRONX","10456","In Progress","40.83637882597317","-73.90147572994456"
"70028234","2026-08-11T19:19:38.000",,"Street Condition","Cave-in","QUEENS","11413","In Progress","40.6787829478052","-73.74410953520565"
"70036999","2026-08-11T19:19:29.000","2026-08-11T22:52:26.000","Noise - Residential","Banging/Pounding","BRONX","10458","Closed","40.86138205958547","-73.89410343591835"
"70036472","2026-08-11T19:19:14.000","2026-08-11T19:35:40.000","Blocked Driveway","No Access","QUEENS","11369","Closed","40.76710788415955","-73.87895377960616"
"70031073","2026-08-11T19:19:11.000","2026-08-11T20:54:49.000","Abandoned Vehicle","With License Plate","BROOKLYN","11235","Closed","40.58882006122098","-73.94072582528841"
"70029101","2026-08-11T19:19:09.000",,"Missed Collection","Compost","QUEENS","11435","In Progress","40.69118121033507","-73.80110145925791"
"70035536","2026-08-11T19:18:56.000","2026-08-11T20:43:40.000","Illegal Parking","Blocked Hydrant","BROOKLYN","11235","Closed","40.59004805206974","-73.94282743587111"
"70029445","2026-08-11T19:18:51.000","2026-08-11T19:20:00.000","Water Maintenance","Fire Hydrant Running Full","BROOKLYN","11231","Closed","40.6789267484793","-74.01323870716895"
"70034286","2026-08-11T19:18:36.000",,"Sidewalk Condition","Sidewalk Violation","QUEENS","11357","In Progress","40.77487967224688","-73.79468109495858"
"70027636","2026-08-11T19:18:34.000","2026-08-11T20:28:39.000","Noise - Street/Sidewalk","Loud Talking","MANHATTAN","10026","Closed","40.80253238201791","-73.95087308778609"
"70028766","2026-08-11T19:18:30.000",,"Illegal Tree Damage","Unauthorized Tree Pruning","QUEENS","11372","In Progress","40.753142133331615","-73.88112671000178"
"70033505","2026-08-11T19:18:28.000","2026-08-11T19:38:56.000","Illegal Parking","Double Parked Blocking Traffic","MANHATTAN","10027","Closed","40.80723355072292","-73.94960893815248"
"70037258","2026-08-11T19:18:26.000",,"Food Establishment","Food Temperature","MANHATTAN","10031","In Progress","40.82248321775647","-73.94960461640152"
"70035395","2026-08-11T19:18:25.000",,"Sewer Maintenance","Odor","BROOKLYN","11230","In Progress","40.62685109164096","-73.97642884674384"
"70030173","2026-08-11T19:18:23.000",,"Homeless Person Assistance","Non-Chronic","MANHATTAN","10001","In Progress","40.74562237902606","-73.99525426797025"
"70027928","2026-08-11T19:18:15.000","2026-08-11T19:18:15.000","Building/Use","Illegal Conversion Of Residential Building/Space","BROOKLYN","11204","Open","40.61410724566827","-73.97753910282977"
"70028984","2026-08-11T19:17:57.000","2026-08-11T19:56:15.000","Illegal Parking","Blocked Bike Lane","MANHATTAN","10019","Closed","40.76060124860151","-73.97824413724835"
"70034813","2026-08-11T19:17:49.000","2026-08-11T20:22:12.000","Abandoned Vehicle","With License Plate","QUEENS","11414","Closed","40.65061865602677","-73.8357827352313"
"70029920","2026-08-11T19:17:44.000",,"PAINT/PLASTER","WALL","BRONX","10457","Open","40.84576469052994","-73.91028808758833"
"70031534","2026-08-11T19:17:44.000",,"PAINT/PLASTER","DOOR/FRAME","BRONX","10457","Open","40.84576469052994","-73.91028808758833"
"70033066","2026-08-11T19:17:44.000",,"PAINT/PLASTER","RADIATOR","BRONX","10457","Open","40.84576469052994","-73.91028808758833"
"70036051","2026-08-11T19:17:44.000",,"PAINT/PLASTER","CEILING","BRONX","10457","Open","40.84576469052994","-73.91028808758833"
"70036020","2026-08-11T19:17:44.000",,"PAINT/PLASTER","WINDOW/FRAME","BRONX","10457","Open","40.84576469052994","-73.91028808758833"
"70026534","2026-08-11T19:17:39.000",,"Water Maintenance","Fire Hydrant Running","BRONX","10468","In Progress","40.86577988473172","-73.90447275953419"
"70027687","2026-08-11T19:17:17.000",,"Obstruction","Weeds or Grass","BROOKLYN","11214","In Progress","40.596394380679364","-73.99419902081866"
"70036866","2026-08-11T19:17:13.000",,"Lead","Lead Kit","QUEENS","11426","In Progress","40.72614599431162","-73.71790761051088"
"70037590","2026-08-11T19:17:11.000",,"ELECTRIC","POWER OUTAGE","BRONX","10458","Open","40.87334202329096","-73.88405038641469"
"70034866","2026-08-11T19:17:08.000","2026-08-11T19:45:30.000","Noise - Residential","Banging/Pounding","QUEENS","11373","Closed","40.746892543991","-73.87358784586236"
"70028770","2026-08-11T19:17:07.000",,"Dead/Dying Tree","Planted More Than 2 Years Ago","QUEENS","11367","In Progress","40.723378195051865","-73.81475801858106"
"70026642","2026-08-11T19:17:05.000","2026-08-11T20:40:36.000","Noise - Street/Sidewalk","Loud Music/Party","BRONX","10452","Closed","40.84565260549004","-73.91449172822615"
"70029667","2026-08-11T19:17:02.000","2026-08-11T19:56:57.000","Noise - Residential","Loud Music/Party","BROOKLYN","11213","Closed","40.665451882792276","-73.93566177313114"
"70026464","2026-08-11T19:17:00.000","2026-08-11T22:52:00.000","Derelict Vehicles","Derelict Vehicles","BROOKLYN","11235","Closed","40.588658101316994","-73.94069356508692"
"70036703","2026-08-11T19:17:00.000","2026-08-11T20:30:00.000","Traffic Signal Condition","Controller","QUEENS","11368","Closed","40.752321910162635","-73.8595843299733"
"70030589","2026-08-11T19:16:44.000",,"Dirty Condition","Broken Glass","QUEENS","11435","In Progress","40.70524467603347","-73.8171996793315"
"70035503","2026-08-11T19:16:39.000","2026-08-11T21:21:05.000","Noise - Residential","Loud Music/Party","BRONX","10463","Closed","40.87369857353044","-73.90814957564673"
"70026550","2026-08-11T19:16:29.000",,"Water Maintenance","Fire Hydrant Leaking","QUEENS","11365","In Progress","40.74499640426176","-73.78649437836212"
"70026745","2026-08-11T19:16:25.000",,"Illegal Parking","Blocked Hydrant","BROOKLYN","11218","In Progress","40.63512335101766","-73.97395430388734"
"70026929","2026-08-11T19:16:17.000",,"Food Establishment","Rodents/Insects/Garbage","BROOKLYN","11238","In Progress","40.67729842843445","-73.9690022802311"
"70031776","2026-08-11T19:16:11.000","2026-08-11T22:32:19.000","Noise - Street/Sidewalk","Loud Music/Party","BROOKLYN","11201","Closed","40.695482340480766","-73.98064908964048"
"70036536","2026-08-11T19:16:11.000","2026-08-11T20:54:08.000","Illegal Parking","Blocked Hydrant","MANHATTAN","10032","Closed","40.842897663640535","-73.94220172736742"
"70036910","2026-08-11T19:16:10.000","2026-08-11T19:16:00.000","Water Maintenance","Fire Hydrant Running Full","MANHATTAN","10029","Closed","40.79597461665018","-73.94354627357968"
"70035801","2026-08-11T19:16:03.000",,"Consumer Complaint","Bodega, Deli, or Convenience Store","MANHATTAN","10004","In Progress","40.703031500050145","-74.01150871172338"
"70030355","2026-08-11T19:16:03.000","2026-08-11T21:34:18.000","Abandoned Vehicle","With License Plate","QUEENS","11429","Closed","40.70455655022504","-73.72974604452972"
"70032028","2026-08-11T19:16:03.000",,"Maintenance or Facility","Garbage or Litter","BROOKLYN","11206","In Progress","40.70549884332763","-73.94797984888783"
"70037796","2026-08-11T19:15:54.000",,"Blocked Driveway","No Access","QUEENS","11435","In Progress","40.69650058793523","-73.80269759363706"
"70028147","2026-08-11T19:15:53.000","2026-08-11T20:54:38.000","Abandoned Vehicle","With License Plate","BROOKLYN","11235","Closed","40.58856202403256","-73.94067564823895"
"70027334","2026-08-11T19:15:53.000",,"Rodent","Condition Attracting Rodents","QUEENS","11417","In Progress","40.681104422883124","-73.83350113640974"
"70036583","2026-08-11T19:15:50.000",,"Residential Disposal Complaint","Refrigerator or Freezer Door Attached","BROOKLYN","11236","In Progress","40.63145047176291","-73.88707544839944"
"70026789","2026-08-11T19:15:47.000",,"Sidewalk Condition","Blocked - Construction","BRONX","10455","In Progress","40.810854378693094","-73.90993777338429"
"70028842","2026-08-11T19:15:47.000","2026-08-11T21:06:35.000","Blocked Driveway","No Access","QUEENS","11432","Closed","40.70779221552057","-73.80248382807538"
"70026532","2026-08-11T19:15:45.000",,"Water Maintenance","Fire Hydrant Running","BROOKLYN","11216","In Progress","40.69024077371804","-73.94818647280042"
"70027721","2026-08-11T19:15:27.000",,"Litter Basket Request","New Basket","MANHATTAN","10016","In Progress","40.74856315385953","-73.98024749949877"
"70030423","2026-08-11T19:15:25.000","2026-08-11T20:43:42.000","Illegal Parking","Blocked Hydrant","QUEENS","11362","Closed","40.76704677898716","-73.72747442211649"
"70029130","2026-08-11T19:15:17.000",,"Illegal Dumping","Removal Request","BROOKLYN","11221","In Progress","40.69221088701083","-73.9268083863334"
"70034214","2026-08-11T19:15:16.000","2026-08-11T20:45:19.000","Noise - Residential","Loud Talking","MANHATTAN","10003","Closed","40.72700140601868","-73.98761042578285"
"70034806","2026-08-11T19:15:14.000","2026-08-11T21:13:00.000","Non-Emergency Police Matter","Other (complaint details)","QUEENS","11426","Closed","40.72945273781091","-73.71874150753183"
"70031721","2026-08-11T19:15:08.000",,"Damaged Tree","Entire Tree Has Fallen Down","BRONX","10467","In Progress","40.8840452315641","-73.87767401912494"
"70033290","2026-08-11T19:15:01.000","2026-08-11T19:29:33.000","Noise - Street/Sidewalk","Loud Music/Party","BRONX","10456","Closed","40.83694066292417","-73.90374441298103"
"70032955","2026-08-11T19:14:48.000",,"UNSANITARY CONDITION","PESTS","BROOKLYN","11226","Open","40.65595860808339","-73.95490586001881"
"70027070","2026-08-11T19:14:45.000",,"WATER LEAK","HEAVY FLOW","BRONX","10454","Open","40.80578762054628","-73.92530725375082"
"70028198","2026-08-11T19:14:44.000","2026-08-11T20:10:34.000","Blocked Driveway","No Access","BROOKLYN","11236","Closed","40.636981169350896","-73.90864474749725"
"70032576","2026-08-11T19:14:37.000","2026-08-11T19:15:37.000","Noise - Residential","Banging/Pounding","BROOKLYN","11214","Closed","40.60810108364675","-73.99938414563323"
"70030646","2026-08-11T19:14:30.000",,"Dirty Condition","Trash","MANHATTAN","10001","In Progress","40.74562237902606","-73.99525426797025"
"70035676","2026-08-11T19:14:22.000","2026-08-11T20:11:35.000","Illegal Parking","Blocked Sidewalk","BROOKLYN","11231","Closed","40.68364302931577","-74.00030286766025"
"70027069","2026-08-11T19:14:03.000",,"WATER LEAK","HEAVY FLOW","BRONX","10461","Open","40.851687414826074","-73.85579603116459"
"70028438","2026-08-11T19:14:02.000",,"GENERAL","SIGNAGE MISSING","BROOKLYN","11201","Open","40.68972693788749","-73.9830450751783"
"70034449","2026-08-11T19:14:02.000",,"UNSANITARY CONDITION","MOLD","MANHATTAN","10032","Open","40.83820984221358","-73.93722216981025"
"70035874","2026-08-11T19:14:02.000",,"SAFETY","FIRE ESCAPE","BROOKLYN","11201","Open","40.68972693788749","-73.9830450751783"
"70034741","2026-08-11T19:13:38.000","2026-08-11T22:32:37.000","Noise - Street/Sidewalk","Loud Music/Party","BROOKLYN","11201","Closed","40.695482340480766","-73.98064908964048"
"70026608","2026-08-11T19:13:36.000","2026-08-11T22:40:32.000","Noise - Street/Sidewalk","Loud Music/Party","BRONX","10456","Closed","40.83650558217194","-73.90534959353384"
"70035851","2026-08-11T19:13:31.000",,"Indoor Air Quality","Human Feces","BRONX","10460","In Progress","40.84596385991485","-73.88158250803113"
"70027652","2026-08-11T19:13:13.000","2026-08-11T21:12:26.000","Blocked Driveway","Partial Access","MANHATTAN","10033","Closed","40.854671508511395","-73.93526184853215"
"70032854","2026-08-11T19:13:10.000",,"Street Sign - Dangling","St Name - Attached to Pole","BRONX","10466","In Progress","40.89856485840039","-73.85865322294433"
"70034883","2026-08-11T19:12:49.000",,"Blocked Driveway","No Access","QUEENS","11435","In Progress","40.6877365318717","-73.79640256182282"
"70029746","2026-08-11T19:12:29.000","2026-08-11T19:45:31.000","Noise - Vehicle","Car/Truck Music","BROOKLYN","11201","Closed","40.703100547891474","-73.99418973558447"
"70030704","2026-08-11T19:12:16.000",,"Street Condition","Pothole","QUEENS","11375","Open",,
"70031684","2026-08-11T19:12:13.000","2026-08-11T19:12:13.000","Elevator","Elevator - Multiple Devices On Property","BRONX","10454","Open","40.812552043596185","-73.92329469559874"
"70027836","2026-08-11T19:12:08.000","2026-08-11T19:12:08.000","Building/Use","Illegal. Commercial Use In Resident Zone","BROOKLYN","11204","Open","40.614126449357904","-73.9774886709902"
"70026914","2026-08-11T19:12:04.000","2026-08-11T21:23:07.000","Illegal Parking","Blocked Sidewalk","BROOKLYN","11222","Closed","40.72699247279165","-73.95298167828521"
"70037669","2026-08-11T19:12:01.000","2026-08-11T19:12:01.000","Elevator","Elevator - Multiple Devices On Property","MANHATTAN","10037","Open","40.80920574885756","-73.9360068715282"
"70032091","2026-08-11T19:11:59.000",,"Litter Basket Request","New Basket","STATEN ISLAND","10304","In Progress","40.606031803571724","-74.08662390859064"
"70036889","2026-08-11T19:11:53.000",,"Water Maintenance","Fire Hydrant Running Full","BRONX","10455","In Progress","40.811855904739964","-73.90955710402947"
"70031662","2026-08-11T19:11:36.000","2026-08-11T21:43:26.000","Homeless Person Assistance","Non-Chronic","BROOKLYN","11212","Closed","40.66889978915303","-73.90468624692804"
"70032827","2026-08-11T19:11:24.000",,"Sidewalk Condition","Broken Sidewalk","QUEENS","11361","In Progress","40.76618985424633","-73.77841213245587"
"70032681","2026-08-11T19:11:11.000","2026-08-11T21:22:29.000","Illegal Parking","Blocked Hydrant","BROOKLYN","11220","Closed","40.64201362714555","-74.02191177651206"
"70031274","2026-08-11T19:11:04.000",,"Smoking or Vaping","Allowed in Smoke Free Area","BRONX","10461","In Progress","40.850984672254974","-73.85571803255091"
"70026275","2026-08-11T19:11:02.000",,"Street Condition","Pothole","BRONX","10473","Open",,
"70031416","2026-08-11T19:10:59.000",,"UNSANITARY CONDITION","PESTS","BROOKLYN","11204","Open","40.61412268982027","-73.98955834583036"
"70037401","2026-08-11T19:10:59.000",,"WATER LEAK","SLOW LEAK","BROOKLYN","11204","Open","40.61412268982027","-73.98955834583036"
"70037458","2026-08-11T19:10:59.000",,"UNSANITARY CONDITION","MOLD","BROOKLYN","11204","Open","40.61412268982027","-73.98955834583036"
"70034921","2026-08-11T19:10:57.000","2026-08-11T19:14:16.000","Noise - Vehicle","Car/Truck Horn","QUEENS","11372","Closed","40.75125641446481","-73.8864933909042"
"70030459","2026-08-11T19:10:56.000","2026-08-11T19:26:32.000","Illegal Parking","Blocked Hydrant","QUEENS","11368","Closed","40.75191371462212","-73.86481862753726"
"70028686","2026-08-11T19:10:49.000","2026-08-12T01:26:08.000","Homeless Person Assistance","Non-Chronic","MANHATTAN","10012","Closed","40.72724083468246","-73.99729766324982"
"70029077","2026-08-11T19:10:39.000",,"Obstruction","Weeds or Grass","STATEN ISLAND","10309","In Progress","40.532084789317544","-74.2225816368724"
"70032642","2026-08-11T19:10:36.000","2026-08-11T19:14:19.000","Noise - Residential","Loud Talking","BROOKLYN","11225","Closed","40.65645325891281","-73.95643726744065"
"70035859","2026-08-11T19:10:22.000",,"Food Poisoning","3 or More","MANHATTAN","10011","In Progress","40.735527266681885","-73.99816333716504"
"70035161","2026-08-11T19:10:18.000",,"Street Condition","Pothole","QUEENS","11417","Open","40.683753821295106","-73.83978625778587"
"70033882","2026-08-11T19:10:09.000",,"Water Maintenance","Fire Hydrant Running Full","MANHATTAN","10040","In Progress","40.85644610561728","-73.9285363398626"
"70034985","2026-08-11T19:09:57.000","2026-08-11T19:17:35.000","Blocked Driveway","No Access","MANHATTAN","10031","Closed","40.82501270441526","-73.94705537488909"
"70028143","2026-08-11T19:09:53.000",,"Illegal Parking","Posted Parking Sign Violation","BROOKLYN","11235","In Progress","40.58596516756306","-73.95888824397484"
"70027473","2026-08-11T19:09:37.000","2026-08-12T01:38:25.000","Illegal Parking","Parking Permit Improper Use","QUEENS","11385","Closed","40.70646521016115","-73.87131647955712"
"70033506","2026-08-11T19:09:36.000","2026-08-11T19:38:56.000","Illegal Parking","Double Parked Blocking Traffic","MANHATTAN","10027","Closed","40.80723355072292","-73.94960893815248"
"70029759","2026-08-11T19:09:25.000","2026-08-11T20:02:36.000","Illegal Parking","Blocked Sidewalk","BROOKLYN","11201","Closed","40.69544706314867","-73.98322753703334"
"70034004","2026-08-11T19:09:22.000","2026-08-11T19:29:33.000","Illegal Parking","Commercial Overnight Parking","BRONX","10466","Closed","40.89595276204925","-73.84849837532856"
"70036968","2026-08-11T19:09:18.000","2026-08-11T22:31:27.000","Noise - Street/Sidewalk","Loud Music/Party","BRONX","10457","Closed","40.83826484237323","-73.90522783028261"
"70029158","2026-08-11T19:09:08.000",,"Dirty Condition","Trash","BRONX","10462","In Progress","40.85446009092941","-73.86531148655979"
"70033680","2026-08-11T19:09:08.000",,"Street Condition","Pothole","QUEENS","11416","Open","40.683352294709984","-73.84119699551793"
"70032156","2026-08-11T19:09:02.000",,"Street Condition","Pothole","BROOKLYN","11220","Open",,
"70034959","2026-08-11T19:09:01.000","2026-08-11T20:14:34.000","Illegal Parking","Unauthorized Bus Layover","MANHATTAN","10021","Closed","40.771593423054334","-73.96500868937053"
"70035186","2026-08-11T19:09:00.000",,"Traffic Signal Condition","Veh Signal Lamp","MANHATTAN","10018","Open","40.75413060406024","-73.9883344752512"
"70031692","2026-08-11T19:08:54.000",,"Rodent","Signs of Rodents","BROOKLYN","11218","In Progress","40.63778009801647","-73.97305609764538"
"70032643","2026-08-11T19:08:48.000","2026-08-11T19:14:19.000","Noise - Residential","Loud Talking","BROOKLYN","11225","Closed","40.65645325891281","-73.95643726744065"
"70036526","2026-08-11T19:08:41.000","2026-08-11T19:42:19.000","Illegal Parking","Double Parked Blocking Traffic","MANHATTAN","10027","Closed","40.807129273329735","-73.94965958870036"
"70029745","2026-08-11T19:08:39.000","2026-08-11T19:53:13.000","Illegal Parking","License Plate Obscured","BROOKLYN","11201","Closed","40.68860700551082","-73.98260184213804"
"70037707","2026-08-11T19:08:38.000",,"Damaged Tree","Branch or Limb Has Fallen Down","BROOKLYN","11220","In Progress","40.63935636702358","-74.03438149130803"
"70033245","2026-08-11T19:08:37.000",,"Damaged Tree","Branch Cracked and Will Fall","BROOKLYN","11203","In Progress","40.640548948034876","-73.94170679792606"
"70031013","2026-08-11T19:08:14.000","2026-08-11T20:40:36.000","Noise - Street/Sidewalk","Loud Music/Party","BRONX","10452","Closed","40.84557361166592","-73.91530867195758"
"70031040","2026-08-11T19:08:14.000","2026-08-11T22:32:54.000","Noise - Residential","Loud Music/Party","BRONX","10460","Closed","40.839720738021455","-73.8723164061865"
"70036068","2026-08-11T19:08:03.000",,"HEAT/HOT WATER","APARTMENT ONLY","MANHATTAN","10030","Open","40.81565201182603","-73.94449779064814"
"70036587","2026-08-11T19:08:01.000",,"Dead Animal","Bird","QUEENS","11104","In Progress","40.74554519710836","-73.92391679142703"
"70027219","2026-08-11T19:08:00.000",,"HEAT/HOT WATER","APARTMENT ONLY","MANHATTAN","10037","Open","40.813585542955316","-73.93964416903606"
"70037757","2026-08-11T19:08:00.000","2026-08-11T20:18:59.000","Noise - Street/Sidewalk","Loud Music/Party","BROOKLYN","11201","Closed","40.695482340480766","-73.98064908964048"
"70033055","2026-08-11T19:07:59.000",,"PAINT/PLASTER","WALL","BRONX","10457","Open","40.84576469052994","-73.91028808758833"
"70035973","2026-08-11T19:07:59.000",,"UNSANITARY CONDITION","MOLD","BRONX","10457","Open","40.84576469052994","-73.91028808758833"
"70027795","2026-08-11T19:07:57.000",,"Street Condition","Pothole","QUEENS","11416","Open","40.68301904426333","-73.84236958946632"
"70030235","2026-08-11T19:07:54.000",,"Damaged Tree","Entire Tree Has Fallen Down","BROOKLYN","11230","In Progress","40.624170800489615","-73.97047149845827"
"70033269","2026-08-11T19:07:48.000",,"Damaged Tree","Branch or Limb Has Fallen Down","QUEENS","11433","In Progress","40.699029500360155","-73.78339581816797"
"70037029","2026-08-11T19:07:48.000","2026-08-11T19:32:35.000","Noise - Street/Sidewalk","Loud Music/Party","BRONX","10463","Closed","40.87676533307896","-73.89939813345883"
"70033291","2026-08-11T19:07:47.000","2026-08-11T19:10:41.000","Noise - Residential","Loud Music/Party","BRONX","10456","Closed","40.83694066292417","-73.90374441298103"
"70028948","2026-08-11T19:07:46.000","2026-08-11T19:29:33.000","Blocked Driveway","Partial Access","QUEENS","11370","Closed","40.75809789480861","-73.89692069685016"
"70037991","2026-08-11T19:07:46.000","2026-08-11T19:38:56.000","Noise - Street/Sidewalk","Loud Music/Party","MANHATTAN","10027","Closed","40.807129273329735","-73.94965958870036"
"70030510","2026-08-11T19:07:45.000","2026-08-11T19:39:54.000","Illegal Parking","Posted Parking Sign Violation","MANHATTAN","10024","Closed","40.785661653264306","-73.97019043540179"
"70035530","2026-08-11T19:07:39.000","2026-08-11T21:22:18.000","Noise - Residential","Loud Music/Party","BROOKLYN","11235","Closed","40.58419050491946","-73.93245307663842"
"70029133","2026-08-11T19:07:26.000",,"Illegal Dumping","Removal Request","QUEENS","11433","In Progress","40.700108979920365","-73.79276552244815"
"70032163","2026-08-11T19:07:19.000",,"Street Condition","Pothole","QUEENS","11375","Open",,
"70029549","2026-08-11T19:07:15.000","2026-08-11T20:25:20.000","Noise - Residential","Loud Music/Party","BRONX","10466","Closed","40.89064808807796","-73.86228685610604"
"70027615","2026-08-11T19:07:14.000","2026-08-11T20:11:32.000","Illegal Parking","Double Parked Blocking Traffic","MANHATTAN","10021","Closed","40.77149727243854","-73.96473074492879"
"70028300","2026-08-11T19:07:10.000","2026-08-11T19:56:02.000","Illegal Parking","Blocked Sidewalk","BROOKLYN","11205","Closed","40.690303228634036","-73.96029513058312"
"70035825","2026-08-11T19:07:00.000",,"Street Light Condition","Street Light Out","MANHATTAN","10040","Open","40.85994450239336","-73.92678647458922"
"70033349","2026-08-11T19:06:52.000","2026-08-11T21:47:37.000","Illegal Parking","Blocked Hydrant","QUEENS","11385","Closed","40.70001466277098","-73.88947661802442"
"70029198","2026-08-11T19:06:45.000",,"Illegal Posting","Flyer or Handbill","BROOKLYN","11231","In Progress","40.68401900177931","-73.99623216083918"
"70033638","2026-08-11T19:06:39.000",,"Dirty Condition","Trash","BRONX","10462","In Progress","40.854464088224994","-73.86638869828985"
"70031790","2026-08-11T19:06:07.000","2026-08-11T19:10:40.000","Noise - Residential","Loud Music/Party","BRONX","10456","Closed","40.83694066292417","-73.90374441298103"
"70033356","2026-08-11T19:06:01.000","2026-08-11T19:21:59.000","Blocked Driveway","No Access","QUEENS","11420","Closed","40.67025927043375","-73.80358270694559"
"70027590","2026-08-11T19:05:58.000","2026-08-11T22:00:26.000","Encampment","N/A","MANHATTAN","10016","Closed","40.74450987475287","-73.98498713637727"
"70027675","2026-08-11T19:05:58.000",,"Encampment","N/A","MANHATTAN","10016","In Progress","40.74450987475287","-73.98498713637727"
"70036681","2026-08-11T19:05:58.000",,"Street Condition","Pothole","QUEENS","11416","Open","40.68277593716588","-73.84323188491166"
"70026701","2026-08-11T19:05:41.000",,"Illegal Parking","Posted Parking Sign Violation","BROOKLYN","11235","In Progress","40.57644684745573","-73.94707602091962"
"70032323","2026-08-11T19:05:37.000","2026-08-11T19:05:37.000","General Construction/Plumbing","Building Permit - None","STATEN ISLAND","10309","Open","40.53628264821788","-74.20888865393012"
"70036821","2026-08-11T19:05:37.000","2026-08-11T19:05:37.000","Building/Use","Illegal Conversion Of Residential Building/Space","BROOKLYN","11204","Open","40.61409626297423","-73.97752109746969"
"70026988","2026-08-11T19:05:32.000",,"Sidewalk Condition","Broken Sidewalk","MANHATTAN","10012","In Progress","40.723255463578695","-74.00188322486977"
"70033372","2026-08-11T19:05:32.000","2026-08-11T23:31:56.000","Illegal Parking","Blocked Crosswalk","QUEENS","11109","Closed","40.74597119705107","-73.95681180621494"
"70028101","2026-08-11T19:05:29.000","2026-08-11T20:25:20.000","Blocked Driveway","No Access","BRONX","10466","Closed","40.8986912254595","-73.85651878410991"
"70026723","2026-08-11T19:05:11.000","2026-08-11T21:44:16.000","Illegal Parking","Blocked Sidewalk","BROOKLYN","11214","Closed","40.59524376110185","-73.98735761204313"
"70029903","2026-08-11T19:05:00.000",,"APPLIANCE","REFRIGERATOR","BRONX","10473","Open","40.82483117267298","-73.85423189520691"
"70031650","2026-08-11T19:04:38.000",,"APPLIANCE","ELECTRIC/GAS RANGE","MANHATTAN","10016","Open","40.7474600921966","-73.9822580514322"
"70033100","2026-08-11T19:04:38.000",,"GENERAL","CABINET","MANHATTAN","10016","Open","40.7474600921966","-73.9822580514322"
"70035933","2026-08-11T19:04:38.000",,"UNSANITARY CONDITION","PESTS","MANHATTAN","10016","Open","40.7474600921966","-73.9822580514322"
"70027782","2026-08-11T19:04:33.000",,"Street Condition","Pothole","BRONX","10467","Open",,
"70033162","2026-08-11T19:04:33.000",,"APPLIANCE","ELECTRIC/GAS RANGE","BROOKLYN","11234","Open","40.63638019490737","-73.92390794339161"
"70031497","2026-08-11T19:04:33.000",,"PLUMBING","WATER SUPPLY","BROOKLYN","11234","Open","40.63638019490737","-73.92390794339161"
"70037926","2026-08-11T19:04:21.000","2026-08-11T19:29:35.000","Illegal Parking","Blocked Crosswalk","QUEENS","11370","Closed","40.75809789480861","-73.89692069685016"
"70035439","2026-08-11T19:04:13.000","2026-08-12T01:02:26.000","Blocked Driveway","No Access","BRONX","10460","Closed","40.83287798915176","-73.88520138802993"
"70028844","2026-08-11T19:04:12.000","2026-08-11T20:50:21.000","Illegal Parking","Posted Parking Sign Violation","QUEENS","11423","Closed","40.7075369577672","-73.77273511738939"
"70028166","2026-08-11T19:04:00.000","2026-08-11T19:05:29.000","Noise - Residential","Banging/Pounding","BROOKLYN","11214","Closed","40.60810108364675","-73.99938414563323"
"70037701","2026-08-11T19:03:57.000",,"Damaged Tree","Entire Tree Has Fallen Down","BROOKLYN","11215","In Progress","40.66417372968163","-73.98815916818432"
"70027696","2026-08-11T19:03:55.000",,"Dead Animal","Cat","QUEENS","11412","In Progress","40.7061823135234","-73.7572268912007"
"70028192","2026-08-11T19:03:46.000","2026-08-11T20:11:31.000","Illegal Parking","Commercial Overnight Parking","BROOKLYN","11209","Closed","40.63397450953318","-74.03206206409237"
"70036564","2026-08-11T19:03:29.000",,"Residential Disposal Complaint","Waste Set Out Too Early or Too Late","QUEENS","11385","In Progress","40.69687392389231","-73.89160232058353"
"70031660","2026-08-11T19:03:26.000",,"Homeless Person Assistance","Non-Chronic","MANHATTAN","10065","In Progress","40.76461681260692","-73.95832311500644"
"70036297","2026-08-11T19:03:14.000","2026-08-11T19:32:03.000","Noise - Residential","Loud Music/Party","BRONX","10473","Closed","40.81869187096104","-73.85044458325993"
"70029563","2026-08-11T19:03:12.000","2026-08-11T21:21:30.000","Noise - Street/Sidewalk","Loud Music/Party","BRONX","10462","Closed","40.854464088224994","-73.86638869828985"
"70028884","2026-08-11T19:02:56.000",,"Illegal Parking","Blocked Hydrant","QUEENS","11104","In Progress","40.74730726122756","-73.91977523954426"
"70030596","2026-08-11T19:02:54.000",,"Recycling Basket Complaint","Overflowing","STATEN ISLAND","10306","In Progress","40.57169278171409","-74.12918698104077"
"70032411","2026-08-11T19:02:54.000","2026-08-11T19:03:00.000","Sewer Maintenance","Manhole Overflow","BROOKLYN","11229","Closed","40.608746774836625","-73.95827996342706"
"70034690","2026-08-11T19:02:53.000",,"Damaged Tree","Tree Alive - in Poor Condition","BROOKLYN","11230","In Progress","40.61792920112756","-73.97069398266443"
"70029083","2026-08-11T19:02:53.000",,"Dead Animal","Cat","BROOKLYN","11206","In Progress","40.70662998962253","-73.94283204630402"
"70033197","2026-08-11T19:02:37.000","2026-08-11T19:02:37.000","Elevator","Elevator - Multiple Devices On Property","QUEENS","11374","Open","40.733468453882224","-73.85756012999359"
"70027376","2026-08-11T19:02:35.000",,"Damaged Tree","Branch or Limb Has Fallen Down","BROOKLYN","11219","In Progress","40.64291305352625","-73.99311756999116"
"70038109","2026-08-11T19:02:21.000",,"Dirty Condition","Trash","BROOKLYN","11239","In Progress","40.65931036078398","-73.86683364208764"
"70029215","2026-08-11T19:02:05.000",,"Street Condition","Pothole","QUEENS","11365","Open",,
"70027704","2026-08-11T19:02:02.000",,"Litter Basket Request","Replacement Basket","STATEN ISLAND","10304","In Progress","40.606031803571724","-74.08662390859064"
"70033703","2026-08-11T19:02:00.000","2026-08-11T19:03:00.000","Traffic Signal Condition","Controller","BROOKLYN","11212","Closed","40.65570251823354","-73.91108428718496"
"70028171","2026-08-11T19:01:54.000","2026-08-11T20:14:35.000","Illegal Parking","Blocked Hydrant","BROOKLYN","11204","Closed","40.61883028748746","-73.99328214611717"
"70034797","2026-08-11T19:01:40.000","2026-08-11T21:49:17.000","Non-Emergency Police Matter","Other (complaint details)","QUEENS","11385","Closed","40.700408324698294","-73.89069134812627"
"70026680","2026-08-11T19:01:36.000","2026-08-11T19:46:05.000","Illegal Parking","Blocked Hydrant","BRONX","10468","Closed","40.87061601666171","-73.89802985217285"
"70037018","2026-08-11T19:01:36.000","2026-08-11T21:11:49.000","Encampment","N/A","BRONX","10462","Closed","40.85446009092941","-73.86531148655979"
"70028471","2026-08-11T19:01:35.000",,"UNSANITARY CONDITION","PESTS","BROOKLYN","11203","Open","40.641580190176505","-73.94568393498747"
"70026638","2026-08-11T19:01:34.000","2026-08-11T20:01:35.000","Illegal Parking","Posted Parking Sign Violation","BRONX","10461","Closed","40.83856311820466","-73.83401778975367"
"70027068","2026-08-11T19:01:33.000",,"WATER LEAK","HEAVY FLOW","BRONX","10474","Open","40.81571046698761","-73.88870644348789"
"70036098","2026-08-11T19:01:33.000",,"ELECTRIC","POWER OUTAGE","BRONX","10474","Open","40.81571046698761","-73.88870644348789"
"70026533","2026-08-11T19:01:31.000",,"Water Maintenance","Fire Hydrant Running","BRONX","10460","In Progress","40.841328346091636","-73.86676203597409"
"70028528","2026-08-11T19:01:20.000",,"SAFETY","SMOKE DETECTOR","BROOKLYN","11207","Open","40.679752388235904","-73.89197987058503"
"70033260","2026-08-11T19:01:17.000",,"Overgrown Tree/Branches","Hitting Building","QUEENS","11374","In Progress","40.733534341281704","-73.85757081396464"
"70028908","2026-08-11T19:01:08.000","2026-08-11T20:53:39.000","Blocked Driveway","No Access","QUEENS","11355","Closed","40.757082728731","-73.83194681195306"
"70037436","2026-08-11T19:01:03.000",,"UNSANITARY CONDITION","PESTS","BRONX","10462","Open","40.83313354399797","-73.8475537048445"
"70029892","2026-08-11T19:00:41.000",,"Indoor Air Quality","Other (Explain Below)","QUEENS","11385","In Progress","40.70639281723073","-73.9040122690729"
"70032747","2026-08-11T19:00:36.000","2026-08-11T23:18:14.000","Non-Emergency Police Matter","Trespassing","BROOKLYN","11211","Closed","40.714625069787594","-73.94200273730205"
"70032115","2026-08-11T19:00:04.000",,"Dirty Condition","Trash","BRONX","10468","In Progress","40.873420614784315","-73.90062535473784"
"70036680","2026-08-11T18:59:57.000",,"Street Condition","Pothole","QUEENS","11105","Open",,
"70027298","2026-08-11T18:59:36.000","2026-08-11T19:49:04.000","Homeless Person Assistance","Chronic","BRONX","10462","Closed","40.85446009092941","-73.86531148655979"
"70031167","2026-08-11T18:59:36.000",,"Street Condition","Line/Marking - After Repaving","QUEENS","11373","In Progress","40.733497309506575","-73.87036942449794"
"70032458","2026-08-11T18:59:20.000","2026-08-11T22:31:26.000","Noise - Street/Sidewalk","Loud Music/Party","BRONX","10457","Closed","40.83826484237323","-73.90522783028261"
"70034816","2026-08-11T18:59:11.000","2026-08-11T19:53:12.000","Abandoned Vehicle","With License Plate","QUEENS","11420","Closed","40.68057448770651","-73.80702072980445"
"70031099","2026-08-11T18:58:40.000","2026-08-11T19:05:13.000","Noise - Residential","Banging/Pounding","BROOKLYN","11214","Closed","40.60810108364675","-73.99938414563323"
"70030239","2026-08-11T18:58:39.000",,"Damaged Tree","Branch or Limb Has Fallen Down","BROOKLYN","11230","In Progress","40.624170800489615","-73.97047149845827"
"70034826","2026-08-11T18:58:27.000","2026-08-11T20:22:18.000","Illegal Parking","Detached Trailer","QUEENS","11414","Closed","40.65052255792493","-73.83576134906255"
"70036900","2026-08-11T18:58:24.000",,"Water Maintenance","Water Main Break","STATEN ISLAND","10314","In Progress","40.58049399618607","-74.16073643822774"
"70036538","2026-08-11T18:58:23.000","2026-08-11T21:30:43.000","Noise - Street/Sidewalk","Loud Music/Party","MANHATTAN","10034","Closed","40.86833893783111","-73.91636073752241"
"70031761","2026-08-11T18:58:19.000",,"Damaged Tree","Branch or Limb Has Fallen Down","QUEENS","11426","In Progress","40.72833011738605","-73.72099403198244"
"70036967","2026-08-11T18:58:11.000",,"Noise - Street/Sidewalk","Loud Music/Party","BRONX","10457","In Progress","40.83826484237323","-73.90522783028261"
"70035461","2026-08-11T18:57:35.000","2026-08-11T20:43:43.000","Noise - Street/Sidewalk","Loud Music/Party","BRONX","10453","Closed","40.8464183084026","-73.91439676975999"
"70026560","2026-08-11T18:57:27.000","2026-08-11T19:45:00.000","Water Maintenance","Dirty Water","QUEENS","11106","Closed","40.75900175700807","-73.92670250746377"
"70031041","2026-08-11T18:57:24.000","2026-08-11T20:04:29.000","Noise - Residential","Banging/Pounding","BRONX","10469","Closed","40.86399357289883","-73.8616262134595"
"70036223","2026-08-11T18:57:24.000",,"Damaged Tree","Branch Cracked and Will Fall","BRONX","10471","In Progress","40.90959677590691","-73.89885640818599"
"70028736","2026-08-11T18:57:20.000",,"Illegal Tree Damage","Branches Damaged","BROOKLYN","11221","In Progress","40.6898763151046","-73.93826691079441"
"70030673","2026-08-11T18:57:16.000","2026-08-11T19:05:11.000","Vendor Enforcement","Food Vendor","BRONX","10462","Closed","40.83402702113464","-73.86176803987782"
"70036600","2026-08-11T18:57:14.000",,"Missed Collection","Bulky Trash","QUEENS","11105","In Progress","40.77414130671312","-73.90048467006638"
"70035568","2026-08-11T18:57:13.000","2026-08-11T19:41:40.000","Illegal Parking","Blocked Bike Lane","BROOKLYN","11204","Closed","40.628838788744346","-73.97884189122688"
"70027535","2026-08-11T18:57:08.000","2026-08-11T19:00:25.000","Illegal Parking","Posted Parking Sign Violation","QUEENS","11358","Closed","40.753001549179686","-73.80592301641713"
"70028937","2026-08-11T18:56:57.000","2026-08-11T21:49:27.000","Blocked Driveway","Partial Access","QUEENS","11103","Closed","40.757791094426075","-73.91442764965238"
"70028287","2026-08-11T18:56:43.000","2026-08-11T19:29:33.000","Illegal Parking","Posted Parking Sign Violation","BROOKLYN","11217","Closed","40.68778939536084","-73.98495303162534"
"70031108","2026-08-11T18:56:38.000","2026-08-11T20:25:20.000","Illegal Parking","Commercial Overnight Parking","BROOKLYN","11214","Closed","40.594500138679514","-73.98952540673135"
"70035159","2026-08-11T18:56:31.000",,"Street Condition","Pothole","MANHATTAN","10001","Open","40.75099082290243","-73.99062326583427"
"70034892","2026-08-11T18:56:10.000","2026-08-11T20:28:43.000","Drug Activity","Use Outside","QUEENS","11105","Closed","40.78514831211972","-73.91495581588542"
"70034754","2026-08-11T18:56:01.000","2026-08-11T19:57:18.000","Noise - Residential","Loud Music/Party","BRONX","10473","Closed","40.81808863502929","-73.84467259346006"
"70034122","2026-08-11T18:55:57.000",,"Street Condition","Blocked - Construction","BROOKLYN","11205","In Progress","40.69490865944281","-73.96818991540833"
"70028219","2026-08-11T18:55:54.000",,"Street Condition","Cave-in","BROOKLYN","11226","In Progress","40.64915609734883","-73.95977185453964"
"70028733","2026-08-11T18:55:52.000",,"Overgrown Tree/Branches","Hitting Building","BROOKLYN","11221","In Progress","40.69127464861358","-73.91447335117033"
"70036679","2026-08-11T18:55:40.000",,"Street Condition","Pothole","QUEENS","11362","Open",,
"70027650","2026-08-11T18:55:32.000","2026-08-11T21:22:01.000","Noise - Residential","Loud Music/Party","MANHATTAN","10033","Closed","40.85015737013329","-73.93205286761592"
"70034205","2026-08-11T18:55:26.000","2026-08-11T19:32:36.000","Illegal Parking","Blocked Hydrant","BROOKLYN","11217","Closed","40.68737205127016","-73.98392548161516"
"70033836","2026-08-11T18:55:10.000","2026-08-11T19:13:26.000","Violation of Park Rules","Unsafe Use of Playground","MANHATTAN","10024","Closed","40.78928710671135","-73.96891041589816"
"70027638","2026-08-11T18:54:59.000","2026-08-11T19:56:14.000","Noise - Commercial","Loud Music/Party","MANHATTAN","10027","Closed","40.80669795254655","-73.94291226196873"
"70027419","2026-08-11T18:54:38.000","2026-08-11T18:56:14.000","Noise - Street/Sidewalk","Loud Music/Party","BROOKLYN","11201","Closed","40.695482340480766","-73.98064908964048"
"70037938","2026-08-11T18:54:33.000","2026-08-11T19:21:49.000","Illegal Parking","Blocked Sidewalk","QUEENS","11370","Closed","40.75648422288083","-73.88554600912308"
"70034996","2026-08-11T18:54:28.000","2026-08-11T20:10:34.000","Illegal Parking","License Plate Obscured","MANHATTAN","10034","Closed","40.86855270713376","-73.92383028741098"
"70032086","2026-08-11T18:54:10.000",,"Missed Collection","Bulky Trash","MANHATTAN","10033","In Progress","40.8527033010813","-73.93011999948725"
"70033574","2026-08-11T18:54:08.000",,"Dead Animal","Rat or Mouse","MANHATTAN","10003","In Progress","40.731315799800825","-73.98460764538076"
"70036150","2026-08-11T18:54:03.000","2026-08-11T21:13:21.000","Homeless Person Assistance","Non-Chronic","BROOKLYN","11222","Closed","40.72504855611323","-73.94534171210366"
"70031027","2026-08-11T18:53:53.000","2026-08-11T21:09:39.000","Illegal Parking","Blocked Sidewalk","BRONX","10466","Closed","40.89038067417877","-73.85031585061895"
"70029797","2026-08-11T18:53:51.000",,"Food Establishment","Rodents/Insects/Garbage","STATEN ISLAND","10310","In Progress","40.629483031551864","-74.1123375942296"
"70033995","2026-08-11T18:53:27.000","2026-08-11T19:22:17.000","Noise - Street/Sidewalk","Loud Music/Party","BRONX","10468","Closed","40.8611823816291","-73.9010593891012"
"70032332","2026-08-11T18:53:27.000","2026-08-11T19:12:51.000","Violation of Park Rules","Smoking","MANHATTAN","10024","Closed","40.78928710671135","-73.96891041589816"
"70037304","2026-08-11T18:53:15.000",,"Consumer Complaint","Electronics Store","BRONX","10452","In Progress","40.84011866596884","-73.91742622132946"
"70031105","2026-08-11T18:53:11.000","2026-08-11T21:10:35.000","Blocked Driveway","Partial Access","BROOKLYN","11214","Closed","40.606767080864884","-73.99720890293935"
"70030527","2026-08-11T18:52:41.000","2026-08-11T20:10:34.000","Illegal Parking","Blocked Crosswalk","MANHATTAN","10034","Closed","40.86855270713376","-73.92383028741098"
"70037176","2026-08-11T18:52:36.000","2026-08-11T18:56:30.000","Drinking","In Public","BROOKLYN","11232","Closed","40.645463163916645","-74.00034953990858"
"70027268","2026-08-11T18:52:26.000",,"DOOR/WINDOW","DOOR","BRONX","10462","Open","40.833200131651935","-73.85448097169017"
"70026665","2026-08-11T18:52:13.000","2026-08-11T21:21:05.000","Noise - Residential","Loud Talking","BRONX","10469","Closed","40.86594757255064","-73.85474193413107"
"70028295","2026-08-11T18:52:13.000","2026-08-11T19:04:16.000","Illegal Parking","Blocked Sidewalk","BROOKLYN","11201","Closed","40.69544706314867","-73.98322753703334"
"70032151","2026-08-11T18:52:12.000","2026-08-11T19:18:23.000","Illegal Parking","Blocked Hydrant","QUEENS","11422","Closed","40.66406148842216","-73.73510783907477"
"70033015","2026-08-11T18:52:09.000",,"PLUMBING","WATER SUPPLY","BRONX","10466","Open","40.888577948962705","-73.85503607025976"
"70028889","2026-08-11T18:52:01.000","2026-08-11T23:28:56.000","Illegal Parking","Double Parked Blocking Vehicle","QUEENS","11109","Closed","40.74806813205304","-73.95666969367451"
"70028480","2026-08-11T18:52:00.000",,"UNSANITARY CONDITION","PESTS","MANHATTAN","10025","Open","40.79271590890203","-73.97135378310915"
"70036678","2026-08-11T18:51:59.000",,"Street Condition","Pothole","QUEENS","11433","Open","40.70196954335706","-73.80189517604904"
"70028608","2026-08-11T18:51:53.000",,"HEAT/HOT WATER","APARTMENT ONLY","BRONX","10467","Open","40.88165843790518","-73.85935456760426"
"70034928","2026-08-11T18:51:32.000","2026-08-11T19:11:37.000","Illegal Parking","Blocked Hydrant","STATEN ISLAND","10306","Closed","40.56950615404855","-74.15089440101303"
"70032826","2026-08-11T18:51:15.000",,"Sidewalk Condition","Broken Sidewalk","MANHATTAN","10018","In Progress","40.752653634478534","-73.98570716156135"
"70028861","2026-08-11T18:51:01.000","2026-08-11T19:49:41.000","Noise - Residential","Loud Talking","QUEENS","11428","Closed","40.71801192851802","-73.75063990361053"
"70028334","2026-08-11T18:50:52.000",,"Food Establishment","Letter Grading","QUEENS","11435","In Progress","40.707369427962554","-73.81738862304823"
"70032801","2026-08-11T18:50:34.000","2026-08-11T18:50:34.000","Plumbing","Failure To Retain Water/Improper Drainage- (LL103/89)","BROOKLYN","11228","Open","40.618707314629944","-74.02348182802288"
"70028927","2026-08-11T18:50:33.000","2026-08-11T19:14:14.000","Blocked Driveway","Partial Access","QUEENS","11436","Closed","40.678225630506326","-73.79472269303548"
"70037776","2026-08-11T18:50:33.000","2026-08-11T18:59:04.000","Illegal Parking","Posted Parking Sign Violation","MANHATTAN","10012","Closed","40.72383460782773","-73.9981384052157"
"70030197","2026-08-11T18:50:30.000",,"Rodent","Condition Attracting Rodents","QUEENS","11411","In Progress","40.69700171824245","-73.74116538381888"
"70027825","2026-08-11T18:50:29.000",,"Graffiti","Graffiti","BRONX","10453","Open","40.85210803270259","-73.90387789576651"
"70034632","2026-08-11T18:50:04.000",,"Homeless Person Assistance","Non-Chronic","BROOKLYN","11237","In Progress","40.703013249185474","-73.91716686041397"
"70036578","2026-08-11T18:50:03.000",,"Dead Animal","Raccoon","BRONX","10469","In Progress","40.87046378541421","-73.83519281044619"
"70037729","2026-08-11T18:49:58.000",,"Dead/Dying Tree","Planted More Than 2 Years Ago","QUEENS","11358","In Progress","40.753001549179686","-73.80592301641713"
"70033438","2026-08-11T18:49:51.000","2026-08-11T19:14:15.000","Illegal Parking","Blocked Hydrant","QUEENS","11372","Closed","40.750916756675466","-73.87147603866134"
"70033881","2026-08-11T18:49:48.000",,"Water Maintenance","Fire Hydrant Running Full","BRONX","10458","In Progress","40.86089244612109","-73.89595880256017"
"70035714","2026-08-11T18:49:45.000","2026-08-11T18:55:34.000","Illegal Parking","Posted Parking Sign Violation","BROOKLYN","11201","Closed","40.70380846430779","-73.99065154232788"
"70037256","2026-08-11T18:49:45.000",,"Food Establishment","Rodents/Insects/Garbage","BRONX","10471","In Progress","40.905421186285295","-73.90094288366248"
"70033375","2026-08-11T18:49:15.000","2026-08-11T20:57:51.000","Drinking","In Public","QUEENS","11377","Closed","40.7482762955458","-73.89901471690335"
"70033947","2026-08-11T18:48:50.000",,"Noise","Construction","BROOKLYN","11225","In Progress","40.660905197937424","-73.9494924033914"
"70032530","2026-08-11T18:48:49.000","2026-08-11T20:21:00.000","Illegal Parking","Posted Parking Sign Violation","MANHATTAN","10013","Closed","40.72133963162721","-73.99881670497948"
"70031736","2026-08-11T18:48:49.000",,"Damaged Tree","Tree Trunk Split","BROOKLYN","11203","In Progress","40.64994030807096","-73.94464285360614"
"70037386","2026-08-11T18:48:49.000",,"SAFETY","WINDOW GUARD BROKEN/MISSING","BROOKLYN","11239","Open","40.656389735405355","-73.87398639915406"
"70026740","2026-08-11T18:48:39.000","2026-08-11T19:41:27.000","Illegal Parking","License Plate Obscured","BROOKLYN","11204","Closed","40.628838788744346","-73.97884189122688"
"70031322","2026-08-11T18:48:31.000",,"Sidewalk Condition","Sidewalk Violation","QUEENS","11102","In Progress","40.77225093968329","-73.92719337601716"
"70034091","2026-08-11T18:48:22.000","2026-08-11T20:18:11.000","Illegal Parking","Blocked Hydrant","BROOKLYN","11236","Closed","40.63559729565515","-73.91896195428521"
"70027634","2026-08-11T18:48:03.000","2026-08-11T21:00:53.000","Drug Activity","Use Outside","MANHATTAN","10027","Closed","40.80516753887146","-73.9452686969521"
"70030241","2026-08-11T18:48:01.000",,"Damaged Tree","Branch or Limb Has Fallen Down","BROOKLYN","11237","In Progress","40.70492545679931","-73.91977935639102"
"70037306","2026-08-11T18:47:44.000",,"Consumer Complaint","Restaurant","MANHATTAN","10032","In Progress","40.83550422374625","-73.94383797327562"
"70036622","2026-08-11T18:47:38.000",,"Dirty Condition","Trash","MANHATTAN","10024","In Progress","40.78793033015349","-73.97683766675267"
"70026741","2026-08-11T18:47:08.000","2026-08-11T19:41:03.000","Illegal Parking","Blocked Crosswalk","BROOKLYN","11204","Closed","40.628838788744346","-73.97884189122688"
"70034092","2026-08-11T18:46:54.000","2026-08-11T19:35:38.000","Illegal Parking","Double Parked Blocking Traffic","MANHATTAN","10002","Closed","40.71335027331086","-73.97794573577812"
"70028259","2026-08-11T18:46:47.000","2026-08-11T19:29:34.000","Abandoned Vehicle","With License Plate","BROOKLYN","11231","Closed","40.676093878753555","-74.01535437333791"
"70034841","2026-08-11T18:46:44.000","2026-08-12T01:14:57.000","Abandoned Vehicle","With License Plate","QUEENS","11101","Closed","40.74489253965645","-73.95009276592836"
"70030848","2026-08-11T18:46:31.000","2026-08-11T19:11:32.000","Violation of Park Rules","Smoking","BRONX","10468","Closed","40.85975161889327","-73.90016135346927"
"70030893","2026-08-11T18:46:31.000","2026-08-11T18:50:00.000","Water Maintenance","Leak","BRONX","10475","In Progress",,
"70033951","2026-08-11T18:46:25.000",,"Noise","Boat","BROOKLYN","11249","In Progress","40.71962663674359","-73.9635785371365"
"70033304","2026-08-11T18:46:15.000","2026-08-11T20:32:40.000","Noise - Residential","Banging/Pounding","QUEENS","11691","Closed","40.60108225787543","-73.75629463921236"
"70026750","2026-08-11T18:46:05.000","2026-08-11T19:40:40.000","Illegal Parking","Blocked Sidewalk","BROOKLYN","11204","Closed","40.628838788744346","-73.97884189122688"
"70034628","2026-08-11T18:46:05.000","2026-08-12T01:44:12.000","Homeless Person Assistance","Non-Chronic","MANHATTAN","10001","Closed","40.75229477044536","-73.99340223034768"
"70033086","2026-08-11T18:45:52.000",,"HEAT/HOT WATER","ENTIRE BUILDING","BROOKLYN","11218","Open","40.64613939776511","-73.98006160894715"
"70028427","2026-08-11T18:45:49.000",,"UNSANITARY CONDITION","SEWAGE","STATEN ISLAND","10301","Open","40.639085745988226","-74.07730580394608"
"70028558","2026-08-11T18:45:49.000",,"PLUMBING","BASIN/SINK","STATEN ISLAND","10301","Open","40.639085745988226","-74.07730580394608"
"70032653","2026-08-11T18:45:47.000",,"Street Condition","Cave-in","BROOKLYN","11218","In Progress",,
"70030913","2026-08-11T18:45:41.000","2026-08-11T18:46:00.000","Water Maintenance","Fire Hydrant Running Full","MANHATTAN","10033","Closed","40.85283523683768","-73.93043434325413"
"70032592","2026-08-11T18:45:37.000",,"Illegal Parking","License Plate Obscured","BROOKLYN","11218","In Progress","40.6354445049838","-73.97401542891882"
"70036619","2026-08-11T18:45:34.000",,"Dirty Condition","Trash","MANHATTAN","10025","In Progress","40.7979551751229","-73.96970456640845"
"70034340","2026-08-11T18:45:33.000",,"Indoor Air Quality","Dust from Construction","BROOKLYN","11201","In Progress","40.6990735572693","-73.9885893443708"
"70034094","2026-08-11T18:45:30.000","2026-08-11T19:35:38.000","Noise - Residential","Banging/Pounding","BROOKLYN","11230","Closed","40.634176758758535","-73.9649726561258"
"70037302","2026-08-11T18:45:27.000",,"Consumer Complaint","Supermarket or Grocery Store","QUEENS","11370","In Progress","40.758563039120745","-73.89232131420684"
"70029081","2026-08-11T18:45:24.000",,"Dirty Condition","Dirt or Gravel","BROOKLYN","11218","In Progress","40.650631212092456","-73.97319145527476"
"70037730","2026-08-11T18:45:11.000",,"Dead/Dying Tree","Planted More Than 2 Years Ago","QUEENS","11427","In Progress","40.731401561671426","-73.7586756971607"
"70031817","2026-08-11T18:45:09.000","2026-08-11T21:48:19.000","Illegal Parking","Posted Parking Sign Violation","QUEENS","11418","Closed","40.70713534103214","-73.83505198500973"
"70030570","2026-08-11T18:45:01.000",,"Residential Disposal Complaint","Waste Set Out Too Early or Too Late","MANHATTAN","10021","In Progress","40.77067227840185","-73.95992228954458"
"70035571","2026-08-11T18:45:01.000","2026-08-11T19:40:28.000","Illegal Parking","Posted Parking Sign Violation","BROOKLYN","11204","Closed","40.628838788744346","-73.97884189122688"
"70036665","2026-08-11T18:44:56.000","2026-08-11T18:44:56.000","Street Condition","Pothole","BRONX","10468","Closed",,
"70031205","2026-08-11T18:44:55.000","2026-08-11T18:55:24.000","Urinating in Public","N/A","BROOKLYN","11232","Closed","40.64495537904649","-73.99974054967126"
"70032100","2026-08-11T18:44:46.000",,"Illegal Dumping","Removal Request","BROOKLYN","11222","In Progress","40.72058724517249","-73.94311589463501"
"70035510","2026-08-11T18:44:43.000","2026-08-11T18:52:22.000","Encampment","N/A","BRONX","10468","Closed","40.87824623735952","-73.89196476005603"
"70034724","2026-08-11T18:44:39.000",,"Damaged Tree","Branch or Limb Has Fallen Down","QUEENS","11369","In Progress","40.76692245956971","-73.8749541485751"
"70032226","2026-08-11T18:44:32.000","2026-08-11T18:44:32.000","Building/Use","Illegal. Commercial Use In Resident Zone","BROOKLYN","11229","Open","40.602319965379145","-73.93740075781356"
"70030185","2026-08-11T18:44:32.000","2026-08-11T18:44:32.000","Elevator","Elevator - Single Device On Property/No Alternate Service","BRONX","10453","Open","40.853926287088356","-73.91604268510348"
"70026583","2026-08-11T18:44:16.000",,"Noise","Construction","BROOKLYN","11215","In Progress","40.67763956169436","-73.9877746215913"
"70027531","2026-08-11T18:44:06.000","2026-08-11T19:21:49.000","Noise - Commercial","Loud Music/Party","QUEENS","11354","Closed","40.76525239966651","-73.81488703219549"
"70026584","2026-08-11T18:43:41.000",,"Noise","Construction","BROOKLYN","11215","In Progress","40.67756268717243","-73.98757995279432"
"70035525","2026-08-11T18:43:34.000",,"Illegal Parking","Double Parked Blocking Traffic","BROOKLYN","11229","In Progress","40.59813813736832","-73.9347039650827"
"70036918","2026-08-11T18:43:19.000","2026-08-11T18:43:00.000","Water Maintenance","Fire Hydrant Running","MANHATTAN","10009","Closed","40.724491899722686","-73.98163280505841"
"70030303","2026-08-11T18:43:10.000","2026-08-11T18:57:39.000","Illegal Parking","Blocked Sidewalk","MANHATTAN","10006","Closed","40.70625628509743","-74.0143045311187"
"70032200","2026-08-11T18:43:00.000","2026-08-11T19:15:00.000","Traffic Signal Condition","Veh Sgnl Mult Lamps","QUEENS","11375","Closed","40.7093075158316","-73.8436816760761"
"70034111","2026-08-11T18:42:26.000",,"Street Condition","Failed Street Repair","BRONX","10462","In Progress","40.83388939150793","-73.8483506039737"
"70031668","2026-08-11T18:42:12.000","2026-08-12T01:26:08.000","Homeless Person Assistance","Non-Chronic","MANHATTAN","10010","Closed","40.74087343181759","-73.98798314731042"
"70034029","2026-08-11T18:41:54.000","2026-08-11T18:52:22.000","Encampment","N/A","BRONX","10468","Closed","40.87824623735952","-73.89196476005603"
"70032208","2026-08-11T18:41:31.000","2026-08-11T18:41:31.000","General Construction/Plumbing","Debris - Falling Or In Danger Of Falling","MANHATTAN","10003","Open","40.728818422499614","-73.98749823959777"
"70034652","2026-08-11T18:41:31.000","2026-08-11T18:41:31.000","Elevator","Elevator - Multiple Devices On Property","BRONX","10451","Open","40.82495157742136","-73.91394382693302"
"70031876","2026-08-11T18:41:24.000","2026-08-11T21:18:03.000","Illegal Parking","Posted Parking Sign Violation","QUEENS","11101","Closed","40.74851285032776","-73.95685346743461"
"70037692","2026-08-11T18:41:16.000",,"Damaged Tree","Entire Tree Has Fallen Down","BRONX","10471","In Progress","40.894221123077436","-73.91602796046637"
"70034964","2026-08-11T18:41:13.000","2026-08-11T19:04:28.000","Noise - Park","Loud Music/Party","MANHATTAN","10028","Closed","40.77863290127972","-73.96254609596876"
"70032442","2026-08-11T18:41:00.000","2026-08-11T23:09:00.000","Derelict Vehicles","Derelict Vehicles","QUEENS","11106","Closed","40.76651559894521","-73.93862546957341"
"70035763","2026-08-11T18:40:49.000",,"Taxi Complaint","Driver Complaint - Non Passenger","MANHATTAN","10001","In Progress","40.75487224600525","-74.00263487866815"
"70035077","2026-08-11T18:40:40.000",,"Illegal Dumping","Removal Request","STATEN ISLAND","10306","In Progress","40.58033987949234","-74.09434497002859"
"70029753","2026-08-11T18:40:36.000","2026-08-11T18:46:05.000","Illegal Parking","Posted Parking Sign Violation","BROOKLYN","11201","Closed","40.70073424824792","-73.98972871152452"
"70029447","2026-08-11T18:40:31.000","2026-08-11T18:41:00.000","Water Maintenance","Fire Hydrant Running Full","MANHATTAN","10033","Closed","40.84731011174515","-73.93508467644267"
"70026772","2026-08-11T18:40:10.000","2026-08-11T20:00:40.000","Noise - Street/Sidewalk","Loud Music/Party","BROOKLYN","11226","Closed","40.646232587049774","-73.95887993774369"
"70036997","2026-08-11T18:39:59.000","2026-08-11T20:43:41.000","Noise - Street/Sidewalk","Loud Music/Party","BRONX","10453","Closed","40.8464183084026","-73.91439676975999"
"70030113","2026-08-11T18:39:53.000",,"ELEVATOR","MAINTENANCE","BRONX","10462","Open","40.8361748557899","-73.85404803221908"
"70037802","2026-08-11T18:39:39.000","2026-08-11T20:02:11.000","Illegal Parking","Parking Permit Improper Use","QUEENS","11385","Closed","40.70190050726558","-73.90506463878089"
"70033411","2026-08-11T18:39:31.000","2026-08-11T19:40:11.000","Blocked Driveway","No Access","QUEENS","11433","Closed","40.69260113952423","-73.79076225093186"
"70036529","2026-08-11T18:39:31.000","2026-08-11T18:53:53.000","Illegal Parking","Blocked Sidewalk","MANHATTAN","10027","Closed","40.80857962784377","-73.95234245732988"
"70027295","2026-08-11T18:39:18.000",,"Homeless Person Assistance","Chronic","QUEENS",,"In Progress","40.71832898996443","-73.83732583537434"
"70036672","2026-08-11T18:39:06.000",,"Street Condition","Pothole","BROOKLYN","11234","Open",,
"70030014","2026-08-11T18:39:03.000",,"UNSANITARY CONDITION","GARBAGE/RECYCLING STORAGE","MANHATTAN","10003","Open","40.73490520308236","-73.9798438056877"
"70036512","2026-08-11T18:39:03.000","2026-08-11T19:00:24.000","Noise - Residential","Banging/Pounding","MANHATTAN","10024","Closed","40.78877075615134","-73.97969027031694"
"70031880","2026-08-11T18:39:02.000","2026-08-11T18:55:24.000","Abandoned Vehicle","With License Plate","QUEENS","11355","Closed","40.74968676563777","-73.8097403272354"
"70026524","2026-08-11T18:39:00.000","2026-08-11T18:39:00.000","Water Maintenance","Fire Hydrant Running Full","MANHATTAN","10033","Closed","40.8498946126499","-73.93331100990974"
"70035480","2026-08-11T18:39:00.000","2026-08-11T19:29:33.000","Illegal Parking","Commercial Overnight Parking","BRONX","10466","Closed","40.89571806450783","-73.84333734211845"
"70027044","2026-08-11T18:38:53.000",,"DOOR/WINDOW","WINDOW FRAME","BROOKLYN","11204","Open","40.61532261911021","-73.99787489248484"
"70034590","2026-08-11T18:38:53.000",,"ELECTRIC","OUTLET/SWITCH","BROOKLYN","11204","Open","40.61532261911021","-73.99787489248484"
"70030072","2026-08-11T18:38:46.000",,"PAINT/PLASTER","CEILING","QUEENS","11379","Open","40.71173629455064","-73.87483403818045"
"70029350","2026-08-11T18:38:30.000","2026-08-11T18:38:30.000","General Construction/Plumbing","Sidewalk Shed/Pipe Scafford - Inadequate Defective/None","BROOKLYN","11221","Open","40.694238911315814","-73.92207850824005"
"70037668","2026-08-11T18:38:30.000","2026-08-11T18:38:30.000","Elevator","Elevator - Multiple Devices On Property","MANHATTAN","10003","Open","40.72836274843923","-73.98709423053843"
"70026777","2026-08-11T18:38:13.000","2026-08-11T20:18:11.000","Noise - Residential","Banging/Pounding","BROOKLYN","11230","Closed","40.61270310347266","-73.95391938998439"
"70026624","2026-08-11T18:38:04.000","2026-08-11T18:49:20.000","Noise - Street/Sidewalk","Loud Music/Party","BRONX","10452","Closed","40.84011534931331","-73.91663113459093"
"70033700","2026-08-11T18:38:00.000","2026-08-11T20:30:00.000","Traffic Signal Condition","Controller","BROOKLYN","11212","Closed","40.65570251823354","-73.91108428718496"
"70035367","2026-08-11T18:37:57.000",,"Water Maintenance","Fire Hydrant Running Full","BRONX","10457","In Progress","40.851597839820705","-73.90426540315588"
"70029528","2026-08-11T18:37:47.000","2026-08-11T23:17:00.000","Noise - Street/Sidewalk","Loud Music/Party","BRONX","10456","Closed","40.8343828443825","-73.91451705358259"
"70036657","2026-08-11T18:37:47.000","2026-08-11T19:05:08.000","Vendor Enforcement","Non-Food Vendor","MANHATTAN","10038","Closed","40.71208965236975","-74.00573890585939"
"70028685","2026-08-11T18:37:42.000","2026-08-11T20:04:07.000","Homeless Person Assistance","Non-Chronic","MANHATTAN","10024","Closed","40.784719467971776","-73.97933762407881"
"70034213","2026-08-11T18:37:41.000","2026-08-11T20:11:10.000","Illegal Parking","Blocked Bike Lane","MANHATTAN","10003","Closed","40.72966129386343","-73.98985053483753"
"70036573","2026-08-11T18:37:38.000",,"Dirty Condition","Trash","BROOKLYN","11203","In Progress","40.639278703534416","-73.93760389571425"
"70031277","2026-08-11T18:37:32.000",,"Food Establishment","Letter Grading","BROOKLYN","11218","In Progress","40.64338327213926","-73.97807336014178"
"70027642","2026-08-11T18:37:26.000","2026-08-11T20:07:32.000","Noise - Vehicle","Car/Truck Music","MANHATTAN","10039","Closed","40.824031763014034","-73.9447581761541"
"70026548","2026-08-11T18:37:22.000","2026-08-11T18:52:00.000","Water Maintenance","Fire Hydrant Running","QUEENS","11363","Closed","40.77606747799374","-73.74863526566025"
"70029734","2026-08-11T18:37:10.000","2026-08-11T19:07:30.000","Illegal Parking","Blocked Sidewalk","BROOKLYN","11231","Closed","40.68364302931577","-74.00030286766025"
"70029004","2026-08-11T18:36:51.000","2026-08-11T20:00:39.000","Noise - Street/Sidewalk","Loud Talking","MANHATTAN","10031","Closed","40.82416166479311","-73.95297805704422"
"70034757","2026-08-11T18:36:48.000","2026-08-11T20:10:34.000","Encampment","N/A","MANHATTAN","10001","Closed","40.74562237902606","-73.99525426797025"
"70032702","2026-08-11T18:36:32.000","2026-08-11T18:52:22.000","Illegal Parking","Double Parked Blocking Traffic","BROOKLYN","11238","Closed","40.674011781331146","-73.9649877854709"
"70028579","2026-08-11T18:36:19.000",,"PAINT/PLASTER","WALL","MANHATTAN","10035","Open","40.804888860293964","-73.93702964417822"
"70036063","2026-08-11T18:36:12.000",,"HEAT/HOT WATER","ENTIRE BUILDING","BRONX","10462","Open","40.8361748557899","-73.85404803221908"
"70029821","2026-08-11T18:35:57.000",,"For Hire Vehicle Complaint","Driver Complaint - Non Passenger","MANHATTAN","10003","In Progress","40.72966129386343","-73.98985053483753"
"70032856","2026-08-11T18:35:56.000",,"Street Sign - Damaged","Other/Unknown","BROOKLYN","11223","In Progress","40.599541075629425","-73.98003231175728"
"70027685","2026-08-11T18:35:47.000",,"Obstruction","Weeds or Grass","QUEENS","11412","In Progress","40.69384066723146","-73.7465183402094"
"70029548","2026-08-11T18:35:47.000","2026-08-11T20:03:41.000","Abandoned Vehicle","With License Plate","BRONX","10466","Closed","40.8896045120244","-73.8405053721699"
"70032487","2026-08-11T18:35:44.000","2026-08-11T20:10:36.000","Illegal Parking","Blocked Sidewalk","BRONX","10461","Closed","40.84831628981192","-73.83106932222825"
"70031469","2026-08-11T18:35:42.000",,"UNSANITARY CONDITION","MOLD","BROOKLYN","11217","Open","40.68178191332537","-73.97414159203936"
"70035910","2026-08-11T18:35:42.000",,"WATER LEAK","HEAVY FLOW","BROOKLYN","11217","Open","40.68178191332537","-73.97414159203936"
"70037472","2026-08-11T18:35:40.000",,"UNSANITARY CONDITION","GARBAGE/RECYCLING STORAGE","BRONX","10462","Open","40.84620753335769","-73.86133430286917"
"70037702","2026-08-11T18:35:39.000",,"Damaged Tree","Entire Tree Has Fallen Down","BROOKLYN","11230","In Progress","40.62032808975465","-73.96122288357971"
"70035598","2026-08-11T18:35:36.000","2026-08-11T20:28:40.000","Noise - Residential","Banging/Pounding","BROOKLYN","11226","Closed","40.65225953213826","-73.957236461429"
"70028704","2026-08-11T18:35:29.000","2026-08-11T18:35:29.000","Elevator","Elevator - Multiple Devices On Property","QUEENS","11377","Open","40.74473921638608","-73.91362519919949"
"70031699","2026-08-11T18:35:14.000",,"Rodent","Rat Sighting","BRONX","10465","In Progress","40.82894540852731","-73.82280034524823"
"70030380","2026-08-11T18:35:14.000","2026-08-11T19:18:49.000","Illegal Parking","Parking Permit Improper Use","QUEENS","11365","Closed","40.73806443367155","-73.78133114309706"
"70035131","2026-08-11T18:35:11.000","2026-08-11T19:05:08.000","Vendor Enforcement","Non-Food Vendor","QUEENS","11385","Closed","40.691435607096956","-73.89062312013306"
"70031990","2026-08-11T18:35:05.000","2026-08-11T18:50:44.000","Illegal Parking","Blocked Sidewalk","MANHATTAN","10021","Closed","40.771291977521365","-73.95819979722947"
"70026303","2026-08-11T18:35:00.000","2026-08-11T20:40:00.000","Traffic Signal Condition","Pedestrian Signal","BROOKLYN","11219","Assigned","40.62636189091083","-74.0083000975799"
"70034876","2026-08-11T18:34:55.000","2026-08-11T20:28:46.000","Encampment","N/A","QUEENS","11375","Closed","40.720789819791015","-73.84438347631438"
"70029752","2026-08-11T18:34:45.000","2026-08-11T19:00:31.000","Illegal Parking","Posted Parking Sign Violation","BROOKLYN","11201","Closed","40.70319903480597","-73.98958406676019"
"70036231","2026-08-11T18:34:37.000",,"Overgrown Tree/Branches","Dead Branches in Tree","BROOKLYN","11234","In Progress","40.6255925038881","-73.91147383633468"
"70026833","2026-08-11T18:34:25.000","2026-08-11T18:41:57.000","Drinking","In Public","BROOKLYN","11232","Closed","40.645463163916645","-74.00034953990858"
"70028004","2026-08-11T18:34:02.000","2026-08-11T18:34:00.000","Water Maintenance","Fire Hydrant Running Full","MANHATTAN","10033","Closed","40.849305655815805","-73.93533936185824"
"70037208","2026-08-11T18:33:58.000","2026-08-11T20:00:40.000","Blocked Driveway","Partial Access","BROOKLYN","11217","Closed","40.68105605490634","-73.98205578713969"
"70034049","2026-08-11T18:33:54.000","2026-08-11T20:35:43.000","Blocked Driveway","No Access","BROOKLYN","11235","Closed","40.589558097676345","-73.94563983663075"
"70031249","2026-08-11T18:33:53.000","2026-08-11T20:40:37.000","Illegal Parking","Blocked Bike Lane","MANHATTAN","10003","Closed","40.728294696270595","-73.99399631579742"
"70029482","2026-08-11T18:33:49.000",,"Sewer Maintenance","Backup","QUEENS","11428","In Progress","40.71691869951794","-73.74156060425204"
"70028744","2026-08-11T18:33:41.000",,"Damaged Tree","Branch Cracked and Will Fall","BROOKLYN","11208","In Progress","40.67525162799459","-73.87629408654864"
"70031086","2026-08-11T18:33:41.000","2026-08-11T21:21:04.000","Illegal Parking","Blocked Sidewalk","BROOKLYN","11235","Closed","40.59088223581537","-73.93229148374262"
"70034925","2026-08-11T18:33:25.000","2026-08-11T23:28:13.000","Noise - Residential","Banging/Pounding","STATEN ISLAND","10301","Closed","40.643340241873794","-74.07719182120226"
"70036623","2026-08-11T18:33:20.000",,"Dirty Condition","Trash","BROOKLYN","11217","In Progress","40.682688766861304","-73.97949543152424"
"70029036","2026-08-11T18:33:07.000",,"Maintenance or Facility","Garbage or Litter","BROOKLYN","11232","In Progress","40.649500597233825","-74.00575514447839"
"70031738","2026-08-11T18:33:05.000",,"Damaged Tree","Entire Tree Has Fallen Down","BROOKLYN","11228","In Progress","40.61501966712542","-74.0154952052308"
"70030725","2026-08-11T18:33:00.000","2026-08-11T19:15:00.000","Traffic Signal Condition","Controller","QUEENS","11375","Assigned","40.7093075158316","-73.8436816760761"
"70031865","2026-08-11T18:32:59.000","2026-08-11T19:39:57.000","Blocked Driveway","No Access","QUEENS","11435","Closed","40.71577241343082","-73.8234691743134"
"70032977","2026-08-11T18:32:58.000",,"UNSANITARY CONDITION","MOLD","MANHATTAN","10032","Open","40.83354471063864","-73.93885634661157"
"70034476","2026-08-11T18:32:58.000",,"PLUMBING","BATHTUB/SHOWER","MANHATTAN","10032","Open","40.83354471063864","-73.93885634661157"
"70028433","2026-08-11T18:32:58.000",,"PLUMBING","TOILET","MANHATTAN","10032","Open","40.83354471063864","-73.93885634661157"
"70034511","2026-08-11T18:32:58.000",,"PAINT/PLASTER","WALL","MANHATTAN","10032","Open","40.83354471063864","-73.93885634661157"
"70035998","2026-08-11T18:32:58.000",,"PLUMBING","WATER SUPPLY","MANHATTAN","10032","Open","40.83354471063864","-73.93885634661157"
"70032468","2026-08-11T18:32:44.000",,"Blocked Driveway","Partial Access","BRONX","10472","In Progress","40.83482638229406","-73.86698826911767"
"70032699","2026-08-11T18:32:43.000","2026-08-11T18:52:22.000","Drug Activity","Use Outside","BROOKLYN","11238","Closed","40.674011781331146","-73.9649877854709"
"70028639","2026-08-11T18:32:42.000",,"ELECTRIC","POWER OUTAGE","BROOKLYN","11236","Open","40.63649051077665","-73.91303389946138"
"70034539","2026-08-11T18:32:42.000",,"HEAT/HOT WATER","ENTIRE BUILDING","BROOKLYN","11236","Open","40.63649051077665","-73.91303389946138"
"70032723","2026-08-11T18:32:40.000","2026-08-11T19:07:29.000","Illegal Parking","Blocked Crosswalk","BROOKLYN","11201","Closed","40.69637049438568","-73.99724842691518"
"70031299","2026-08-11T18:32:40.000",,"For Hire Vehicle Complaint","Driver Complaint - Non Passenger","MANHATTAN","10003","In Progress","40.728294696270595","-73.99399631579742"
"70029149","2026-08-11T18:32:34.000",,"Dirty Condition","Trash","QUEENS","11385","In Progress","40.700534700782136","-73.90983074769412"
"70032757","2026-08-11T18:32:29.000","2026-08-11T18:32:29.000","Electrical","Electrical Wiring Defective/Exposed","BRONX","10454","Open","40.80921139978787","-73.92282171260759"
"70031225","2026-08-11T18:32:29.000","2026-08-11T18:45:55.000","Noise - Residential","Loud Music/Party","BROOKLYN","11216","Closed","40.67123329182858","-73.95487750821735"
"70027483","2026-08-11T18:32:27.000","2026-08-11T20:57:51.000","Illegal Parking","Posted Parking Sign Violation","QUEENS","11385","Closed","40.70655499351289","-73.89189315698928"
"70033946","2026-08-11T18:32:13.000",,"Noise","Construction","BROOKLYN","11212","In Progress","40.664654393438106","-73.91626650038735"
"70033226","2026-08-11T18:32:10.000",,"Damaged Tree","Branch or Limb Has Fallen Down","BRONX","10468","In Progress","40.864753923522116","-73.90514669562553"
"70029478","2026-08-11T18:32:08.000",,"Sewer Maintenance","Catch Basin Clogged","BROOKLYN","11221","In Progress","40.689490452772674","-73.922069633838"
"70029785","2026-08-11T18:32:08.000","2026-08-11T19:05:14.000","Illegal Parking","Blocked Sidewalk","BROOKLYN","11222","Closed","40.72699247279165","-73.95298167828521"
"70035766","2026-08-11T18:32:07.000",,"For Hire Vehicle Report","Car Service Company Report","QUEENS","11374","In Progress","40.7262514091044","-73.8566952337213"
"70034907","2026-08-11T18:32:00.000","2026-08-11T20:35:42.000","Illegal Parking","Blocked Sidewalk","QUEENS","11105","Closed","40.769795213921725","-73.89914093686359"
"70031255","2026-08-11T18:31:55.000","2026-08-11T23:12:11.000","Illegal Parking","Blocked Sidewalk","BROOKLYN","11206","Closed","40.70286133193962","-73.93737487411155"
"70036909","2026-08-11T18:31:33.000","2026-08-11T18:31:00.000","Water Maintenance","Fire Hydrant Running Full","MANHATTAN","10029","Closed","40.795436845563835","-73.94394761976524"
"70027370","2026-08-11T18:31:26.000",,"Dead/Dying Tree","Planted More Than 2 Years Ago","BROOKLYN","11229","In Progress","40.59758452818378","-73.94135180697093"
"70028813","2026-08-11T18:31:23.000","2026-08-11T19:56:16.000","Encampment","N/A","MANHATTAN","10011","Closed","40.74410460720395","-73.9976975604131"
"70034755","2026-08-11T18:31:22.000","2026-08-11T19:32:18.000","Noise - Residential","Banging/Pounding","BRONX","10473","Closed","40.81869187096104","-73.85044458325993"
"70029430","2026-08-11T18:31:20.000",,"Water Maintenance","Fire Hydrant Running Full","BRONX","10451","In Progress","40.82396799829674","-73.92430045067182"
"70028263","2026-08-11T18:31:17.000","2026-08-11T18:45:55.000","Noise - Street/Sidewalk","Loud Music/Party","BROOKLYN","11216","Closed","40.67123329182858","-73.95487750821735"
"70036628","2026-08-11T18:31:12.000",,"Dirty Condition","Trash","QUEENS","11385","In Progress","40.69976192040784","-73.91143305269782"
"70034193","2026-08-11T18:31:02.000","2026-08-11T18:42:51.000","Illegal Parking","Blocked Crosswalk","BROOKLYN","11201","Closed","40.70288646586719","-73.99438451108436"
"70035371","2026-08-11T18:30:59.000",,"Water Maintenance","Dirty Water","MANHATTAN","10032","In Progress","40.83363248770852","-73.93875508244365"
"70033433","2026-08-11T18:30:54.000","2026-08-11T19:04:28.000","Blocked Driveway","No Access","QUEENS","11372","Closed","40.74804732472123","-73.89465893392726"
"70036222","2026-08-11T18:30:47.000",,"Damaged Tree","Tree Leaning/Uprooted","BRONX","10469","In Progress","40.87664790177037","-73.85593716221865"
"70032726","2026-08-11T18:30:25.000","2026-08-11T19:17:20.000","Panhandling","N/A","BROOKLYN","11217","Closed","40.682688766861304","-73.97949543152424"
"70027547","2026-08-11T18:30:06.000","2026-08-11T20:28:40.000","Encampment","N/A","QUEENS","11375","Closed","40.720789819791015","-73.84438347631438"
"70034219","2026-08-11T18:30:05.000","2026-08-11T19:56:46.000","Non-Emergency Police Matter","Other (complaint details)","BROOKLYN","11211","Closed","40.71416807936804","-73.95779914784396"
"70030695","2026-08-11T18:29:54.000",,"Street Condition","Pothole","BROOKLYN","11226","Open",,
"70027167","2026-08-11T18:29:40.000",,"PLUMBING","BATHTUB/SHOWER","BROOKLYN","11232","Open","40.66017242480798","-73.9975346596249"
"70032938","2026-08-11T18:29:40.000",,"UNSANITARY CONDITION","PESTS","BROOKLYN","11232","Open","40.66017242480798","-73.9975346596249"
"70030045","2026-08-11T18:29:40.000",,"PLUMBING","BASIN/SINK","BROOKLYN","11232","Open","40.66017242480798","-73.9975346596249"
"70031362","2026-08-11T18:29:39.000",,"GENERAL","SIGNAGE MISSING","QUEENS","11104","Open","40.73765842671905","-73.92645174134273"
"70029138","2026-08-11T18:29:38.000",,"Dirty Condition","Trash","MANHATTAN","10003","In Progress","40.73490520308236","-73.9798438056877"
"70034798","2026-08-11T18:29:34.000","2026-08-12T01:50:23.000","Blocked Driveway","No Access","QUEENS","11385","Closed","40.70359846566586","-73.87776349090377"
"70034327","2026-08-11T18:29:25.000",,"Street Sign - Damaged","Stop","BROOKLYN","11218","In Progress","40.64308687911122","-73.97830407360344"
"70028922","2026-08-11T18:29:22.000","2026-08-11T20:14:34.000","Abandoned Vehicle","With License Plate","QUEENS","11374","Closed","40.7262514091044","-73.8566952337213"
"70027299","2026-08-11T18:29:09.000","2026-08-11T20:58:18.000","Homeless Person Assistance","Chronic","BROOKLYN","11217","Closed","40.682688766861304","-73.97949543152424"
"70032409","2026-08-11T18:29:06.000",,"Water Conservation","Fire Hydrant","QUEENS","11356","In Progress","40.78467565805412","-73.85197262948425"
"70031962","2026-08-11T18:29:02.000","2026-08-11T20:14:38.000","Panhandling","N/A","STATEN ISLAND","10312","Closed","40.55333002565379","-74.19198560761754"
"70028026","2026-08-11T18:29:01.000","2026-08-11T18:29:00.000","Water Maintenance","Fire Hydrant Running","MANHATTAN","10034","Closed","40.87053055637503","-73.91445973706033"
"70028330","2026-08-11T18:28:45.000",,"Food Establishment","Rodents/Insects/Garbage","BROOKLYN","11208","In Progress","40.6741500997001","-73.88066545957518"
"70029773","2026-08-11T18:28:41.000","2026-08-11T19:17:22.000","Noise - Residential","Banging/Pounding","BROOKLYN","11211","Closed","40.71008491567332","-73.95338676720539"
"70028772","2026-08-11T18:28:21.000",,"Damaged Tree","Tree Leaning/Uprooted","QUEENS","11377","In Progress","40.73876961168575","-73.91768895063451"
"70027734","2026-08-11T18:28:08.000",,"Dirty Condition","Trash","MANHATTAN","10003","In Progress","40.73490520308236","-73.9798438056877"
"70028092","2026-08-11T18:27:59.000","2026-08-11T18:39:37.000","Illegal Parking","Parking Permit Improper Use","BRONX","10470","Closed","40.90400317201882","-73.85511095105002"
"70037128","2026-08-11T18:27:55.000","2026-08-11T18:35:54.000","Noise - Street/Sidewalk","Loud Music/Party","BROOKLYN","11226","Closed","40.646232587049774","-73.95887993774369"
"70034680","2026-08-11T18:27:40.000",,"Root/Sewer/Sidewalk Condition","Trees and Sidewalks Program","BROOKLYN","11214","In Progress","40.61067295629086","-74.00063388622421"
"70035636","2026-08-11T18:27:26.000",,"Street Condition","Cave-in","MANHATTAN","10009","In Progress","40.72817583258266","-73.98485732105792"
"70037985","2026-08-11T18:27:26.000","2026-08-11T19:14:15.000","Noise - Commercial","Loud Music/Party","MANHATTAN","10025","Closed","40.798869995518764","-73.96311982276791"
"70034203","2026-08-11T18:27:04.000","2026-08-11T18:45:40.000","Illegal Parking","Blocked Sidewalk","BROOKLYN","11201","Closed","40.69544706314867","-73.98322753703334"
"70026753","2026-08-11T18:26:49.000","2026-08-11T19:21:49.000","Abandoned Vehicle","With License Plate","BROOKLYN","11210","Closed","40.63852720604839","-73.93867112505316"
"70027252","2026-08-11T18:26:48.000",,"ELECTRIC","POWER OUTAGE","BRONX","10454","Open","40.80921139978787","-73.92282171260759"
"70035871","2026-08-11T18:26:39.000",,"DOOR/WINDOW","WINDOW FRAME","BROOKLYN","11233","Open","40.67238267132065","-73.91487970301519"
"70037459","2026-08-11T18:26:39.000",,"UNSANITARY CONDITION","MOLD","BROOKLYN","11233","Open","40.67238267132065","-73.91487970301519"
"70028882","2026-08-11T18:26:35.000",,"Illegal Parking","Paper License Plates","QUEENS","11101","In Progress","40.74533414924066","-73.95610848241337"
"70034645","2026-08-11T18:26:27.000","2026-08-11T18:26:27.000","Elevator","Elevator - Single Device On Property/No Alternate Service","MANHATTAN","10033","Open","40.84556385759401","-73.9389754154197"
"70029143","2026-08-11T18:26:15.000",,"Dirty Condition","Trash","MANHATTAN","10003","In Progress","40.73490520308236","-73.9798438056877"
"70030898","2026-08-11T18:26:14.000",,"Water Maintenance","Fire Hydrant Running Full","BRONX","10451","In Progress","40.817034452358484","-73.92798255062196"
"70032383","2026-08-11T18:25:46.000",,"Water Maintenance","Dirty Water","BROOKLYN","11230","In Progress","40.611029499909144","-73.96357655791019"
"70028268","2026-08-11T18:25:39.000","2026-08-11T18:45:55.000","Noise - Residential","Loud Music/Party","BROOKLYN","11216","Closed","40.67123329182858","-73.95487750821735"
"70036485","2026-08-11T18:25:34.000","2026-08-11T21:21:48.000","Illegal Parking","Commercial Overnight Parking","STATEN ISLAND","10306","Closed","40.5684294848441","-74.1239508109926"
"70028830","2026-08-11T18:25:22.000","2026-08-11T19:10:40.000","Noise - Residential","Loud Music/Party","QUEENS","11417","Closed","40.68457051569935","-73.83694306413449"
"70038049","2026-08-11T18:25:21.000",,"Street Sweeping Complaint","Street Not Swept","BRONX","10461","In Progress","40.84745781063819","-73.84934617509744"
"70036449","2026-08-11T18:25:19.000","2026-08-11T20:18:11.000","Blocked Driveway","Partial Access","QUEENS","11105","Closed","40.77314325616586","-73.90834964599428"
"70031791","2026-08-11T18:25:06.000","2026-08-11T19:31:44.000","Noise - Residential","Loud Music/Party","BRONX","10475","Closed","40.88271870172737","-73.83317704412153"
"70033934","2026-08-11T18:25:02.000",,"Sewer Maintenance","Manhole Overflow","STATEN ISLAND","10314","In Progress","40.58721355527849","-74.15039795681982"
"70033702","2026-08-11T18:25:00.000","2026-08-11T19:15:00.000","Traffic Signal Condition","Controller","QUEENS","11375","Closed","40.7093075158316","-73.8436816760761"
"70031354","2026-08-11T18:24:44.000",,"Standing Water","Other - Explain Below","BROOKLYN","11203","In Progress","40.639278703534416","-73.93760389571425"
"70026644","2026-08-11T18:24:34.000","2026-08-11T18:32:04.000","Blocked Driveway","No Access","BRONX","10458","Closed","40.860520622125094","-73.8945386266884"
"70033326","2026-08-11T18:24:31.000","2026-08-11T20:36:57.000","Panhandling","N/A","QUEENS","11432","Closed","40.70681157527369","-73.8020430936635"
"70026479","2026-08-11T18:24:24.000",,"Lead","Lead Kit","QUEENS","11432","In Progress","40.722296739025126","-73.78771794608367"
"70032375","2026-08-11T18:24:15.000",,"Water Maintenance","Fire Hydrant Running Full","BRONX","10451","In Progress","40.82611741027814","-73.92475689307149"
"70034252","2026-08-11T18:24:09.000",,"Taxi Complaint","Driver Complaint - Passenger","QUEENS","11430","In Progress","40.64832048620134","-73.78828125130184"
"70034810","2026-08-11T18:23:49.000","2026-08-11T19:53:13.000","Bike/Roller/Skate","N/A","QUEENS","11414","Closed","40.658218771750285","-73.84351665892954"
"70034594","2026-08-11T18:23:47.000",,"ELECTRIC","NO LIGHTING","BROOKLYN","11212","Open","40.65602281109091","-73.91730810010989"
"70034602","2026-08-11T18:23:47.000",,"DOOR/WINDOW","DOOR","BROOKLYN","11212","Open","40.65602281109091","-73.91730810010989"
"70027212","2026-08-11T18:23:44.000",,"HEAT/HOT WATER","ENTIRE BUILDING","BROOKLYN","11208","Open","40.6710986976664","-73.87621887666245"
"70037036","2026-08-11T18:23:44.000","2026-08-11T18:55:24.000","Abandoned Vehicle","With License Plate","BRONX","10468","Closed","40.87849582102219","-73.89176908312524"
"70028470","2026-08-11T18:23:42.000",,"UNSANITARY CONDITION","PESTS","BROOKLYN","11212","Open","40.66223316864542","-73.92794062432964"
"70029117","2026-08-11T18:23:40.000",,"Missed Collection","Bulky Recycling","STATEN ISLAND","10308","In Progress","40.5530903841204","-74.16227905625053"
"70031480","2026-08-11T18:23:37.000",,"UNSANITARY CONDITION","GARBAGE/RECYCLING STORAGE","BRONX","10461","Open","40.847430340021624","-73.84932816506128"
"70034809","2026-08-11T18:23:35.000","2026-08-11T19:21:49.000","Illegal Parking","Blocked Hydrant","QUEENS","11427","Closed","40.72461505159505","-73.74650591341528"
"70026976","2026-08-11T18:23:27.000","2026-08-11T18:23:27.000","Building/Use","No Certificate Of Occupancy/Illegal/Contrary To CO","BROOKLYN","11223","Open","40.59647471152785","-73.97772147626671"
"70036861","2026-08-11T18:23:20.000",,"Lead","Lead Kit","BROOKLYN","11233","In Progress","40.67785466560365","-73.91714763539466"
"70028075","2026-08-11T18:23:19.000","2026-08-11T23:31:58.000","Noise - Vehicle","Car/Truck Horn","BRONX","10451","Closed","40.82624965383379","-73.92552276227127"
"70026632","2026-08-11T18:23:02.000","2026-08-11T19:26:08.000","Abandoned Vehicle","With License Plate","BRONX","10465","Closed","40.8295988565331","-73.82654578763356"
"70031901","2026-08-11T18:22:53.000","2026-08-11T21:41:12.000","Blocked Driveway","No Access","QUEENS","11368","Closed","40.74819702122622","-73.86456270756402"
"70030901","2026-08-11T18:22:51.000",,"Water Maintenance","Fire Hydrant Running Full","BRONX","10453","In Progress","40.84880129878156","-73.90802491612534"
"70026901","2026-08-11T18:22:33.000","2026-08-11T18:46:19.000","Illegal Parking","Blocked Bike Lane","BROOKLYN","11238","Closed","40.68313898261968","-73.96782415915023"
"70036638","2026-08-11T18:22:22.000",,"Abandoned Bike","Chained to Public Property","BROOKLYN","11220","In Progress","40.63885430651064","-74.03358493700935"
"70034007","2026-08-11T18:22:10.000","2026-08-11T20:25:38.000","Noise - Residential","Loud Music/Party","BRONX","10460","Closed","40.84453717246229","-73.87947430159765"
"70030537","2026-08-11T18:22:05.000",,"E-Scooter","Improperly Parked or Abandoned","BRONX","10466","In Progress","40.89228095162215","-73.85105303386"
"70031252","2026-08-11T18:22:00.000","2026-08-11T19:29:34.000","Drinking","In Public","MANHATTAN","10003","Closed","40.72517096365262","-73.99094438640566"
"70035375","2026-08-11T18:21:58.000","2026-08-11T18:22:00.000","Water Maintenance","Fire Hydrant Running Full","MANHATTAN","10035","Closed","40.79668095028423","-73.9349137341505"
"70029711","2026-08-11T18:21:29.000","2026-08-11T18:41:57.000","Drinking","In Public","BROOKLYN","11232","Closed","40.645463163916645","-74.00034953990858"
"70035076","2026-08-11T18:21:19.000",,"Illegal Dumping","Removal Request","MANHATTAN","10013","In Progress","40.721913258552796","-74.00278509639823"
"70033496","2026-08-11T18:21:12.000","2026-08-11T19:35:56.000","Noise - Residential","Banging/Pounding","MANHATTAN","10025","Closed","40.79174188819008","-73.97283488520516"
"70035678","2026-08-11T18:21:11.000","2026-08-11T18:45:53.000","Noise - Residential","Loud Music/Party","BROOKLYN","11216","Closed","40.67123329182858","-73.95487750821735"
"70026512","2026-08-11T18:21:07.000",,"Water Maintenance","Fire Hydrant Running Full","BRONX","10466","In Progress","40.88604499212638","-73.8575550954366"
"70027256","2026-08-11T18:20:38.000",,"ELECTRIC","NO LIGHTING","BROOKLYN","11226","Open","40.64830045148139","-73.96190573586907"
"70031368","2026-08-11T18:20:38.000",,"DOOR/WINDOW","WINDOW FRAME","BROOKLYN","11226","Open","40.64830045148139","-73.96190573586907"
"70028568","2026-08-11T18:20:38.000",,"PAINT/PLASTER","WALL","BROOKLYN","11226","Open","40.64830045148139","-73.96190573586907"
"70030128","2026-08-11T18:20:38.000",,"DOOR/WINDOW","DOOR FRAME","BROOKLYN","11226","Open","40.64830045148139","-73.96190573586907"
"70031471","2026-08-11T18:20:38.000",,"UNSANITARY CONDITION","MOLD","BROOKLYN","11226","Open","40.64830045148139","-73.96190573586907"
"70032958","2026-08-11T18:20:38.000",,"UNSANITARY CONDITION","PESTS","BROOKLYN","11226","Open","40.64830045148139","-73.96190573586907"
"70028324","2026-08-11T18:20:26.000","2026-08-11T18:20:26.000","Electrical","Electrical Wiring Defective/Exposed","BROOKLYN","11223","Open","40.59647471152785","-73.97772147626671"
"70030210","2026-08-11T18:20:08.000",,"Rodent","Condition Attracting Rodents","BROOKLYN","11238","In Progress","40.67392932226601","-73.9646092992927"
"70032546","2026-08-11T18:19:54.000","2026-08-11T19:10:40.000","Illegal Parking","Posted Parking Sign Violation","BRONX","10468","Closed","40.86911710586166","-73.89463346180949"
"70036357","2026-08-11T18:19:53.000","2026-08-11T21:53:11.000","Illegal Parking","Posted Parking Sign Violation","QUEENS","11385","Closed","40.70189721477688","-73.89495546420537"
"70029598","2026-08-11T18:19:45.000",,"Illegal Parking","Paper License Plates","BROOKLYN","11229","In Progress","40.59728699245821","-73.95070361839319"
"70029694","2026-08-11T18:19:42.000",,"Street Condition","Defective Hardware","MANHATTAN","10018","In Progress","40.75215978750964","-73.98749024981751"
"70027397","2026-08-11T18:19:29.000",,"Illegal Tree Damage","Roots Damaged","QUEENS","11417","In Progress","40.68244632910107","-73.84305959536896"
"70029769","2026-08-11T18:19:29.000","2026-08-11T19:04:36.000","Illegal Parking","Blocked Sidewalk","BROOKLYN","11205","Closed","40.690303228634036","-73.96029513058312"
"70028252","2026-08-11T18:19:15.000","2026-08-11T18:49:22.000","Blocked Driveway","Partial Access","BROOKLYN","11208","Closed","40.671597998148215","-73.86618906220077"
"70029057","2026-08-11T18:19:13.000",,"Residential Disposal Complaint","Bin Not Used","BRONX","10469","In Progress","40.87509673144532","-73.85781358720917"
"70033384","2026-08-11T18:18:38.000","2026-08-11T21:17:27.000","Panhandling","N/A","QUEENS","11377","Closed","40.73672367246152","-73.89597587552512"
"70037209","2026-08-11T18:18:37.000","2026-08-11T19:00:23.000","Blocked Driveway","No Access","BROOKLYN","11215","Closed","40.67707920158766","-73.98426685248882"
"70031956","2026-08-11T18:18:36.000","2026-08-11T22:24:49.000","Abandoned Vehicle","With License Plate","STATEN ISLAND","10305","Closed","40.59343560121511","-74.07539859501186"
"70028838","2026-08-11T18:18:03.000","2026-08-11T21:09:39.000","Illegal Parking","Blocked Hydrant","QUEENS","11416","Closed","40.684496738852985","-73.83717760982275"
"70035365","2026-08-11T18:17:44.000",,"Water Maintenance","Fire Hydrant Running Full","MANHATTAN","10033","In Progress","40.84735682050765","-73.93517137747149"
"70029616","2026-08-11T18:17:30.000","2026-08-11T20:07:31.000","Illegal Parking","Blocked Hydrant","BROOKLYN","11204","Closed","40.619337402678504","-73.98587619019713"
"70034884","2026-08-11T18:17:29.000","2026-08-11T19:21:49.000","Abandoned Vehicle","With License Plate","QUEENS","11436","Closed","40.67785025610357","-73.8013539285672"
"70028013","2026-08-11T18:17:26.000","2026-08-11T18:17:00.000","Water Maintenance","Fire Hydrant Running Full","MANHATTAN","10029","Closed","40.795436845563835","-73.94394761976524"
"70036176","2026-08-11T18:17:23.000","2026-08-11T18:17:23.000","Elevator","Elevator - Multiple Devices On Property","BROOKLYN","11207","Open","40.676640862363996","-73.8901895249189"
"70031266","2026-08-11T18:17:19.000","2026-08-11T18:17:19.000","Electrical","Electrical Wiring Defective/Exposed","BROOKLYN","11223","Open","40.59647471152785","-73.97772147626671"
"70027794","2026-08-11T18:17:12.000",,"Street Condition","Pothole","QUEENS",,"Open",,
"70033420","2026-08-11T18:17:10.000","2026-08-11T19:10:45.000","Illegal Parking","Blocked Sidewalk","QUEENS","11103","Closed","40.76958062747012","-73.91559304356464"
"70037884","2026-08-11T18:16:34.000","2026-08-11T21:09:38.000","Illegal Parking","Posted Parking Sign Violation","QUEENS","11373","Closed","40.73902848005677","-73.88924590777103"
"70035727","2026-08-11T18:16:23.000","2026-08-11T20:03:08.000","Encampment","N/A","MANHATTAN","10003","Closed","40.7348379771553","-73.99075543906761"
"70028264","2026-08-11T18:15:57.000","2026-08-11T18:45:52.000","Noise - Residential","Loud Music/Party","BROOKLYN","11216","Closed","40.67123329182858","-73.95487750821735"
"70026843","2026-08-11T18:15:56.000","2026-08-11T23:48:18.000","Abandoned Vehicle","With License Plate","BROOKLYN","11208","Closed","40.66668372005349","-73.8699982269333"
"70034356","2026-08-11T18:15:52.000",,"APPLIANCE","REFRIGERATOR","BRONX","10458","Open","40.85354595919625","-73.88277634581611"
"70034150","2026-08-11T18:15:42.000","2026-08-11T18:41:57.000","Drinking","In Public","BROOKLYN","11232","Closed","40.645463163916645","-74.00034953990858"
"70029029","2026-08-11T18:15:36.000",,"Maintenance or Facility","Structure - Outdoors","BRONX","10463","In Progress","40.877708485093144","-73.90804278552649"
"70037234","2026-08-11T18:15:20.000","2026-08-11T22:00:23.000","Noise - Street/Sidewalk","Loud Music/Party","BROOKLYN","11211","Closed","40.70780607727443","-73.95172559141544"
"70034941","2026-08-11T18:15:16.000","2026-08-11T22:00:26.000","Encampment","N/A","MANHATTAN","10016","Closed","40.74450987475287","-73.98498713637727"
"70033540","2026-08-11T18:15:16.000",,"Encampment","N/A","MANHATTAN","10016","In Progress","40.74450987475287","-73.98498713637727"
"70035095","2026-08-11T18:15:10.000",,"Illegal Dumping","Removal Request","BRONX","10460","In Progress","40.84128975534786","-73.87906817595707"
"70033602","2026-08-11T18:15:07.000",,"Litter Basket Request","New Basket","BRONX","10460","In Progress","40.834569343522226","-73.89446050915083"
"70027541","2026-08-11T18:15:06.000","2026-08-11T21:21:05.000","Noise - Residential","Banging/Pounding","QUEENS","11373","Closed","40.74582607332756","-73.88525756003034"
"70030910","2026-08-11T18:15:01.000","2026-08-11T18:15:00.000","Water Maintenance","Fire Hydrant Running Full","MANHATTAN","10029","Closed","40.795436845563835","-73.94394761976524"
"70034177","2026-08-11T18:14:52.000","2026-08-11T18:45:52.000","Noise - Residential","Loud Music/Party","BROOKLYN","11216","Closed","40.67123329182858","-73.95487750821735"
"70034132","2026-08-11T18:14:48.000",,"Street Condition","Cave-in","QUEENS","11377","In Progress","40.73618375491572","-73.89686438803747"
"70031018","2026-08-11T18:14:43.000","2026-08-11T20:03:04.000","Abandoned Vehicle","With License Plate","BRONX","10466","Closed","40.88955056392458","-73.84523258225722"
"70036894","2026-08-11T18:14:41.000",,"Water Maintenance","Fire Hydrant Running Full","BRONX","10456","In Progress","40.835500302716696","-73.90122406498094"
"70027487","2026-08-11T18:14:32.000","2026-08-11T20:00:40.000","Urinating in Public","N/A","QUEENS","11385","Closed","40.70293989331049","-73.90400281434077"
"70031094","2026-08-11T18:14:29.000","2026-08-11T18:33:20.000","Noise - Residential","Banging/Pounding","BROOKLYN","11214","Closed","40.60810108364675","-73.99938414563323"
"70029063","2026-08-11T18:14:29.000",,"Obstruction","Cone","BROOKLYN","11235","In Progress","40.58288689670597","-73.95527921024951"
"70026666","2026-08-11T18:14:28.000","2026-08-11T19:00:25.000","Noise - Residential","Banging/Pounding","BRONX","10469","Closed","40.8605164867064","-73.85748685834112"
"70029547","2026-08-11T18:14:27.000","2026-08-11T20:50:13.000","Abandoned Vehicle","With License Plate","BRONX","10466","Closed","40.891589086364704","-73.83286181798644"
"70029736","2026-08-11T18:14:24.000","2026-08-11T20:04:04.000","Illegal Parking","Posted Parking Sign Violation","BROOKLYN","11215","Closed","40.6768098052701","-73.98151975514853"
"70034542","2026-08-11T18:14:23.000",,"HEAT/HOT WATER","APARTMENT ONLY","BRONX","10462","Open","40.840502056060934","-73.8552637096911"
"70033728","2026-08-11T18:14:12.000","2026-08-11T18:14:12.000","Special Projects Inspection Team (SPIT)","Sign/Awning/Marquee - Illegal/No Permit","BROOKLYN","11223","Open","40.59647471152785","-73.97772147626671"
"70035464","2026-08-11T18:14:09.000","2026-08-11T18:29:50.000","Noise - Street/Sidewalk","Loud Music/Party","BRONX","10453","Closed","40.855301775723525","-73.90257553996967"
"70033838","2026-08-11T18:14:08.000",,"Sanitation Worker or Vehicle Complaint","Spilled Garbage","BRONX","10457","In Progress","40.83858236857684","-73.9041865555747"
"70033163","2026-08-11T18:14:04.000",,"APPLIANCE","ELECTRIC/GAS RANGE","BROOKLYN","11226","Open","40.638333054651234","-73.95876950574346"
"70035130","2026-08-11T18:14:02.000","2026-08-11T18:35:11.000","Vendor Enforcement","Food Vendor","BRONX","10458","Closed","40.85791497366984","-73.89965439310647"
"70029720","2026-08-11T18:13:56.000","2026-08-11T21:26:54.000","Abandoned Vehicle","With License Plate","BROOKLYN","11207","Closed","40.67968033963975","-73.89419728111855"
"70037204","2026-08-11T18:13:55.000","2026-08-11T18:45:52.000","Noise - Residential","Loud Music/Party","BROOKLYN","11216","Closed","40.67123329182858","-73.95487750821735"
"70037927","2026-08-11T18:13:48.000","2026-08-11T19:01:27.000","Illegal Parking","Parking Permit Improper Use","QUEENS","11368","Closed","40.7561212607332","-73.86237007014132"
"70033552","2026-08-11T18:13:45.000",,"Dead Animal","Bird","MANHATTAN","10021","In Progress","40.76924757539765","-73.9593996675763"
"70034770","2026-08-11T18:13:43.000","2026-08-11T20:04:17.000","Abandoned Vehicle","With License Plate","QUEENS","11421","Closed","40.69166222761181","-73.86377965024217"
"70027555","2026-08-11T18:13:29.000","2026-08-11T20:50:13.000","Urinating in Public","N/A","QUEENS","11103","Closed","40.75817469667422","-73.91727874356691"
"70028675","2026-08-11T18:13:16.000","2026-08-11T18:21:49.000","Homeless Person Assistance","Non-Chronic","BROOKLYN","11206","Closed","40.69740606726597","-73.93483033533458"
"70030694","2026-08-11T18:13:00.000",,"Street Condition","Pothole","BROOKLYN","11205","Open",,
"70026977","2026-08-11T18:12:59.000",,"Consumer Complaint","Hotel or Motel","MANHATTAN","10005","In Progress","40.70739845998282","-74.0111054982079"
"70034745","2026-08-11T18:12:56.000","2026-08-11T18:41:58.000","Noise - Residential","Loud Music/Party","MANHATTAN","10009","Closed","40.720318750158356","-73.9756165590316"
"70037181","2026-08-11T18:12:49.000","2026-08-11T18:55:23.000","Illegal Parking","Posted Parking Sign Violation","BROOKLYN","11220","Closed","40.64706870660171","-74.00599997889478"
"70030268","2026-08-11T18:12:48.000",,"Damaged Tree","Tree Alive - in Poor Condition","QUEENS","11434","In Progress","40.68666125831541","-73.78618356973136"
"70037061","2026-08-11T18:12:47.000","2026-08-11T19:38:48.000","Illegal Parking","Parking Permit Improper Use","BROOKLYN","11204","Closed","40.61385515135332","-73.97984073661895"
"70026304","2026-08-11T18:12:00.000",,"Traffic Signal Condition","Veh Signal Lamp","MANHATTAN","10034","Open","40.87147770232854","-73.91856601509859"
"70027682","2026-08-11T18:11:49.000",,"Obstruction","Weeds or Grass","BROOKLYN","11229","In Progress","40.593652257616306","-73.94927682032791"
"70028099","2026-08-11T18:11:47.000","2026-08-11T19:10:41.000","Noise - Residential","Banging/Pounding","BRONX","10466","Closed","40.88710063680673","-73.8634913015326"
"70036874","2026-08-11T18:11:21.000",,"Air Quality","Other Air Problem","BROOKLYN","11207","In Progress","40.67551343701586","-73.89383616830281"
"70031587","2026-08-11T18:11:13.000",,"GENERAL","BELL/BUZZER/INTERCOM","BRONX","10458","Open","40.86273165180796","-73.89030885868529"
"70035742","2026-08-11T18:11:11.000","2026-08-11T18:11:11.000","Electrical","Electrical Wiring Defective/Exposed","MANHATTAN","10023","Open","40.77615837565653","-73.97792132384215"
"70029206","2026-08-11T18:11:05.000",,"Street Condition","Pothole","BROOKLYN","11205","Open",,
"70026546","2026-08-11T18:11:04.000","2026-08-11T18:11:00.000","Water Maintenance","Fire Hydrant Running","MANHATTAN","10009","Closed","40.72458246807068","-73.98157866336129"
"70030027","2026-08-11T18:11:03.000",,"PLUMBING","WATER SUPPLY","BROOKLYN","11226","Open","40.638333054651234","-73.95876950574346"
"70028394","2026-08-11T18:11:00.000",,"Street Light Condition","Multiple Street Lights Out","BROOKLYN","11201","Assigned","40.69750549609724","-73.98227495146025"
"70030668","2026-08-11T18:10:55.000",,"Residential Disposal Complaint","Trash or Recycling Not Secure","BROOKLYN","11217","In Progress","40.68110478220723","-73.97813306592545"
"70028946","2026-08-11T18:10:50.000","2026-08-11T20:25:19.000","Illegal Parking","Blocked Hydrant","QUEENS","11105","Closed","40.78483641708699","-73.91632841283246"
"70031238","2026-08-11T18:10:49.000","2026-08-11T18:42:42.000","Illegal Parking","Posted Parking Sign Violation","BROOKLYN","11201","Closed","40.70288646586719","-73.99438451108436"
"70037363","2026-08-11T18:10:48.000",,"Indoor Air Quality","Other (Explain Below)","BRONX","10458","In Progress","40.87279097816121","-73.88468773284526"
"70033193","2026-08-11T18:10:44.000","2026-08-11T18:10:44.000","Elevator","Elevator - Multiple Devices On Property","BRONX","10470","Open","40.898994888191034","-73.85571871543965"
"70036219","2026-08-11T18:10:44.000","2026-08-11T18:10:44.000","Plumbing","Gas Hook-Up/Piping - Illegal Or Defective","BROOKLYN","11223","Open","40.59647471152785","-73.97772147626671"
"70036500","2026-08-11T18:10:37.000","2026-08-11T19:04:28.000","Encampment","N/A","MANHATTAN","10016","Closed","40.744512614321316","-73.98494743828199"
"70034765","2026-08-11T18:10:35.000","2026-08-11T21:02:30.000","Illegal Parking","Paper License Plates","QUEENS","11419","Closed","40.69194929072182","-73.83367959856277"
"70030945","2026-08-11T18:10:29.000",,"Sewer Maintenance","Catch Basin Clogged","BROOKLYN","11239","In Progress","40.64883066794337","-73.88727666797378"
"70033565","2026-08-11T18:10:15.000",,"Dirty Condition","Trash","BROOKLYN","11238","In Progress","40.673625397959356","-73.95861790707879"
"70030655","2026-08-11T18:10:05.000",,"Dirty Condition","Trash","BROOKLYN","11211","In Progress","40.71416807936804","-73.95779914784396"
"70029795","2026-08-11T18:10:03.000",,"Food Establishment","Rodents/Insects/Garbage","BROOKLYN","11229","In Progress","40.59855833297433","-73.95895611051867"
"70028177","2026-08-11T18:09:57.000",,"Blocked Driveway","Partial Access","BROOKLYN","11218","In Progress","40.63656483509432","-73.97612276162617"
"70029071","2026-08-11T18:09:40.000",,"Obstruction","Weeds or Grass","BROOKLYN","11229","In Progress","40.59477179912472","-73.94851980835837"
"70032015","2026-08-11T18:09:35.000","2026-08-11T18:17:28.000","Noise - Street/Sidewalk","Loud Music/Party","MANHATTAN","10033","Closed","40.85015737013329","-73.93205286761592"
"70030174","2026-08-11T18:09:35.000",,"Broken Parking Meter","Out of Order","MANHATTAN","10036","In Progress","40.75803580627443","-73.98364492831385"
"70034059","2026-08-11T18:09:18.000","2026-08-11T19:39:00.000","Blocked Driveway","Partial Access","BROOKLYN","11204","Closed","40.61087641445618","-73.97649571502038"
"70030261","2026-08-11T18:08:39.000",,"Dead/Dying Tree","Planted More Than 2 Years Ago","QUEENS","11102","In Progress","40.77674967709134","-73.92313735291263"
"70029637","2026-08-11T18:08:17.000","2026-08-11T19:26:05.000","Noise - Residential","Loud Talking","BROOKLYN","11210","Closed","40.63828212364583","-73.94244021094882"
"70035108","2026-08-11T18:08:09.000",,"Dirty Condition","Trash","BRONX","10459","In Progress","40.82006697135099","-73.90146736357836"
"70035611","2026-08-11T18:08:07.000","2026-08-11T20:29:37.000","Noise - Residential","Banging/Pounding","BROOKLYN","11225","Closed","40.65737606978733","-73.95795401120309"
"70026705","2026-08-11T18:08:01.000","2026-08-11T19:39:35.000","Noise - Residential","Banging/Pounding","BROOKLYN","11229","Closed","40.60693123331097","-73.95501460563418"
"70032840","2026-08-11T18:08:00.000",,"Street Light Condition","Lamppost Wire Exposed","BROOKLYN","11201","Open","40.69754130493902","-73.9831188206051"
"70031417","2026-08-11T18:08:00.000",,"UNSANITARY CONDITION","PESTS","QUEENS","11691","Open","40.59365318642437","-73.77571883759819"
"70031520","2026-08-11T18:08:00.000",,"PAINT/PLASTER","WINDOW/FRAME","QUEENS","11691","Open","40.59365318642437","-73.77571883759819"
"70030065","2026-08-11T18:08:00.000",,"PAINT/PLASTER","CEILING","MANHATTAN","10001","Open","40.75397746680738","-73.99774053165719"
"70029014","2026-08-11T18:08:00.000","2026-08-11T20:32:41.000","Noise - Street/Sidewalk","Loud Music/Party","MANHATTAN","10033","Closed","40.84579658467251","-73.93790173780997"
"70037460","2026-08-11T18:08:00.000",,"UNSANITARY CONDITION","MOLD","QUEENS","11691","Open","40.59365318642437","-73.77571883759819"
"70036008","2026-08-11T18:08:00.000",,"PLUMBING","BATHTUB/SHOWER","MANHATTAN","10001","Open","40.75397746680738","-73.99774053165719"
"70037376","2026-08-11T18:08:00.000",,"APPLIANCE","REFRIGERATOR","QUEENS","11691","Open","40.59365318642437","-73.77571883759819"
"70035882","2026-08-11T18:08:00.000",,"HEAT/HOT WATER","APARTMENT ONLY","QUEENS","11691","Open","40.59365318642437","-73.77571883759819"
"70036128","2026-08-11T18:08:00.000",,"DOOR/WINDOW","DOOR","QUEENS","11691","Open","40.59365318642437","-73.77571883759819"
"70034149","2026-08-11T18:07:57.000","2026-08-11T18:41:57.000","Drinking","In Public","BROOKLYN","11232","Closed","40.645463163916645","-74.00034953990858"
"70033011","2026-08-11T18:07:51.000",,"PLUMBING","WATER SUPPLY","BROOKLYN","11208","Open","40.68179260701045","-73.87645862078716"
"70031307","2026-08-11T18:07:49.000",,"Curb Condition","Broken Curb","QUEENS","11416","In Progress","40.682534040494","-73.85774464210965"
"70029838","2026-08-11T18:07:44.000","2026-08-11T18:07:44.000","General Construction/Plumbing","Curb Cut/Driveway/Carport - Illegal","QUEENS","11420","Open","40.67481134426877","-73.81086602033535"
"70036218","2026-08-11T18:07:43.000","2026-08-11T18:07:43.000","Plumbing","Gas Hook-Up/Piping - Illegal Or Defective","BROOKLYN","11223","Open","40.59647471152785","-73.97772147626671"
"70027793","2026-08-11T18:07:28.000",,"Street Condition","Pothole","QUEENS","11379","Open","40.724625737841905","-73.88002669147664"
"70031102","2026-08-11T18:07:06.000","2026-08-11T18:10:39.000","Noise - Residential","Banging/Pounding","BROOKLYN","11214","Closed","40.60810108364675","-73.99938414563323"
"70029562","2026-08-11T18:06:49.000","2026-08-11T21:01:16.000","Noise - Street/Sidewalk","Loud Talking","BRONX","10462","Closed","40.85406097292663","-73.8666967669017"
"70035615","2026-08-11T18:06:49.000","2026-08-11T20:43:48.000","Illegal Parking","Blocked Sidewalk","BROOKLYN","11225","Closed","40.668829858022384","-73.95060748508675"
"70037815","2026-08-11T18:06:46.000","2026-08-11T19:53:13.000","Illegal Parking","Posted Parking Sign Violation","QUEENS","11385","Closed","40.7049722312723","-73.90886896382558"
"70028957","2026-08-11T18:06:30.000","2026-08-11T20:37:35.000","Illegal Parking","License Plate Obscured","STATEN ISLAND","10314","Closed","40.6105023824467","-74.14018580110573"
"70028154","2026-08-11T18:06:11.000","2026-08-11T19:17:22.000","Illegal Parking","Blocked Hydrant","BROOKLYN","11229","Closed","40.59411987573414","-73.95862757117067"
"70026647","2026-08-11T18:06:03.000","2026-08-11T18:32:51.000","Blocked Driveway","No Access","BRONX","10458","Closed","40.860520622125094","-73.8945386266884"
"70030262","2026-08-11T18:06:00.000",,"Dead/Dying Tree","Planted More Than 2 Years Ago","QUEENS","11102","In Progress","40.77674967709134","-73.92313735291263"
"70029645","2026-08-11T18:05:44.000","2026-08-11T19:38:57.000","Illegal Parking","Commercial Overnight Parking","BROOKLYN","11209","Closed","40.63100059563504","-74.03645235539604"
"70032014","2026-08-11T18:05:40.000","2026-08-11T20:15:11.000","Illegal Parking","Double Parked Blocking Traffic","MANHATTAN","10039","Closed","40.821729508095835","-73.93528667017341"
"70035651","2026-08-11T18:05:11.000","2026-08-11T18:41:57.000","Drinking","In Public","BROOKLYN","11232","Closed","40.64495537904649","-73.99974054967126"
"70033267","2026-08-11T18:05:04.000",,"Damaged Tree","Tree Alive - in Poor Condition","QUEENS","11372","In Progress","40.752984064302225","-73.8905725919108"
"70032349","2026-08-11T18:05:00.000",,"Hazardous Material","Oil Spill Large","QUEENS","11419","In Progress","40.692459749085316","-73.83363144657338"
"70032995","2026-08-11T18:04:59.000",,"UNSANITARY CONDITION","GARBAGE/RECYCLING STORAGE","BRONX","10458","Open","40.87279097816121","-73.88468773284526"
"70026916","2026-08-11T18:04:53.000","2026-08-11T18:04:53.000","Electrical","Electrical Wiring Defective/Exposed","MANHATTAN","10034","Open","40.861411961254646","-73.92117044356031"
"70036217","2026-08-11T18:04:42.000","2026-08-11T18:04:42.000","Plumbing","Gas Hook-Up/Piping - Illegal Or Defective","BROOKLYN","11223","Open","40.59647471152785","-73.97772147626671"
"70032417","2026-08-11T18:04:38.000",,"Sewer Maintenance","Catch Basin Clogged","BROOKLYN","11206","In Progress","40.701684002079695","-73.94883396996896"
"70031715","2026-08-11T18:04:34.000","2026-08-11T18:04:34.000","Plumbing","Gas Hook-Up/Piping - Illegal Or Defective","BROOKLYN","11223","Open","40.59647471152785","-73.97772147626671"
"70034919","2026-08-11T18:04:24.000","2026-08-11T19:07:31.000","Noise - Commercial","Banging/Pounding","QUEENS","11372","Closed","40.756871782232295","-73.87297694367003"
"70027526","2026-08-11T18:04:16.000","2026-08-11T18:55:24.000","Abandoned Vehicle","With License Plate","QUEENS","11355","Closed","40.7462042972576","-73.83506713158404"
"70026751","2026-08-11T18:04:10.000","2026-08-11T18:55:24.000","Animal-Abuse","Neglected","BROOKLYN","11203","Closed","40.65415865908565","-73.9335571309443"
"70032590","2026-08-11T18:04:09.000","2026-08-11T22:04:23.000","Illegal Parking","Blocked Sidewalk","BROOKLYN","11210","Closed","40.62825760305179","-73.94134646831843"
"70029507","2026-08-11T18:04:07.000","2026-08-11T20:32:39.000","Noise - Street/Sidewalk","Loud Talking","BRONX","10460","Closed","40.835504863783285","-73.88818185441696"
"70030172","2026-08-11T18:04:05.000","2026-08-11T19:52:05.000","Homeless Person Assistance","Non-Chronic","BROOKLYN","11212","Closed","40.66889978915303","-73.90468624692804"
"70032471","2026-08-11T18:03:50.000","2026-08-11T18:38:55.000","Drug Activity","Use Indoor","BRONX","10452","Closed","40.83810190786086","-73.91827438644238"
"70028248","2026-08-11T18:03:47.000","2026-08-11T20:46:03.000","Illegal Parking","License Plate Obscured","BROOKLYN","11208","Closed","40.681309120405295","-73.86865733347253"
"70036644","2026-08-11T18:03:39.000",,"Dirty Condition","Dog Waste","BRONX","10456","In Progress","40.83462253558307","-73.90185777468797"
"70028155","2026-08-11T18:03:21.000","2026-08-11T22:31:27.000","Illegal Parking","Blocked Hydrant","BROOKLYN","11229","Closed","40.592950444241126","-73.95822141992099"
"70036496","2026-08-11T18:03:12.000","2026-08-11T21:11:32.000","Noise - Commercial","Loud Talking","MANHATTAN","10016","Closed","40.74252227655336","-73.98218719127838"
"70026618","2026-08-11T18:03:00.000",,"Noise - Street/Sidewalk","Loud Music/Party","BRONX","10472","In Progress","40.825993164772385","-73.87878523385994"
"70030658","2026-08-11T18:02:58.000",,"Dirty Condition","Trash","BROOKLYN","11237","In Progress","40.6947048107401","-73.90639113589906"
"70035633","2026-08-11T18:02:56.000",,"Sidewalk Condition","Blocked - Construction","BROOKLYN","11217","In Progress","40.68586569803142","-73.98828151537542"
"70027358","2026-08-11T18:02:53.000",,"Wood Pile Remaining","Remove Debris","BROOKLYN","11215","In Progress","40.66417372968163","-73.98815916818432"
"70037949","2026-08-11T18:02:51.000","2026-08-11T21:00:53.000","Blocked Driveway","Partial Access","STATEN ISLAND","10312","Closed","40.54490614426812","-74.16556582392478"
"70033459","2026-08-11T18:02:30.000","2026-08-11T21:52:28.000","Noise - Street/Sidewalk","Loud Talking","MANHATTAN","10016","Closed","40.742481089622785","-73.98208615724498"
"70035459","2026-08-11T18:02:23.000","2026-08-11T19:35:51.000","Illegal Parking","Blocked Hydrant","BRONX","10465","Closed","40.82209205602904","-73.8378706680771"
"70034624","2026-08-11T18:02:06.000","2026-08-11T19:21:59.000","Homeless Person Assistance","Non-Chronic","MANHATTAN","10012","Closed","40.72368635200795","-73.99647524407254"
"70034586","2026-08-11T18:01:46.000",,"ELECTRIC","OUTLET/SWITCH","BROOKLYN","11207","Open","40.68102179726205","-73.89339835315747"
"70034581","2026-08-11T18:01:46.000",,"ELECTRIC","WIRING","BROOKLYN","11207","Open","40.68102179726205","-73.89339835315747"
"70035099","2026-08-11T18:01:43.000",,"Dirty Condition","Trash","BROOKLYN","11223","In Progress","40.60486018113993","-73.96681750400715"
"70027550","2026-08-11T18:01:40.000","2026-08-11T19:17:22.000","Blocked Driveway","Partial Access","QUEENS","11436","Closed","40.67825354381187","-73.80124096346286"
"70033636","2026-08-11T18:01:38.000",,"Dirty Condition","Trash","BROOKLYN","11237","In Progress","40.69541241297114","-73.90571938811222"
"70034259","2026-08-11T18:01:33.000","2026-08-11T18:01:33.000","General Construction/Plumbing","Vent/Exhaust - Illegal/Improper","BROOKLYN","11223","Open","40.59647471152785","-73.97772147626671"
"70031063","2026-08-11T18:01:20.000","2026-08-11T18:17:10.000","Encampment","N/A","MANHATTAN","10014","Closed","40.73874675702495","-74.005239613554"
"70028867","2026-08-11T18:01:17.000","2026-08-11T19:21:59.000","Blocked Driveway","No Access","QUEENS","11420","Closed","40.67025927043375","-73.80358270694559"
"70031304","2026-08-11T18:01:15.000",,"For Hire Vehicle Complaint","Car Service Company Complaint","QUEENS","11105","In Progress","40.76959078339452","-73.90737616454379"
"70035466","2026-08-11T18:01:13.000","2026-08-11T19:14:13.000","Noise - Residential","Banging/Pounding","BRONX","10468","Closed","40.86057803832132","-73.90046740161462"
"70036586","2026-08-11T18:01:07.000",,"Dirty Condition","Trash","BROOKLYN","11216","In Progress","40.67615869391187","-73.95127261766486"
"70037854","2026-08-11T18:01:06.000","2026-08-11T21:16:51.000","Illegal Parking","Blocked Crosswalk","QUEENS","11101","Closed","40.74851285032776","-73.95685346743461"
"70032613","2026-08-11T18:00:56.000","2026-08-11T18:55:23.000","Animal-Abuse","Neglected","BROOKLYN","11203","Closed","40.65415865908565","-73.9335571309443"
"70029442","2026-08-11T18:00:42.000","2026-08-11T18:01:00.000","Water Maintenance","Fire Hydrant Running Full","MANHATTAN","10033","Closed","40.85283523683768","-73.93043434325413"
"70029052","2026-08-11T18:00:40.000","2026-08-11T23:25:33.000","Encampment","N/A","MANHATTAN","10016","Closed","40.74449614676564","-73.98495465972411"
"70036494","2026-08-11T18:00:40.000","2026-08-11T21:34:18.000","Encampment","N/A","MANHATTAN","10016","Closed","40.74449614676564","-73.98495465972411"
"70030922","2026-08-11T18:00:38.000",,"Water Maintenance","Fire Hydrant Leaking","BRONX","10468","In Progress","40.872995497319195","-73.88892514012528"
"70033953","2026-08-11T18:00:37.000",,"Noise","Alarm","QUEENS","11104","In Progress","40.747245554347195","-73.91789862804245"
"70035472","2026-08-11T18:00:36.000","2026-08-11T20:02:23.000","Abandoned Vehicle","With License Plate","BRONX","10466","Closed","40.88955056392458","-73.84523258225722"
"70036302","2026-08-11T18:00:15.000","2026-08-11T18:21:14.000","Illegal Parking","Parking Permit Improper Use","MANHATTAN","10007","Closed","40.71411790421436","-74.00788537395715"
"70037652","2026-08-11T17:59:50.000","2026-08-11T19:28:00.000","Homeless Person Assistance","Non-Chronic","MANHATTAN","10011","Closed","40.73579899391634","-73.99796486824498"
"70034955","2026-08-11T17:59:38.000","2026-08-11T18:11:20.000","Illegal Parking","Blocked Bike Lane","MANHATTAN","10075","Closed","40.77251243188781","-73.95564649296037"
"70033289","2026-08-11T17:59:35.000","2026-08-11T23:24:31.000","Illegal Parking","Parking Permit Improper Use","MANHATTAN","10039","Closed","40.825448506246495","-73.9401970760901"
"70029544","2026-08-11T17:59:31.000","2026-08-11T21:13:00.000","Noise - Street/Sidewalk","Loud Music/Party","BRONX","10453","Closed","40.85302362533024","-73.91280862251332"
"70026960","2026-08-11T17:59:25.000",,"Curb Condition","Broken Curb","BROOKLYN","11218","In Progress","40.63630293674315","-73.97113628987486"
"70027780","2026-08-11T17:59:09.000","2026-08-11T19:07:29.000","Illegal Parking","Blocked Hydrant","QUEENS","11413","Closed","40.67639971973822","-73.74131744583633"
"70035639","2026-08-11T17:58:57.000",,"Street Condition","Defective Hardware","QUEENS","11375","In Progress","40.71739861988118","-73.8374002541401"
"70034834","2026-08-11T17:58:51.000","2026-08-11T18:10:47.000","Noise - Vehicle","Car/Truck Horn","QUEENS","11432","Closed","40.72039647858001","-73.79790454945179"
"70031314","2026-08-11T17:58:49.000",,"Consumer Complaint","Other Store (Non-Food)","MANHATTAN","10003","In Progress","40.731423305222016","-73.98855493963676"
"70031764","2026-08-11T17:58:43.000",,"Damaged Tree","Branch Cracked and Will Fall","QUEENS","11354","In Progress","40.77598044977096","-73.82110350414129"
"70038130","2026-08-11T17:58:42.000","2026-08-11T18:05:15.000","Vendor Enforcement","Food Vendor","MANHATTAN","10033","Closed","40.84988518920942","-73.93605809981746"
"70034020","2026-08-11T17:58:41.000","2026-08-11T20:53:39.000","Noise - Commercial","Loud Music/Party","MANHATTAN","10013","Closed","40.72032952514841","-73.99691554295998"
"70036888","2026-08-11T17:58:40.000",,"Water Maintenance","Fire Hydrant Running Full","BRONX","10457","In Progress","40.845295682644206","-73.90389135388232"
"70038001","2026-08-11T17:58:38.000","2026-08-11T20:35:42.000","Noise - Street/Sidewalk","Loud Music/Party","MANHATTAN","10033","Closed","40.84607959534005","-73.9384725444924"
"70026491","2026-08-11T17:58:35.000",,"Air Quality","Other Air Problem","BROOKLYN","11213","In Progress","40.67697806493646","-73.93722612946807"
"70037784","2026-08-11T17:58:32.000","2026-08-11T18:41:57.000","Illegal Parking","Unauthorized Bus Layover","QUEENS","11693","Closed","40.58491823829745","-73.81527168586133"
"70026329","2026-08-11T17:58:32.000","2026-08-11T17:58:32.000","Special Projects Inspection Team (SPIT)","Sign/Awning/Marquee - Illegal/No Permit","MANHATTAN","10019","Open","40.77002844065409","-73.9916206230453"
"70032043","2026-08-11T17:58:31.000",,"Residential Disposal Complaint","Bin Not Used","BRONX","10469","In Progress","40.87509673144532","-73.85781358720917"
"70032969","2026-08-11T17:58:30.000",,"UNSANITARY CONDITION","MOLD","QUEENS","11432","Open","40.71406830587671","-73.79092572379713"
"70028651","2026-08-11T17:58:29.000",,"DOOR/WINDOW","WINDOW PANE","BROOKLYN","11216","Open","40.67615869391187","-73.95127261766486"
"70033139","2026-08-11T17:58:29.000",,"DOOR/WINDOW","WINDOW FRAME","BROOKLYN","11216","Open","40.67615869391187","-73.95127261766486"
"70028428","2026-08-11T17:58:29.000",,"DOOR/WINDOW","WINDOW FRAME","BROOKLYN","11216","Open","40.67615869391187","-73.95127261766486"
"70035967","2026-08-11T17:58:29.000",,"UNSANITARY CONDITION","MOLD","BROOKLYN","11216","Open","40.67615869391187","-73.95127261766486"
"70028496","2026-08-11T17:58:23.000",,"UNSANITARY CONDITION","MOLD","BROOKLYN","11233","Open","40.68422900517997","-73.91472396298526"
"70029935","2026-08-11T17:58:22.000",,"WATER LEAK","DAMP SPOT","MANHATTAN","10065","Open","40.762268955963556","-73.9631436992251"
"70037554","2026-08-11T17:58:22.000",,"GENERAL","COOKING GAS","BRONX","10453","Open","40.85328343492011","-73.9152337892205"
"70032322","2026-08-11T17:58:12.000","2026-08-11T17:58:12.000","General Construction/Plumbing","Building Permit - None","QUEENS","11422","Open","40.67695821236815","-73.73584976293441"
"70032306","2026-08-11T17:58:09.000","2026-08-11T17:58:09.000","Special Projects Inspection Team (SPIT)","Privately Owned Public Space/Non-Compliance","BRONX","10463","Open","40.88272224707125","-73.90371067700804"
"70027834","2026-08-11T17:58:08.000","2026-08-11T17:58:08.000","Special Projects Inspection Team (SPIT)","Sign/Awning/Marquee - Illegal/No Permit","BROOKLYN","11223","Open","40.59647471152785","-73.97772147626671"
"70032047","2026-08-11T17:57:48.000",,"Dead Animal","Bird","MANHATTAN","10031","In Progress","40.82201832072233","-73.95366966707017"
"70032637","2026-08-11T17:57:39.000","2026-08-11T20:29:00.000","Noise - Residential","Banging/Pounding","BROOKLYN","11226","Closed","40.653488517173436","-73.9632146069062"
"70030266","2026-08-11T17:57:39.000",,"Damaged Tree","Tree Alive - in Poor Condition","QUEENS","11105","In Progress","40.7826507306064","-73.91512871962698"
"70036327","2026-08-11T17:57:27.000","2026-08-11T21:44:17.000","Illegal Parking","Commercial Overnight Parking","QUEENS","11418","Closed","40.702089450516056","-73.82689197826042"
"70038138","2026-08-11T17:57:26.000",,"Cannabis Retailer","Sales to Minors Under 21","MANHATTAN","10016","In Progress","40.74391340615594","-73.97943328265303"
"70030383","2026-08-11T17:57:23.000","2026-08-11T18:10:47.000","Noise - Vehicle","Car/Truck Horn","QUEENS","11432","Closed","40.71724956934783","-73.80343340538089"
"70030903","2026-08-11T17:57:09.000",,"Water Maintenance","Fire Hydrant Running Full","MANHATTAN","10031","In Progress","40.82731806492173","-73.94661993813709"
"70032586","2026-08-11T17:57:03.000","2026-08-11T19:38:22.000","Illegal Parking","Blocked Hydrant","BROOKLYN","11204","Closed","40.61232984238062","-73.98505648162815"
"70029697","2026-08-11T17:56:52.000",,"Sidewalk Condition","Blocked - Construction","MANHATTAN","10026","In Progress","40.80066400296945","-73.94646071704003"
"70028858","2026-08-11T17:56:51.000","2026-08-11T19:29:33.000","Abandoned Vehicle","With License Plate","QUEENS","11427","Closed","40.727315861250595","-73.74899233783245"
"70028774","2026-08-11T17:56:48.000",,"Damaged Tree","Branch or Limb Has Fallen Down","QUEENS","11369","In Progress","40.761213058098605","-73.8603308575139"
"70032140","2026-08-11T17:56:46.000",,"Residential Disposal Complaint","Waste Left in Front of Other Residence","STATEN ISLAND","10309","In Progress","40.54016442841341","-74.20551162549401"
"70033480","2026-08-11T17:56:46.000","2026-08-11T18:35:38.000","Illegal Parking","Blocked Bike Lane","MANHATTAN","10075","Closed","40.77247106232816","-73.95513384695751"
"70027509","2026-08-11T17:56:35.000","2026-08-11T18:15:25.000","Illegal Parking","Blocked Crosswalk","QUEENS","11101","Closed","40.745945999814005","-73.95551260426583"
"70029722","2026-08-11T17:56:35.000","2026-08-11T18:48:59.000","Blocked Driveway","No Access","BROOKLYN","11208","Closed","40.67943503804126","-73.86918379934122"
"70026927","2026-08-11T17:56:22.000",,"Mobile Food Vendor","Food Source/Protection","MANHATTAN","10033","In Progress","40.84988518920942","-73.93605809981746"
"70034786","2026-08-11T17:56:20.000","2026-08-11T19:07:30.000","Noise - Residential","Loud Music/Party","QUEENS","11433","Closed","40.702692828566434","-73.78144355992397"
"70029116","2026-08-11T17:55:51.000",,"Missed Collection","Bulky Recycling","BROOKLYN","11211","In Progress","40.71492692476669","-73.94758290647788"
"70027269","2026-08-11T17:55:21.000",,"DOOR/WINDOW","DOOR","QUEENS","11432","Open","40.71406830587671","-73.79092572379713"
"70027262","2026-08-11T17:55:21.000",,"DOOR/WINDOW","WINDOW FRAME","QUEENS","11432","Open","40.71406830587671","-73.79092572379713"
"70034577","2026-08-11T17:55:21.000",,"FLOORING/STAIRS","FLOOR","QUEENS","11432","Open","40.71406830587671","-73.79092572379713"
"70028526","2026-08-11T17:55:21.000",,"SAFETY","SMOKE DETECTOR","QUEENS","11432","Open","40.71406830587671","-73.79092572379713"
"70031607","2026-08-11T17:55:21.000",,"ELECTRIC","OUTLET/SWITCH","MANHATTAN","10035","Open","40.80550694791084","-73.93799712086526"
"70031531","2026-08-11T17:55:21.000",,"PAINT/PLASTER","WALL","QUEENS","11432","Open","40.71406830587671","-73.79092572379713"
"70029948","2026-08-11T17:55:21.000",,"UNSANITARY CONDITION","PESTS","QUEENS","11432","Open","40.71406830587671","-73.79092572379713"
"70035902","2026-08-11T17:55:21.000",,"WATER LEAK","HEAVY FLOW","QUEENS","11432","Open","40.71406830587671","-73.79092572379713"
"70037430","2026-08-11T17:55:21.000",,"UNSANITARY CONDITION","PESTS","QUEENS","11432","Open","40.71406830587671","-73.79092572379713"
"70032585","2026-08-11T17:55:19.000","2026-08-11T19:38:34.000","Illegal Parking","Blocked Hydrant","BROOKLYN","11204","Closed","40.61259888937967","-73.98550303594995"
"70032994","2026-08-11T17:55:11.000",,"UNSANITARY CONDITION","GARBAGE/RECYCLING STORAGE","BROOKLYN","11232","Open","40.65117773444735","-74.00398581703162"
"70037463","2026-08-11T17:55:11.000",,"UNSANITARY CONDITION","GARBAGE/RECYCLING STORAGE","BROOKLYN","11232","Open","40.65117773444735","-74.00398581703162"
"70028441","2026-08-11T17:55:09.000",,"WATER LEAK","SLOW LEAK","QUEENS","11104","Open","40.744406450684544","-73.92033810547717"
"70029363","2026-08-11T17:55:07.000","2026-08-11T17:55:07.000","Building/Use","Illegal Conversion Of Residential Building/Space","QUEENS","11354","Open","40.775985849889096","-73.82282212319369"
"70030749","2026-08-11T17:55:07.000","2026-08-11T17:55:07.000","Special Projects Inspection Team (SPIT)","Sign/Awning/Marquee - Illegal/No Permit","BROOKLYN","11223","Open","40.59647471152785","-73.97772147626671"
"70036915","2026-08-11T17:55:07.000",,"Water Maintenance","Fire Hydrant Running","QUEENS","11373","In Progress","40.73911404167521","-73.88974013991411"
"70036713","2026-08-11T17:55:00.000",,"Traffic Signal Condition","Veh Signal Lamp","QUEENS","11372","Open","40.74734262034576","-73.88671660027961"
"70027430","2026-08-11T17:54:43.000","2026-08-11T23:25:41.000","Illegal Parking","Parking Permit Improper Use","MANHATTAN","10039","Closed","40.82542371937508","-73.94003450208922"
"70031866","2026-08-11T17:54:42.000","2026-08-11T18:10:48.000","Noise - Vehicle","Car/Truck Horn","QUEENS","11365","Closed","40.73009934988612","-73.81090754397326"
"70032145","2026-08-11T17:54:42.000",,"Cannabis Retailer","Sales to Minors Under 21","MANHATTAN","10016","In Progress","40.74691300594403","-73.97724530764953"
"70033166","2026-08-11T17:54:29.000","2026-08-12T00:16:53.000","Homeless Person Assistance","Non-Chronic","MANHATTAN",,"Closed","40.76473197473485","-73.96636241829795"
"70029446","2026-08-11T17:54:24.000","2026-08-11T18:08:00.000","Water Maintenance","Fire Hydrant Running Full","BROOKLYN","11222","Closed","40.71913156755383","-73.946861709553"
"70036650","2026-08-11T17:54:23.000","2026-08-11T18:05:10.000","Vendor Enforcement","Food Vendor","BROOKLYN","11208","Closed","40.67571077368222","-73.87197787959688"
"70031047","2026-08-11T17:54:19.000","2026-08-11T19:36:17.000","Illegal Parking","Double Parked Blocking Traffic","MANHATTAN","10002","Closed","40.71157913806931","-73.99449559819786"
"70034030","2026-08-11T17:54:16.000","2026-08-11T18:45:52.000","Encampment","N/A","BRONX","10468","Closed","40.86495046713436","-73.90060908876107"
"70028233","2026-08-11T17:54:07.000",,"Street Condition","Cave-in","QUEENS","11366","In Progress","40.72897205118905","-73.7968719019023"
"70037224","2026-08-11T17:54:04.000","2026-08-11T18:49:21.000","Illegal Parking","Posted Parking Sign Violation","BROOKLYN","11201","Closed","40.702535111116795","-73.99389765114334"
"70034664","2026-08-11T17:54:00.000",,"Rodent","Rat Sighting","BROOKLYN","11232","In Progress","40.65104050949406","-74.00355335217864"
"70032491","2026-08-11T17:53:59.000","2026-08-11T20:47:12.000","Noise - Street/Sidewalk","Loud Music/Party","BRONX","10453","Closed","40.84841624607351","-73.91411588203465"
"70034073","2026-08-11T17:53:31.000","2026-08-11T19:21:50.000","Drinking","In Public","BROOKLYN","11232","Closed","40.64487303562828","-73.9997982055489"
"70030359","2026-08-11T17:53:23.000","2026-08-11T19:21:49.000","Illegal Parking","Blocked Hydrant","QUEENS","11427","Closed","40.72461505159505","-73.74650591341528"
"70030213","2026-08-11T17:53:21.000",,"Unsanitary Pigeon Condition","Pigeon Waste","BROOKLYN","11232","In Progress","40.65104050949406","-74.00355335217864"
"70038117","2026-08-11T17:53:15.000",,"Dirty Condition","Trash","BRONX","10459","In Progress","40.82386285521093","-73.89823518437426"
"70029617","2026-08-11T17:53:09.000","2026-08-11T21:21:46.000","Illegal Parking","Blocked Hydrant","BROOKLYN","11214","Closed","40.604090714413765","-74.00718093476581"
"70029187","2026-08-11T17:53:04.000","2026-08-11T18:05:10.000","Vendor Enforcement","Food Vendor","MANHATTAN","10033","Closed","40.84988518920942","-73.93605809981746"
"70034668","2026-08-11T17:52:55.000",,"Rodent","Rat Sighting","BROOKLYN","11205","In Progress","40.69532807217482","-73.96630367293811"
"70029072","2026-08-11T17:52:51.000",,"Obstruction","Weeds or Grass","QUEENS","11416","In Progress","40.68518342735605","-73.8414630589635"
"70037888","2026-08-11T17:52:47.000","2026-08-11T20:32:37.000","Illegal Parking","Blocked Sidewalk","QUEENS","11361","Closed","40.769472034035545","-73.77389564984051"
"70027792","2026-08-11T17:52:39.000",,"Street Condition","Pothole","QUEENS","11417","Open","40.68423999761535","-73.83807603257065"
"70033277","2026-08-11T17:52:35.000",,"Dead/Dying Tree","Planted More Than 2 Years Ago","STATEN ISLAND","10312","In Progress","40.56146128694882","-74.17405725694907"
"70034139","2026-08-11T17:52:21.000",,"Street Condition","Blocked - Construction","QUEENS","11426","In Progress","40.735492125033055","-73.72594362219863"
"70035767","2026-08-11T17:52:17.000",,"For Hire Vehicle Complaint","Driver Complaint - Non Passenger","BRONX","10454","In Progress","40.808016699787196","-73.9302680607421"
"70036381","2026-08-11T17:52:13.000","2026-08-11T18:10:47.000","Noise - Vehicle","Car/Truck Horn","QUEENS","11432","Closed","40.71724956934783","-73.80343340538089"
"70027129","2026-08-11T17:52:08.000",,"UNSANITARY CONDITION","MOLD","QUEENS","11104","Open","40.744406450684544","-73.92033810547717"
"70031217","2026-08-11T17:52:08.000","2026-08-11T18:49:32.000","Illegal Parking","Double Parked Blocking Traffic","BROOKLYN","11208","Closed","40.68241293283679","-73.86901931541523"
"70026917","2026-08-11T17:52:06.000","2026-08-11T17:52:06.000","Electrical","Electrical Wiring Defective/Exposed","BROOKLYN","11223","Open","40.59647471152785","-73.97772147626671"
"70033191","2026-08-11T17:52:06.000","2026-08-11T17:52:06.000","Elevator","Elevator - Multiple Devices On Property","BROOKLYN","11207","Open","40.66559147463364","-73.88567313530343"
"70037249","2026-08-11T17:52:06.000","2026-08-11T17:52:06.000","Electrical","Electrical Wiring Defective/Exposed","QUEENS","11372","Open","40.75372397565963","-73.87335832001948"
"70037860","2026-08-11T17:52:02.000","2026-08-11T20:57:51.000","Illegal Parking","Blocked Sidewalk","QUEENS","11101","Closed","40.74311637505655","-73.95606663802941"
"70027230","2026-08-11T17:51:55.000",,"GENERAL","COOKING GAS","BRONX","10453","Open","40.85328343492011","-73.9152337892205"
"70031888","2026-08-11T17:51:49.000","2026-08-11T18:16:47.000","Blocked Driveway","No Access","QUEENS","11356","Closed","40.79273898893393","-73.84722727184378"
"70034102","2026-08-11T17:51:43.000","2026-08-11T19:45:35.000","Noise - Residential","Loud Music/Party","BROOKLYN","11213","Closed","40.665997050865876","-73.92921259175424"
"70028723","2026-08-11T17:51:20.000",,"Overgrown Tree/Branches","Hitting Building","BRONX","10466","In Progress","40.89376729129612","-73.84589552087728"
"70027527","2026-08-11T17:51:12.000","2026-08-11T19:53:12.000","Noise - Street/Sidewalk","Loud Talking","QUEENS","11358","Closed","40.7616868150021","-73.80320118757952"
"70031718","2026-08-11T17:51:11.000",,"Root/Sewer/Sidewalk Condition","Trees and Sidewalks Program","BRONX","10466","In Progress","40.89376729129612","-73.84589552087728"
"70034280","2026-08-11T17:51:08.000",,"Consumer Complaint","Home Improvement Contractor","QUEENS","11369","In Progress","40.76140135767463","-73.87117424445783"
"70034001","2026-08-11T17:51:05.000","2026-08-11T20:02:02.000","Abandoned Vehicle","With License Plate","BRONX","10466","Closed","40.88955056392458","-73.84523258225722"
"70028683","2026-08-11T17:49:44.000","2026-08-11T20:58:17.000","Homeless Person Assistance","Non-Chronic","QUEENS","11428","Closed","40.71659236651758","-73.74291823901572"
"70028290","2026-08-11T17:49:25.000","2026-08-11T18:55:28.000","Illegal Parking","Posted Parking Sign Violation","BROOKLYN","11201","Closed","40.70380846430779","-73.99065154232788"
"70032006","2026-08-11T17:49:22.000","2026-08-11T19:38:56.000","Illegal Parking","Double Parked Blocking Traffic","MANHATTAN","10027","Closed","40.807381718361576","-73.94950045784876"
"70029199","2026-08-11T17:49:17.000",,"Cannabis Retailer","Unlicensed","MANHATTAN","10016","In Progress","40.74391340615594","-73.97943328265303"
"70026679","2026-08-11T17:49:17.000","2026-08-11T17:58:19.000","Illegal Parking","Posted Parking Sign Violation","BRONX","10468","Closed","40.870857338454016","-73.89779084451898"
"70034043","2026-08-11T17:49:07.000","2026-08-11T20:22:12.000","Illegal Parking","Parking Permit Improper Use","BROOKLYN","11235","Closed","40.585689379879035","-73.94880043087157"
"70030193","2026-08-11T17:49:05.000","2026-08-11T17:49:05.000","Elevator","Elevator - Multiple Devices On Property","QUEENS","11101","Open","40.7529437988504","-73.9404570707314"
"70030803","2026-08-11T17:49:05.000","2026-08-11T17:49:05.000","Real Time Enforcement","Work Without A Permit - Occupied Multiple Dwelling","BROOKLYN","11223","Open","40.59647471152785","-73.97772147626671"
"70034623","2026-08-11T17:49:02.000","2026-08-11T18:21:49.000","Homeless Person Assistance","Non-Chronic","MANHATTAN","10002","Closed","40.71828180623328","-73.99374830429952"
"70027279","2026-08-11T17:48:51.000",,"APPLIANCE","ELECTRIC/GAS RANGE","BROOKLYN","11216","Open","40.67615869391187","-73.95127261766486"
"70034609","2026-08-11T17:48:51.000",,"APPLIANCE","ELECTRIC/GAS RANGE","BROOKLYN","11216","Open","40.67615869391187","-73.95127261766486"
"70033133","2026-08-11T17:48:51.000",,"ELECTRIC","LIGHTING","BROOKLYN","11216","Open","40.67615869391187","-73.95127261766486"
"70029901","2026-08-11T17:48:51.000",,"APPLIANCE","REFRIGERATOR","BROOKLYN","11216","Open","40.67615869391187","-73.95127261766486"
"70030017","2026-08-11T17:48:51.000",,"SAFETY","SMOKE DETECTOR","BROOKLYN","11216","Open","40.67615869391187","-73.95127261766486"
"70033151","2026-08-11T17:48:51.000",,"DOOR/WINDOW","DOOR","BROOKLYN","11216","Open","40.67615869391187","-73.95127261766486"
"70035986","2026-08-11T17:48:51.000",,"SAFETY","CARBON MONOXIDE DETECTOR","BROOKLYN","11216","Open","40.67615869391187","-73.95127261766486"
"70030090","2026-08-11T17:48:50.000",,"GENERAL","VENTILATION SYSTEM","MANHATTAN","10029","Open","40.793821746748584","-73.94722464211642"
"70035105","2026-08-11T17:48:42.000",,"Dirty Condition","Trash","BROOKLYN","11208","In Progress","40.67723284394943","-73.86840939045801"
"70030375","2026-08-11T17:48:34.000","2026-08-11T19:07:29.000","Illegal Parking","Blocked Hydrant","QUEENS","11417","Closed","40.68268128917393","-73.83830696526469"
"70038111","2026-08-11T17:48:13.000",,"Dirty Condition","Trash","QUEENS","11416","In Progress","40.68562769177263","-73.84118075963607"
"70031707","2026-08-11T17:48:11.000",,"Rodent","Condition Attracting Rodents","BRONX","10463","In Progress","40.87867637164252","-73.91763508105447"
"70033214","2026-08-11T17:48:02.000",,"Rodent","Rat Sighting","BROOKLYN","11205","In Progress","40.693958632543115","-73.96699313500875"
"70031758","2026-08-11T17:48:00.000",,"Damaged Tree","Tree Alive - in Poor Condition","QUEENS","11417","In Progress","40.68160586379659","-73.84264694508443"
"70034723","2026-08-11T17:47:58.000",,"Damaged Tree","Tree Alive - in Poor Condition","QUEENS","11361","In Progress","40.76289767650145","-73.76131230053964"
"70032412","2026-08-11T17:47:45.000",,"Sewer Maintenance","Flooding on Street","BROOKLYN","11225","In Progress","40.6567112832873","-73.95647674418453"
"70027723","2026-08-11T17:47:38.000",,"Litter Basket Request","New Basket","BROOKLYN","11212","In Progress","40.674176724806046","-73.90648123438116"
"70029569","2026-08-11T17:47:37.000","2026-08-11T21:02:58.000","Noise - Vehicle","Engine Idling","MANHATTAN","10002","Closed","40.71948672201727","-73.99315656021322"
"70032666","2026-08-11T17:46:55.000",,"Street Condition","Cave-in","QUEENS","11412","In Progress","40.6936477027091","-73.75890610558403"
"70029603","2026-08-11T17:46:53.000",,"Blocked Driveway","No Access","BROOKLYN","11229","In Progress","40.60621147163309","-73.96080251793254"
"70030440","2026-08-11T17:46:51.000","2026-08-11T23:01:21.000","Illegal Parking","Posted Parking Sign Violation","QUEENS","11106","Closed","40.75803110620819","-73.92827374950976"
"70034588","2026-08-11T17:46:27.000",,"ELECTRIC","OUTLET/SWITCH","BRONX","10453","Open","40.849340697752865","-73.91342792378171"
"70028081","2026-08-11T17:46:26.000","2026-08-11T20:14:36.000","Illegal Parking","Blocked Sidewalk","BRONX","10461","Closed","40.84796532789371","-73.83131599824047"
"70031067","2026-08-11T17:46:24.000","2026-08-11T19:09:26.000","Illegal Parking","Posted Parking Sign Violation","BROOKLYN","11224","Closed","40.579782078859175","-73.98549575922934"
"70035687","2026-08-11T17:46:13.000","2026-08-11T18:38:56.000","Illegal Parking","Blocked Crosswalk","BROOKLYN","11216","Closed","40.68815181005619","-73.94775900442599"
"70034871","2026-08-11T17:46:06.000","2026-08-11T19:14:13.000","Illegal Parking","Blocked Hydrant","QUEENS","11377","Closed","40.74502101951681","-73.89293505987077"
"70027939","2026-08-11T17:46:04.000","2026-08-11T17:46:04.000","General Construction/Plumbing","Building Permit - None","BROOKLYN","11223","Open","40.59480929917783","-73.96884253114678"
"70032974","2026-08-11T17:46:01.000",,"UNSANITARY CONDITION","MOLD","BRONX","10457","Open","40.84616793092962","-73.9065394332204"
"70026866","2026-08-11T17:45:33.000","2026-08-11T19:42:09.000","Illegal Parking","Blocked Bike Lane","BROOKLYN","11215","Closed","40.66697065765236","-73.98815146233859"
"70027801","2026-08-11T17:45:25.000","2026-08-11T17:45:25.000","Street Condition","Pothole","QUEENS","11385","Closed",,
"70037078","2026-08-11T17:45:25.000","2026-08-11T19:38:05.000","Illegal Parking","Blocked Hydrant","BROOKLYN","11204","Closed","40.61232984238062","-73.98505648162815"
"70037811","2026-08-11T17:45:23.000","2026-08-11T18:33:54.000","Blocked Driveway","No Access","QUEENS","11379","Closed","40.71051893600489","-73.87862730705258"
"70027340","2026-08-11T17:45:19.000",,"Rodent","Rat Sighting","BROOKLYN","11205","In Progress","40.6930195882219","-73.96585047419478"
"70033492","2026-08-11T17:45:15.000","2026-08-11T18:09:16.000","Illegal Parking","Posted Parking Sign Violation","MANHATTAN","10000","Closed","40.7823693296991","-73.96523773584458"
"70029094","2026-08-11T17:45:09.000",,"Missed Collection","Compost","STATEN ISLAND","10306","In Progress","40.58138623561268","-74.13265097992557"
"70032847","2026-08-11T17:45:00.000",,"Street Light Condition","Fixture/Luminaire Damaged","BRONX","10461","Open","40.83868566484568","-73.82774362029856"
"70031836","2026-08-11T17:44:57.000","2026-08-11T19:45:32.000","Abandoned Vehicle","With License Plate","QUEENS","11378","Closed","40.72436819979294","-73.9039322621194"
"70029455","2026-08-11T17:44:45.000",,"Water Maintenance","Fire Hydrant Running","BROOKLYN","11216","In Progress","40.68196879328704","-73.9499055017563"
"70026764","2026-08-11T17:44:21.000","2026-08-11T20:10:34.000","Blocked Driveway","No Access","BROOKLYN","11236","Closed","40.636981169350896","-73.90864474749725"
"70034638","2026-08-11T17:44:13.000","2026-08-11T20:07:08.000","Homeless Person Assistance","Non-Chronic","QUEENS","11377","Closed","40.757953553350575","-73.89819149670132"
"70032825","2026-08-11T17:44:11.000",,"Sidewalk Condition","Broken Sidewalk","MANHATTAN","10003","In Progress","40.73609748034625","-73.98721541820298"
"70035717","2026-08-11T17:44:01.000","2026-08-11T19:00:24.000","Illegal Parking","Posted Parking Sign Violation","BROOKLYN","11201","Closed","40.70340214513912","-73.98955878857268"
"70034198","2026-08-11T17:43:50.000","2026-08-11T19:17:20.000","Drinking","In Public","BROOKLYN","11217","Closed","40.682688766861304","-73.97949543152424"
"70033889","2026-08-11T17:43:40.000",,"Water Maintenance","Fire Hydrant Running Full","BRONX","10461","In Progress","40.85142320137532","-73.82729494635362"
"70031818","2026-08-11T17:43:34.000","2026-08-11T18:36:40.000","Illegal Parking","Blocked Sidewalk","QUEENS","11416","Closed","40.68161365586781","-73.85925729420981"
"70035160","2026-08-11T17:43:32.000",,"Street Condition","Pothole","QUEENS","11385","Open",,
"70027533","2026-08-11T17:43:26.000","2026-08-11T18:13:09.000","Blocked Driveway","No Access","QUEENS","11355","Closed","40.75610159109334","-73.82375573040035"
"70028269","2026-08-11T17:42:59.000","2026-08-11T19:14:15.000","Illegal Parking","Blocked Bike Lane","BROOKLYN","11215","Closed","40.66822765282249","-73.98710226141864"
"70035389","2026-08-11T17:42:57.000","2026-08-11T17:43:00.000","Water Maintenance","Fire Hydrant Running","MANHATTAN","10009","Closed","40.724491899722686","-73.98163280505841"
"70030063","2026-08-11T17:42:48.000",,"PAINT/PLASTER","CEILING","MANHATTAN","10025","Open","40.80097862300293","-73.9653002560963"
"70034379","2026-08-11T17:42:48.000",,"WATER LEAK","HEAVY FLOW","MANHATTAN","10025","Open","40.80097862300293","-73.9653002560963"
"70031555","2026-08-11T17:42:37.000",,"HEAT/HOT WATER","ENTIRE BUILDING","MANHATTAN","10028","Open","40.77490484005853","-73.94679193094966"
"70032934","2026-08-11T17:42:36.000",,"UNSANITARY CONDITION","PESTS","QUEENS","11102","Open","40.77569903548364","-73.93287261627808"
"70035930","2026-08-11T17:42:35.000",,"UNSANITARY CONDITION","PESTS","QUEENS","11105","Open","40.779098331946315","-73.90709213418204"
"70028237","2026-08-11T17:42:19.000",,"Sidewalk Condition","Blocked - Construction","QUEENS","11385","In Progress","40.69680247322488","-73.90062895955768"
"70028283","2026-08-11T17:42:18.000","2026-08-11T18:49:20.000","Illegal Parking","Blocked Crosswalk","BROOKLYN","11201","Closed","40.70073424824792","-73.98972871152452"
"70037006","2026-08-11T17:42:16.000","2026-08-11T20:01:42.000","Abandoned Vehicle","With License Plate","BRONX","10466","Closed","40.889629259116916","-73.84053786350493"
"70027625","2026-08-11T17:42:13.000","2026-08-11T18:35:53.000","Noise - Residential","Loud Music/Party","MANHATTAN","10024","Closed","40.78889811647675","-73.97187544832013"
"70035040","2026-08-11T17:41:57.000",,"Dirty Condition","Trash","BRONX","10463","In Progress","40.88272224707125","-73.90371067700804"
"70029417","2026-08-11T17:41:50.000","2026-08-11T17:52:00.000","Water Maintenance","Water Main Break","BROOKLYN","11236","Closed","40.650493018464644","-73.8979770817477"
"70033353","2026-08-11T17:41:48.000","2026-08-11T19:07:29.000","Animal-Abuse","Tortured","QUEENS","11420","Closed","40.6755895502784","-73.81512508912775"
"70027963","2026-08-11T17:41:42.000",,"Lead","Lead Kit","QUEENS","11356","In Progress","40.791314060305936","-73.84083835612762"
"70031162","2026-08-11T17:41:34.000","2026-08-11T20:43:41.000","Blocked Driveway","Partial Access","BROOKLYN","11225","Closed","40.664874075465534","-73.95599561699542"
"70030542","2026-08-11T17:41:33.000",,"Maintenance or Facility","Grass/Weeds","BROOKLYN","11221","In Progress","40.6912736057036","-73.93369683920483"
"70030248","2026-08-11T17:41:27.000",,"Damaged Tree","Branch or Limb Has Fallen Down","MANHATTAN","10000","In Progress","40.7823693296991","-73.96523773584458"
"70028094","2026-08-11T17:41:25.000","2026-08-11T19:56:15.000","Non-Emergency Police Matter","Other (complaint details)","BRONX","10469","Closed","40.87768907297064","-73.84196954560028"
"70037231","2026-08-11T17:41:21.000","2026-08-11T21:37:32.000","Illegal Parking","Blocked Sidewalk","MANHATTAN","10009","Closed","40.72463092753194","-73.97639426285906"
"70034078","2026-08-11T17:41:16.000","2026-08-11T19:38:57.000","Abandoned Vehicle","With License Plate","BROOKLYN","11226","Closed","40.64256820428341","-73.95158541555024"
"70026911","2026-08-11T17:41:05.000",,"Blocked Driveway","No Access","BROOKLYN","11222","In Progress","40.719654270408235","-73.94361092066356"
"70035047","2026-08-11T17:40:56.000",,"Obstruction","Cone","BROOKLYN","11218","In Progress","40.641185901546635","-73.98570941833003"
"70037681","2026-08-11T17:40:56.000",,"Rodent","Rat Sighting","BROOKLYN","11205","In Progress","40.69351074760633","-73.96533455014723"
"70037842","2026-08-11T17:40:54.000","2026-08-11T18:39:10.000","Illegal Parking","Blocked Hydrant","QUEENS","11417","Closed","40.68268128917393","-73.83830696526469"
"70033467","2026-08-11T17:40:34.000","2026-08-11T19:00:23.000","Noise - Street/Sidewalk","Loud Music/Party","MANHATTAN","10118","Closed","40.748275631499276","-73.98469034437947"
"70028315","2026-08-11T17:40:33.000","2026-08-12T00:27:39.000","Illegal Parking","Posted Parking Sign Violation","BROOKLYN","11222","Closed","40.72734114197365","-73.94686598710646"
"70027694","2026-08-11T17:40:26.000",,"Dirty Condition","Dirt or Gravel","QUEENS","11420","In Progress","40.67309007009279","-73.8025217084367"
"70035138","2026-08-11T17:40:25.000",,"Dirty Condition","Trash","QUEENS","11103","In Progress","40.756280605364836","-73.91325289282614"
"70026528","2026-08-11T17:40:16.000","2026-08-11T17:40:00.000","Water Maintenance","Fire Hydrant Running Full","MANHATTAN","10016","Closed","40.74524269734116","-73.98479209057659"
"70031348","2026-08-11T17:40:16.000",,"Street Sign - Damaged","Other/Unknown","BRONX","10461","In Progress","40.84603040051583","-73.8492229047689"
"70035713","2026-08-11T17:40:09.000","2026-08-11T18:52:21.000","Illegal Parking","Posted Parking Sign Violation","BROOKLYN","11201","Closed","40.70067660751675","-73.98972150742786"
"70026801","2026-08-11T17:40:06.000",,"Street Condition","Cave-in","BROOKLYN","11223","In Progress","40.605358153344824","-73.96173216462414"
"70027357","2026-08-11T17:40:05.000",,"Damaged Tree","Branch Cracked and Will Fall","BRONX","10465","In Progress","40.82820676367862","-73.81388803315942"
"70035314","2026-08-11T17:40:03.000","2026-08-11T17:40:03.000","Investigations and Discipline (IAD)","Investigative Inspection","BROOKLYN","11203","Open","40.64287807546655","-73.94484689772484"
"70037650","2026-08-11T17:40:00.000","2026-08-11T17:48:41.000","Homeless Person Assistance","Non-Chronic","QUEENS","11435","Closed","40.7145145400032","-73.82296749153988"
"70027455","2026-08-11T17:39:55.000","2026-08-11T18:35:54.000","Illegal Parking","Posted Parking Sign Violation","QUEENS","11418","Closed","40.69275737056758","-73.84227083910747"
"70037661","2026-08-11T17:39:50.000","2026-08-11T17:39:50.000","Elevator","Elevator - Single Device On Property/No Alternate Service","BROOKLYN","11238","Open","40.67712451791123","-73.95733588439029"
"70029372","2026-08-11T17:39:50.000","2026-08-11T17:39:50.000","General Construction/Plumbing","Building Permit - None","QUEENS","11004","Open","40.7457185095117","-73.70353330693952"
"70037135","2026-08-11T17:39:38.000","2026-08-11T21:12:43.000","Noise - Street/Sidewalk","Loud Music/Party","BROOKLYN","11225","Closed","40.66098892499261","-73.95998458361628"
"70031840","2026-08-11T17:39:33.000","2026-08-11T20:50:13.000","Blocked Driveway","No Access","QUEENS","11385","Closed","40.707880073689296","-73.89415612930047"
"70027308","2026-08-11T17:39:14.000",,"Broken Parking Meter","Coin or Card Did Not Register","BROOKLYN","11229","In Progress","40.610307930550874","-73.95657182607214"
"70035486","2026-08-11T17:39:11.000","2026-08-11T19:18:18.000","Noise - Residential","Banging/Pounding","BRONX","10458","Closed","40.85643458923439","-73.8954488399989"
"70031338","2026-08-11T17:39:00.000",,"Street Light Condition","Street Light Out","STATEN ISLAND","10312","Open","40.535395344664586","-74.17301802643814"
"70028411","2026-08-11T17:38:52.000",,"Standing Water","Other - Explain Below","STATEN ISLAND","10312","In Progress","40.54534417610026","-74.16056913244108"
"70030628","2026-08-11T17:38:47.000",,"Illegal Dumping","Removal Request","BRONX","10466","In Progress","40.88681533565375","-73.83425535847616"
"70031747","2026-08-11T17:38:47.000",,"Damaged Tree","Tree Trunk Split","MANHATTAN","10025","In Progress","40.800245180318555","-73.97335875005403"
"70033969","2026-08-11T17:38:30.000",,"Illegal Parking","Commercial Overnight Parking","BRONX","10472","In Progress","40.830853469617495","-73.85895606474492"
"70034022","2026-08-11T17:38:12.000","2026-08-11T20:00:40.000","Abandoned Vehicle","With License Plate","BRONX","10468","Closed","40.871149082428936","-73.89870517750592"
"70027341","2026-08-11T17:38:02.000",,"Rodent","Condition Attracting Rodents","QUEENS","11103","In Progress","40.75732120749587","-73.91370995140957"
"70028001","2026-08-11T17:37:52.000",,"Water Conservation","Water Waste","BROOKLYN","11215","In Progress","40.65945203248797","-73.98279686752812"
"70035323","2026-08-11T17:37:51.000","2026-08-11T18:10:27.000","Animal in a Park","Injured Wildlife","BRONX","10467","Closed","40.889176136507665","-73.87869895902735"
"70034119","2026-08-11T17:37:23.000",,"Street Condition","Cave-in","BROOKLYN","11223","In Progress","40.606906054797825","-73.97048633747791"
"70031971","2026-08-11T17:37:07.000","2026-08-11T18:49:20.000","Encampment","N/A","MANHATTAN","10016","Closed","40.74707842727676","-73.98134146691059"
"70028284","2026-08-11T17:37:01.000","2026-08-11T18:32:52.000","Encampment","N/A","BROOKLYN","11201","Closed","40.692991013642185","-73.98727056263986"
"70028355","2026-08-11T17:36:58.000",,"Curb Condition","Broken Curb","QUEENS","11103","In Progress","40.756886795674966","-73.91272511144845"
"70036954","2026-08-11T17:36:55.000","2026-08-11T22:25:00.000","Noise","Ice Cream Truck","QUEENS","11375","In Progress","40.73050335958203","-73.8525981035787"
"70033190","2026-08-11T17:36:49.000","2026-08-11T17:36:49.000","Elevator","Elevator - Multiple Devices On Property","MANHATTAN","10003","Open","40.73045754511662","-73.99364974329583"
"70027049","2026-08-11T17:36:36.000","2026-08-11T20:49:59.000","HEAT/HOT WATER","APARTMENT ONLY","MANHATTAN","10039","Closed","40.824819205989726","-73.93874874131878"
"70035904","2026-08-11T17:36:34.000",,"WATER LEAK","HEAVY FLOW","QUEENS","11692","Open","40.59373804084505","-73.78714004933236"
"70035019","2026-08-11T17:36:32.000",,"Maintenance or Facility","Grass/Weeds","QUEENS","11357","In Progress","40.79087845005212","-73.81388765415518"
"70027223","2026-08-11T17:36:27.000",,"GENERAL","VENTILATION SYSTEM","BRONX","10455","Open","40.81226516305672","-73.90648589109934"
"70037835","2026-08-11T17:35:45.000","2026-08-11T19:18:35.000","Noise - Residential","Loud Music/Party","QUEENS","11420","Closed","40.67309007009279","-73.8025217084367"
"70037358","2026-08-11T17:35:43.000",,"Illegal Animal Kept as Pet","Farm Animal","MANHATTAN","10035","In Progress","40.80100631591135","-73.93934856111623"
"70032672","2026-08-11T17:35:34.000",,"Street Condition","Blocked - Construction","QUEENS","11355","In Progress","40.74793771248472","-73.83228747783741"
"70037027","2026-08-11T17:35:29.000","2026-08-11T17:45:10.000","Abandoned Vehicle","With License Plate","BRONX","10468","Closed","40.870857338454016","-73.89779084451898"
"70034175","2026-08-11T17:35:25.000","2026-08-11T18:26:33.000","Noise - Vehicle","Engine Idling","BROOKLYN","11231","Closed","40.68129335503553","-73.99413394855719"
"70035805","2026-08-11T17:35:19.000",,"Consumer Complaint","Process Server","BROOKLYN","11216","In Progress","40.68487838525078","-73.94422804673619"
"70035522","2026-08-11T17:34:58.000","2026-08-11T17:48:33.000","Illegal Parking","Double Parked Blocking Traffic","BROOKLYN","11224","Closed","40.579827193257636","-73.97621144490112"
"70027446","2026-08-11T17:34:57.000","2026-08-11T17:54:34.000","Noise - Street/Sidewalk","Loud Talking","MANHATTAN","10001","Closed","40.74848786013597","-73.99443480337828"
"70027343","2026-08-11T17:34:56.000",,"Unsanitary Pigeon Condition","Pigeon Waste","QUEENS","11420","In Progress","40.67093560163022","-73.82465849860483"
"70026982","2026-08-11T17:34:29.000",,"Sidewalk Condition","Sidewalk Violation","QUEENS","11379","In Progress","40.715481654053065","-73.88413382101011"
"70029209","2026-08-11T17:34:27.000","2026-08-11T17:34:27.000","Street Condition","Pothole","BROOKLYN","11233","Closed","40.684146980770855","-73.92295924955722"
"70029257","2026-08-11T17:33:49.000","2026-08-11T17:33:49.000","Scaffold Safety","Suspended (Hanging) Scaffolds - No Pmt/Lic/Dangerous/Accident","MANHATTAN","10040","Open","40.856777014996844","-73.93583457679512"
"70026709","2026-08-11T17:33:48.000","2026-08-11T18:19:02.000","Illegal Parking","Blocked Sidewalk","BROOKLYN","11229","Closed","40.6049402333834","-73.95247341700663"
"70037893","2026-08-11T17:33:42.000","2026-08-11T20:03:54.000","Illegal Parking","Posted Parking Sign Violation","QUEENS","11374","Closed","40.72412012824127","-73.85561748802189"
"70031034","2026-08-11T17:33:35.000","2026-08-11T20:14:34.000","Noise - Residential","Banging/Pounding","BRONX","10460","Closed","40.83998380642961","-73.88223645239954"
"70037201","2026-08-11T17:33:33.000","2026-08-11T19:17:20.000","Blocked Driveway","No Access","BROOKLYN","11231","Closed","40.68433196740372","-74.0001045625344"
"70026480","2026-08-11T17:33:27.000",,"Lead","Lead Kit","MANHATTAN","10023","In Progress","40.77750935940004","-73.98114879696303"
"70030491","2026-08-11T17:33:16.000","2026-08-11T18:49:20.000","Illegal Parking","Posted Parking Sign Violation","MANHATTAN","10019","Closed","40.763736352869515","-73.98174471937143"
"70027577","2026-08-11T17:33:12.000","2026-08-11T17:58:46.000","Noise - Commercial","Loud Music/Party","QUEENS","11368","Closed","40.75260239660198","-73.86696115661084"
"70033698","2026-08-11T17:33:00.000",,"Traffic Signal Condition","APS","STATEN ISLAND","10305","Open","40.61142878361356","-74.11683451213233"
"70033367","2026-08-11T17:32:59.000","2026-08-11T18:20:29.000","Noise - Residential","Banging/Pounding","QUEENS","11435","Closed","40.715214391603666","-73.82292595258293"
"70026571","2026-08-11T17:32:53.000",,"Sewer Maintenance","Catch Basin Clogged","STATEN ISLAND","10306","In Progress","40.55679205914633","-74.1155082043129"
"70028426","2026-08-11T17:32:45.000",,"UNSANITARY CONDITION","SEWAGE","STATEN ISLAND","10304","Open","40.61968170805327","-74.0828485968196"
"70031365","2026-08-11T17:32:45.000",,"APPLIANCE","REFRIGERATOR","STATEN ISLAND","10304","Open","40.61968170805327","-74.0828485968196"
"70034411","2026-08-11T17:32:45.000",,"UNSANITARY CONDITION","PESTS","STATEN ISLAND","10304","Open","40.61968170805327","-74.0828485968196"
"70031610","2026-08-11T17:32:45.000",,"ELECTRIC","NO LIGHTING","STATEN ISLAND","10304","Open","40.61968170805327","-74.0828485968196"
"70033000","2026-08-11T17:32:45.000",,"SAFETY","SMOKE DETECTOR","STATEN ISLAND","10304","Open","40.61968170805327","-74.0828485968196"
"70031437","2026-08-11T17:32:45.000",,"UNSANITARY CONDITION","PESTS","STATEN ISLAND","10304","Open","40.61968170805327","-74.0828485968196"
"70029999","2026-08-11T17:32:44.000",,"UNSANITARY CONDITION","MOLD","BROOKLYN","11205","Open","40.68945496757804","-73.96879109358333"
"70031569","2026-08-11T17:32:44.000",,"GENERAL","VENTILATION SYSTEM","BROOKLYN","11205","Open","40.68945496757804","-73.96879109358333"
"70027791","2026-08-11T17:32:43.000",,"Street Condition","Pothole","MANHATTAN","10040","Open","40.8629258638539","-73.92776655089192"
"70032984","2026-08-11T17:32:42.000",,"UNSANITARY CONDITION","GARBAGE/RECYCLING STORAGE","BRONX","10452","Open","40.8315271048226","-73.92886303221528"
"70026566","2026-08-11T17:32:41.000",,"Sewer Maintenance","Flooding on Street","BROOKLYN","11236","In Progress","40.64149157214518","-73.89962673930523"
"70031755","2026-08-11T17:32:41.000",,"Dead/Dying Tree","Planted More Than 2 Years Ago","QUEENS","11361","In Progress","40.766750764115606","-73.77749691645133"
"70032678","2026-08-11T17:32:37.000","2026-08-11T19:17:21.000","Abandoned Vehicle","With License Plate","BROOKLYN","11232","Closed","40.64845495684244","-74.00224868745796"
"70035484","2026-08-11T17:32:22.000","2026-08-11T19:56:14.000","Noise - Residential","Loud Talking","BRONX","10458","Closed","40.85828805965668","-73.89039210329346"
"70029855","2026-08-11T17:32:21.000",,"Sidewalk Condition","Broken Sidewalk","QUEENS","11104","In Progress","40.7388208052777","-73.92429615115049"
"70030467","2026-08-11T17:32:18.000","2026-08-11T21:01:02.000","Blocked Driveway","No Access","STATEN ISLAND","10302","Closed","40.637423698103646","-74.1398784459247"
"70034706","2026-08-11T17:32:13.000",,"Damaged Tree","Entire Tree Has Fallen Down","MANHATTAN","10031","In Progress","40.82456287045771","-73.95416290429146"
"70028727","2026-08-11T17:32:05.000",,"Root/Sewer/Sidewalk Condition","Trees and Sidewalks Program","BROOKLYN","11205","In Progress","40.69625690836763","-73.96110299121726"
"70036224","2026-08-11T17:31:51.000",,"Damaged Tree","Branch Cracked and Will Fall","BRONX","10475","In Progress","40.86159483812965","-73.82530908131486"
"70029710","2026-08-11T17:31:46.000","2026-08-11T18:45:52.000","Noise - Commercial","Loud Music/Party","BROOKLYN","11220","Closed","40.647219538623915","-74.00813332311583"
"70035804","2026-08-11T17:31:14.000",,"Consumer Complaint","Process Server","BROOKLYN","11216","In Progress","40.68487838525078","-73.94422804673619"
"70032418","2026-08-11T17:31:11.000",,"Sewer Maintenance","Catch Basin Clogged","BROOKLYN","11204","In Progress","40.62995379827003","-73.98256669528631"
"70034939","2026-08-11T17:31:08.000","2026-08-11T21:44:15.000","Encampment","N/A","MANHATTAN","10009","Closed","40.73490965875063","-73.97461531736441"
"70027339","2026-08-11T17:31:07.000",,"Rodent","Rat Sighting","BROOKLYN","11205","In Progress","40.69347794206186","-73.96577451134355"
"70037808","2026-08-11T17:31:06.000","2026-08-11T21:37:32.000","Abandoned Vehicle","With License Plate","QUEENS","11385","Closed","40.6955974379488","-73.89142408510389"
"70037810","2026-08-11T17:31:02.000","2026-08-11T20:25:19.000","Blocked Driveway","No Access","QUEENS","11379","Closed","40.711974139944914","-73.89593514396911"
"70028807","2026-08-11T17:31:00.000","2026-08-11T19:00:45.000","Noise - Residential","Banging/Pounding","BRONX","10451","Closed","40.81466043118502","-73.92396060890404"
"70033696","2026-08-11T17:31:00.000",,"Traffic Signal Condition","APS","BROOKLYN","11208","Open","40.67900384299051","-73.8642165131913"
"70029827","2026-08-11T17:30:46.000","2026-08-11T18:01:47.000","Panhandling","N/A","MANHATTAN",,"Closed","40.773642064051636","-73.95985912475788"
"70027903","2026-08-11T17:30:34.000","2026-08-11T17:30:34.000","Real Time Enforcement","Work Without A Permit - Occupied Multiple Dwelling","BRONX","10469","Open","40.863547128010524","-73.84305882677015"
"70031436","2026-08-11T17:30:31.000",,"UNSANITARY CONDITION","PESTS","BRONX","10453","Open","40.84776077302723","-73.91116732497433"
"70036037","2026-08-11T17:30:31.000",,"PAINT/PLASTER","WALL","BRONX","10453","Open","40.84776077302723","-73.91116732497433"
"70032056","2026-08-11T17:30:13.000",,"Dirty Condition","Trash","STATEN ISLAND","10304","In Progress","40.61968170805327","-74.0828485968196"
"70037346","2026-08-11T17:30:00.000",,"Street Light Condition","Street Light Out","STATEN ISLAND","10301","Open","40.63334224495216","-74.09723733092157"
"70032026","2026-08-11T17:29:51.000",,"Maintenance or Facility","Structure - Outdoors","BROOKLYN","11201","In Progress","40.69765658198233","-73.98309715346453"
"70026835","2026-08-11T17:29:48.000","2026-08-11T19:07:29.000","Illegal Parking","Blocked Sidewalk","BROOKLYN","11220","Closed","40.643049927840664","-74.01145872898606"
"70035145","2026-08-11T17:29:37.000","2026-08-11T19:00:24.000","Blocked Driveway","No Access","QUEENS","11413","Closed","40.675002759085515","-73.73894709272558"
"70037999","2026-08-11T17:29:33.000","2026-08-11T18:01:49.000","Noise - Residential","Banging/Pounding","MANHATTAN","10039","Closed","40.821165552332566","-73.93793556190457"
"70028717","2026-08-11T17:28:53.000",,"Rodent","Rat Sighting","BROOKLYN","11205","In Progress","40.69356549640757","-73.96485130371242"
"70037023","2026-08-11T17:28:52.000","2026-08-11T20:46:18.000","Noise - Street/Sidewalk","Loud Talking","MANHATTAN","10013","Closed","40.71870189783701","-74.00246389790759"
"70037817","2026-08-11T17:28:37.000","2026-08-11T21:44:16.000","Illegal Parking","Commercial Overnight Parking","QUEENS","11385","Closed","40.696640637740934","-73.89457787508118"
"70035066","2026-08-11T17:28:28.000",,"Dead Animal","Dog","BROOKLYN","11206","In Progress","40.69622678333613","-73.94175187950721"
"70030438","2026-08-11T17:28:13.000","2026-08-11T21:34:19.000","Noise - Residential","Loud Music/Party","QUEENS","11377","Closed","40.756535215127634","-73.90544879008243"
"70037390","2026-08-11T17:28:13.000",,"HEAT/HOT WATER","APARTMENT ONLY","BRONX","10460","Open","40.84885657260974","-73.8840786101926"
"70034551","2026-08-11T17:27:49.000",,"GENERAL","COOKING GAS","BROOKLYN","11226","Open","40.64221529454029","-73.9544431117716"
"70028597","2026-08-11T17:27:49.000",,"HEAT/HOT WATER","ENTIRE BUILDING","BROOKLYN","11226","Open","40.64221529454029","-73.9544431117716"
"70037788","2026-08-11T17:27:49.000","2026-08-11T21:31:17.000","Abandoned Vehicle","With License Plate","QUEENS","11415","Closed","40.70508917376559","-73.83413733088446"
"70028837","2026-08-11T17:27:48.000","2026-08-11T21:06:35.000","Illegal Parking","Blocked Sidewalk","QUEENS","11419","Closed","40.68832606796116","-73.83170903694955"
"70028537","2026-08-11T17:27:00.000",,"PLUMBING","WATER SUPPLY","MANHATTAN","10037","Open","40.81297270285091","-73.93819608236085"
"70036697","2026-08-11T17:27:00.000",,"Traffic Signal Condition","APS","STATEN ISLAND","10314","Open","40.61215604720043","-74.11694023454059"
"70036060","2026-08-11T17:27:00.000",,"HEAT/HOT WATER","ENTIRE BUILDING","MANHATTAN","10037","Open","40.81297270285091","-73.93819608236085"
"70033302","2026-08-11T17:26:50.000","2026-08-11T17:58:19.000","Animal-Abuse","Neglected","QUEENS","11692","Closed","40.59302184675077","-73.79326349610514"
"70033614","2026-08-11T17:26:48.000",,"Illegal Dumping","Removal Request","QUEENS","11432","In Progress","40.70776777873149","-73.80263899638418"
"70035014","2026-08-11T17:26:32.000",,"Maintenance or Facility","Structure - Outdoors","BROOKLYN","11206","In Progress","40.6967327666226","-73.94365194492447"
"70030368","2026-08-11T17:26:12.000","2026-08-11T18:38:26.000","Blocked Driveway","Partial Access","QUEENS","11419","Closed","40.689981861451216","-73.81094198391702"
"70032389","2026-08-11T17:26:10.000","2026-08-11T17:31:00.000","Water Maintenance","Fire Hydrant Running Full","BROOKLYN","11221","Closed","40.68743716232103","-73.94006123836236"
"70029863","2026-08-11T17:26:00.000",,"Street Light Condition","Street Light Out","BRONX","10465","Open","40.81212856131538","-73.80580478702093"
"70036891","2026-08-11T17:25:46.000",,"Water Maintenance","Fire Hydrant Running Full","QUEENS","11357","In Progress","40.78649774285041","-73.80228645416308"
"70030283","2026-08-11T17:25:40.000","2026-08-11T19:32:36.000","Noise - Residential","Loud Talking","BROOKLYN","11236","Closed","40.63281335485068","-73.8885791227131"
"70033417","2026-08-11T17:25:39.000","2026-08-11T21:37:29.000","Illegal Parking","Posted Parking Sign Violation","QUEENS","11377","Closed","40.75536789941484","-73.90785073241925"
"70027372","2026-08-11T17:25:32.000",,"Damaged Tree","Entire Tree Has Fallen Down","BROOKLYN","11215","In Progress","40.6645470963465","-73.98893047244088"
"70029572","2026-08-11T17:24:58.000","2026-08-11T20:00:40.000","Abandoned Vehicle","With License Plate","BRONX","10468","Closed","40.87110226382904","-73.89852446211191"
"70026509","2026-08-11T17:24:54.000","2026-08-11T18:20:00.000","Water Maintenance","Fire Hydrant Valve Box","BRONX","10466","Closed","40.89130930114244","-73.85317106015458"
"70027629","2026-08-11T17:24:50.000","2026-08-11T20:37:05.000","Illegal Parking","Double Parked Blocking Traffic","MANHATTAN","10035","Closed","40.795633766410916","-73.93240828404274"
"70028697","2026-08-11T17:24:34.000","2026-08-11T17:24:34.000","Elevator","Elevator - Single Device On Property/No Alternate Service","BROOKLYN","11221","Open","40.687090030335135","-73.9429209137744"
"70030192","2026-08-11T17:24:34.000","2026-08-11T17:24:34.000","Elevator","Elevator - Multiple Devices On Property","QUEENS","11101","Open","40.74364166035955","-73.95887755839249"
"70029444","2026-08-11T17:24:27.000","2026-08-11T18:05:00.000","Water Maintenance","Fire Hydrant Running Full","BRONX","10458","Closed","40.871812695154716","-73.88627313819413"
"70037479","2026-08-11T17:24:12.000",,"PLUMBING","WATER SUPPLY","MANHATTAN","10023","Open","40.77753695651654","-73.98208755852235"
"70031870","2026-08-11T17:24:11.000",,"Illegal Parking","Blocked Hydrant","QUEENS","11377","In Progress","40.734513767123026","-73.91948393535735"
"70030145","2026-08-11T17:23:58.000",,"DOOR/WINDOW","DOOR","QUEENS","11103","Open","40.767076370721966","-73.91793555303344"
"70028662","2026-08-11T17:23:58.000",,"DOOR/WINDOW","DOOR","QUEENS","11103","Open","40.767076370721966","-73.91793555303344"
"70036059","2026-08-11T17:23:58.000",,"HEAT/HOT WATER","ENTIRE BUILDING","MANHATTAN","10037","Open","40.80934376031774","-73.93741917854139"
"70035559","2026-08-11T17:23:22.000","2026-08-11T19:37:28.000","Illegal Parking","Blocked Hydrant","BROOKLYN","11223","Closed","40.60680733635004","-73.98521978155325"
"70030236","2026-08-11T17:23:20.000",,"Damaged Tree","Entire Tree Has Fallen Down","BROOKLYN","11215","In Progress","40.66417372968163","-73.98815916818432"
"70032202","2026-08-11T17:23:00.000","2026-08-11T17:24:00.000","Traffic Signal Condition","Post","BROOKLYN","11235","Closed","40.5859350021097","-73.95188929371534"
"70027770","2026-08-11T17:22:50.000",,"Residential Disposal Complaint","Trash or Recycling Not Secure","QUEENS","11377","In Progress","40.754797545997356","-73.90515167463717"
"70028418","2026-08-11T17:22:48.000",,"Food Poisoning","1 or 2","MANHATTAN","10022","In Progress","40.75911286883225","-73.97467828646558"
"70037772","2026-08-11T17:22:44.000","2026-08-11T18:55:47.000","Non-Emergency Police Matter","Other (complaint details)","BRONX","10454","Closed","40.811752858792126","-73.91480622021884"
"70036340","2026-08-11T17:22:22.000","2026-08-11T19:53:12.000","Illegal Parking","License Plate Obscured","QUEENS","11378","Closed","40.71446633678319","-73.90213930805909"
"70028992","2026-08-11T17:22:13.000","2026-08-11T17:48:11.000","Panhandling","N/A","MANHATTAN","10019","Closed","40.771049272545966","-73.98909689515973"
"70028821","2026-08-11T17:22:13.000","2026-08-11T20:25:19.000","Noise - Residential","Banging/Pounding","QUEENS","11691","Closed","40.595177894310694","-73.75487226606263"
"70029154","2026-08-11T17:22:13.000",,"Dirty Condition","Trash","QUEENS","11375","In Progress","40.71118376607609","-73.85538580067248"
"70029497","2026-08-11T17:22:12.000",,"Noise","Alarm","BRONX","10456","In Progress","40.83456597686148","-73.89992088887526"
"70035725","2026-08-11T17:22:12.000","2026-08-11T18:12:22.000","Illegal Parking","Blocked Sidewalk","BROOKLYN","11205","Closed","40.690303228634036","-73.96029513058312"
"70028757","2026-08-11T17:22:11.000",,"Overgrown Tree/Branches","Hitting Building","QUEENS","11356","In Progress","40.78656955404363","-73.84777948887049"
"70028934","2026-08-11T17:22:11.000","2026-08-11T20:43:43.000","Abandoned Vehicle","With License Plate","QUEENS","11103","Closed","40.76642788548168","-73.9096296251063"
"70038131","2026-08-11T17:22:08.000","2026-08-11T17:35:13.000","Vendor Enforcement","Food Vendor","BROOKLYN","11208","Closed","40.67900713990954","-73.86468519821614"
"70037187","2026-08-11T17:22:07.000","2026-08-11T18:07:52.000","Blocked Driveway","No Access","BROOKLYN","11233","Closed","40.67238798459072","-73.9146417688318"
"70036706","2026-08-11T17:22:00.000","2026-08-11T17:55:00.000","Traffic Signal Condition","Controller","BRONX","10473","Closed","40.81901533166319","-73.84802682143047"
"70031717","2026-08-11T17:21:59.000",,"Root/Sewer/Sidewalk Condition","Trees and Sidewalks Program","BRONX","10466","In Progress","40.89376729129612","-73.84589552087728"
"70036539","2026-08-11T17:21:33.000","2026-08-11T17:39:08.000","Noise - Residential","Loud Music/Party","MANHATTAN","10033","Closed","40.85015737013329","-73.93205286761592"
"70036822","2026-08-11T17:21:33.000","2026-08-11T17:21:33.000","Building/Use","Illegal Conversion Of Residential Building/Space","BRONX","10469","Open","40.87193822846207","-73.84145530879417"
"70036842","2026-08-11T17:21:30.000","2026-08-11T17:35:07.000","Mosquitoes","Large Number of Mosquitoes","QUEENS","11691","Closed","40.60984786735637","-73.76895466060259"
"70031676","2026-08-11T17:21:12.000","2026-08-11T17:21:12.000","Elevator","Elevator - Single Device On Property/No Alternate Service","BROOKLYN","11226","Open","40.64221529454029","-73.9544431117716"
"70037565","2026-08-11T17:21:06.000",,"GENERAL","BELL/BUZZER/INTERCOM","BROOKLYN","11225","Open","40.66840834276866","-73.96080201412896"
"70031608","2026-08-11T17:20:54.000",,"ELECTRIC","OUTLET/SWITCH","QUEENS","11373","Open","40.746494271535454","-73.8837406409114"
"70029928","2026-08-11T17:20:54.000",,"WATER LEAK","SLOW LEAK","QUEENS","11373","Open","40.746494271535454","-73.8837406409114"
"70031463","2026-08-11T17:20:54.000",,"UNSANITARY CONDITION","MOLD","QUEENS","11373","Open","40.746494271535454","-73.8837406409114"
"70037587","2026-08-11T17:20:54.000",,"ELECTRIC","WIRING","QUEENS","11373","Open","40.746494271535454","-73.8837406409114"
"70037311","2026-08-11T17:20:50.000",,"Consumer Complaint","Barber Shop, Beauty Salon, or Nail Salon","BRONX","10456","In Progress","40.83731361203355","-73.91013685817846"
"70037362","2026-08-11T17:20:26.000",,"Indoor Air Quality","Ventilation","BROOKLYN","11205","In Progress","40.68945496757804","-73.96879109358333"
"70031671","2026-08-11T17:20:08.000",,"Broken Parking Meter","Coin or Card Did Not Register","QUEENS","11378","In Progress","40.72329760711592","-73.90053894555979"
"70036443","2026-08-11T17:20:06.000","2026-08-11T23:12:18.000","Encampment","N/A","QUEENS","11102","Closed","40.77345251368797","-73.9220471978315"
"70027758","2026-08-11T17:20:05.000","2026-08-11T17:35:13.000","Vendor Enforcement","Food Vendor","QUEENS","11355","Closed","40.75692176720908","-73.82888271803266"
"70026893","2026-08-11T17:20:00.000","2026-08-11T18:42:27.000","Illegal Parking","Posted Parking Sign Violation","BROOKLYN","11201","Closed","40.70299352709158","-73.9947090973228"
"70033345","2026-08-11T17:19:58.000","2026-08-11T21:01:06.000","Illegal Parking","Blocked Hydrant","QUEENS","11385","Closed","40.69989102920529","-73.88109543502202"
"70026510","2026-08-11T17:19:33.000",,"Water Maintenance","Fire Hydrant Running Full","BRONX","10466","In Progress","40.88950570703755","-73.85951880181373"
"70028012","2026-08-11T17:19:27.000","2026-08-11T17:19:00.000","Water Maintenance","Fire Hydrant Running Full","MANHATTAN","10034","Closed","40.86803592471715","-73.92686795518682"
"70034667","2026-08-11T17:19:16.000",,"Rodent","Rat Sighting","BROOKLYN","11205","In Progress","40.69350527326538","-73.9653850384073"
"70036935","2026-08-11T17:19:02.000",,"Sewer Maintenance","Catch Basin Sunken","BROOKLYN","11234","In Progress","40.61827707335083","-73.940436718718"
"70036696","2026-08-11T17:19:00.000",,"Traffic Signal Condition","APS","STATEN ISLAND","10306","Open","40.56391672279229","-74.11636271457985"
"70036568","2026-08-11T17:18:34.000",,"Obstruction","Weeds or Grass","QUEENS","11377","In Progress","40.754797545997356","-73.90515167463717"
"70036620","2026-08-11T17:18:25.000",,"Dirty Condition","Trash","MANHATTAN","10027","In Progress","40.80676757331946","-73.95106141044518"
"70034127","2026-08-11T17:18:20.000",,"Street Condition","Failed Street Repair","QUEENS","11355","In Progress","40.75361541643003","-73.83335960087283"
"70033814","2026-08-11T17:18:03.000","2026-08-11T17:18:03.000","Building/Use","Illegal Conversion Of Residential Building/Space","BRONX","10469","Open","40.87193822846207","-73.84145530879417"
"70027342","2026-08-11T17:17:59.000",,"Unsanitary Pigeon Condition","Pigeon Waste","QUEENS","11367","In Progress","40.730914602587404","-73.82303216564549"
"70027285","2026-08-11T17:17:54.000",,"APPLIANCE","ELECTRIC/GAS RANGE","QUEENS","11354","Open","40.762009028190235","-73.82067536403085"
"70027112","2026-08-11T17:17:53.000",,"UNSANITARY CONDITION","PESTS","BRONX","10461","Open","40.842630392813845","-73.84765843841011"
"70030041","2026-08-11T17:17:53.000",,"PLUMBING","BATHTUB/SHOWER","BRONX","10461","Open","40.842630392813845","-73.84765843841011"
"70028461","2026-08-11T17:17:53.000",,"UNSANITARY CONDITION","PESTS","BRONX","10461","Open","40.842630392813845","-73.84765843841011"
"70028502","2026-08-11T17:17:53.000",,"UNSANITARY CONDITION","MOLD","BRONX","10461","Open","40.842630392813845","-73.84765843841011"
"70030271","2026-08-11T17:17:50.000",,"Damaged Tree","Branch or Limb Has Fallen Down","QUEENS","11415","In Progress","40.70619841618267","-73.82875684103945"
"70035368","2026-08-11T17:17:39.000",,"Water Maintenance","Fire Hydrant Running Full","BRONX","10454","In Progress","40.8120471654219","-73.91565117439748"
"70033263","2026-08-11T17:17:25.000",,"Overgrown Tree/Branches","Blocking Street","QUEENS","11412","In Progress","40.695217114614145","-73.75861914629229"
"70034123","2026-08-11T17:17:13.000",,"Street Condition","Blocked - Construction","BROOKLYN","11217","In Progress","40.680327614561634","-73.97613593566717"
"70033265","2026-08-11T17:17:05.000",,"Dead/Dying Tree","Planted More Than 2 Years Ago","QUEENS","11429","In Progress","40.71259210630983","-73.73515665371464"
"70026459","2026-08-11T17:16:57.000",,"Illegal Dumping","Chronic Dumping","BROOKLYN","11219","In Progress","40.62831098168343","-74.0014806596033"
"70030912","2026-08-11T17:16:52.000","2026-08-11T17:17:00.000","Water Maintenance","Fire Hydrant Running Full","MANHATTAN","10034","Closed","40.86701519865037","-73.92310894630785"
"70030937","2026-08-11T17:16:51.000",,"Sewer Maintenance","Catch Basin Sunken","QUEENS","11373","In Progress","40.73549748344107","-73.86970159179167"
"70028854","2026-08-11T17:16:51.000","2026-08-11T20:37:12.000","Illegal Parking","Blocked Hydrant","QUEENS","11385","Closed","40.71218175167288","-73.90764350988681"
"70029730","2026-08-11T17:16:49.000","2026-08-11T18:32:32.000","Illegal Parking","Blocked Sidewalk","BROOKLYN","11231","Closed","40.68364302931577","-74.00030286766025"
"70029666","2026-08-11T17:16:44.000","2026-08-11T19:45:43.000","Noise - Residential","Loud Talking","BROOKLYN","11213","Closed","40.665997050865876","-73.92921259175424"
"70028148","2026-08-11T17:16:21.000","2026-08-11T19:38:57.000","Abandoned Vehicle","With License Plate","BROOKLYN","11229","Closed","40.60910564789353","-73.95640693724005"
"70029157","2026-08-11T17:16:19.000",,"Dirty Condition","Trash","BRONX","10472","In Progress","40.82628968059606","-73.88150912203774"
"70035383","2026-08-11T17:16:06.000",,"Water Maintenance","Fire Hydrant Running","BRONX","10469","In Progress","40.877742253002204","-73.84888701582831"
"70029577","2026-08-11T17:15:11.000","2026-08-11T17:55:18.000","Noise - Residential","Loud Television","BRONX","10463","Closed","40.88291395502602","-73.91732967196334"
"70035347","2026-08-11T17:15:06.000",,"Air Quality","Vehicle Idling Odor","BROOKLYN","11229","In Progress",,
"70027929","2026-08-11T17:15:02.000","2026-08-11T17:15:02.000","Building/Use","Illegal Conversion Of Residential Building/Space","QUEENS","11433","Open","40.68974297588547","-73.78582391449962"
"70030011","2026-08-11T17:14:58.000",,"UNSANITARY CONDITION","GARBAGE/RECYCLING STORAGE","BRONX","10457","Open","40.85009897385511","-73.90071441609523"
"70032983","2026-08-11T17:14:58.000",,"UNSANITARY CONDITION","GARBAGE/RECYCLING STORAGE","BRONX","10457","Open","40.85009897385511","-73.90071441609523"
"70028661","2026-08-11T17:14:57.000",,"DOOR/WINDOW","DOOR","MANHATTAN","10027","Open","40.80530947252126","-73.949548988104"
"70033274","2026-08-11T17:14:50.000",,"Root/Sewer/Sidewalk Condition","Trees and Sidewalks Program","STATEN ISLAND","10312","In Progress","40.53748181991804","-74.18336318724468"
"70034584","2026-08-11T17:14:46.000",,"ELECTRIC","POWER OUTAGE","QUEENS","11354","Open","40.762009028190235","-73.82067536403085"
"70027089","2026-08-11T17:14:40.000",,"UNSANITARY CONDITION","PESTS","QUEENS","11354","Open","40.762009028190235","-73.82067536403085"
"70031386","2026-08-11T17:14:39.000",,"WATER LEAK","HEAVY FLOW","BROOKLYN","11203","Open","40.64457689918528","-73.944434699387"
"70034485","2026-08-11T17:14:39.000",,"PLUMBING","BASIN/SINK","BROOKLYN","11203","Open","40.64457689918528","-73.944434699387"
"70034470","2026-08-11T17:14:39.000",,"PLUMBING","WATER SUPPLY","BROOKLYN","11203","Open","40.64457689918528","-73.944434699387"
"70037863","2026-08-11T17:14:27.000","2026-08-11T17:47:51.000","Illegal Parking","Blocked Sidewalk","QUEENS","11101","Closed","40.74311637505655","-73.95606663802941"
"70028827","2026-08-11T17:14:24.000","2026-08-11T19:45:49.000","Abandoned Vehicle","With License Plate","QUEENS","11421","Closed","40.69587690988083","-73.8626963814814"
"70029748","2026-08-11T17:14:21.000","2026-08-11T19:26:04.000","Panhandling","N/A","BROOKLYN","11201","Closed","40.68905257973444","-73.99048052984989"
"70030553","2026-08-11T17:14:13.000",,"Encampment","N/A","MANHATTAN","10003","In Progress","40.736836061247594","-73.98962571830423"
"70030475","2026-08-11T17:14:13.000","2026-08-11T20:43:41.000","Encampment","N/A","MANHATTAN","10003","Closed","40.736836061247594","-73.98962571830423"
"70033413","2026-08-11T17:13:54.000","2026-08-11T19:07:29.000","Illegal Parking","Blocked Hydrant","QUEENS","11436","Closed","40.67613224484085","-73.79676605817613"
"70027993","2026-08-11T17:13:54.000",,"Water Maintenance","Fire Hydrant Running Full","BRONX","10458","In Progress","40.86089459891341","-73.89530445170683"
"70027593","2026-08-11T17:13:38.000","2026-08-11T22:04:23.000","Noise - Street/Sidewalk","Loud Music/Party","MANHATTAN","10001","Closed","40.74512512957406","-73.98876911948274"
"70026806","2026-08-11T17:13:27.000",,"Street Condition","Cave-in","MANHATTAN","10024","In Progress","40.78329276555405","-73.98273598352404"
"70031896","2026-08-11T17:13:22.000","2026-08-11T17:56:33.000","Illegal Parking","Blocked Hydrant","QUEENS","11357","Closed","40.79579229270853","-73.82488583480158"
"70036931","2026-08-11T17:13:11.000",,"Sewer Maintenance","Flooding on Street","BROOKLYN","11230","In Progress","40.635786160280844","-73.95952410258593"
"70031988","2026-08-11T17:12:55.000","2026-08-11T17:44:45.000","Illegal Parking","Blocked Bike Lane","MANHATTAN","10065","Closed","40.76535597088273","-73.96975188490879"
"70033618","2026-08-11T17:12:37.000",,"Illegal Dumping","Removal Request","QUEENS","11420","In Progress","40.663931065593516","-73.8159684162053"
"70027760","2026-08-11T17:12:31.000","2026-08-11T17:35:13.000","Vendor Enforcement","Food Vendor","BRONX","10463","Closed","40.878163110876486","-73.9215700525966"
"70031554","2026-08-11T17:12:23.000",,"HEAT/HOT WATER","ENTIRE BUILDING","BROOKLYN","11226","Open","40.64221529454029","-73.9544431117716"
"70035429","2026-08-11T17:12:17.000",,"Highway Condition","Pothole - Highway","QUEENS",,"In Progress",,
"70029823","2026-08-11T17:12:09.000",,"Lost Property","Bag/Wallet","MANHATTAN","10024","In Progress","40.78277034439117","-73.97740637857073"
"70031240","2026-08-11T17:12:03.000","2026-08-11T18:24:52.000","Illegal Parking","Blocked Sidewalk","BROOKLYN","11201","Closed","40.69544706314867","-73.98322753703334"
"70026305","2026-08-11T17:12:00.000",,"Traffic Signal Condition","Veh Signal Lamp","BROOKLYN","11249","Open","40.719228428965984","-73.96289693860493"
"70026312","2026-08-11T17:12:00.000","2026-08-11T18:45:00.000","Traffic Signal Condition","Vehicle Signal","MANHATTAN","10013","Closed","40.725793851729485","-74.01102558319987"
"70029241","2026-08-11T17:12:00.000","2026-08-11T18:25:00.000","Traffic Signal Condition","Veh Signal Head","MANHATTAN","10004","Assigned","40.70211148855414","-74.01584364556996"
"70034422","2026-08-11T17:11:39.000",,"UNSANITARY CONDITION","PESTS","QUEENS","11354","Open","40.762009028190235","-73.82067536403085"
"70038038","2026-08-11T17:11:37.000",,"Litter Basket Complaint","Overflowing","BROOKLYN","11222","In Progress","40.722458852477075","-73.95477788769527"
"70030092","2026-08-11T17:11:35.000",,"GENERAL","JANITOR/SUPER","QUEENS","11368","Open","40.73720014616665","-73.85883315943371"
"70029019","2026-08-11T17:11:25.000","2026-08-11T17:48:11.000","Noise - Residential","Banging/Pounding","MANHATTAN","10033","Closed","40.84960285940338","-73.93673790928068"
"70033850","2026-08-11T17:11:00.000","2026-08-11T23:27:00.000","Derelict Vehicles","Derelict Vehicles","QUEENS","11104","Closed","40.7455121168858","-73.92370029418004"
"70036702","2026-08-11T17:11:00.000","2026-08-11T17:35:00.000","Traffic Signal Condition","Controller","BROOKLYN","11215","Closed","40.673975048259635","-73.98569878753527"
"70033272","2026-08-11T17:10:58.000",,"Damaged Tree","Branch or Limb Has Fallen Down","QUEENS","11426","In Progress","40.73414876333839","-73.72660586119346"
"70037312","2026-08-11T17:10:43.000",,"Public Toilet","Damaged Other","BRONX","10472","In Progress","40.83168173427291","-73.85843395136072"
"70030624","2026-08-11T17:10:28.000",,"Illegal Dumping","Removal Request","QUEENS","11377","In Progress","40.73660757777625","-73.92285529183319"
"70029696","2026-08-11T17:10:24.000",,"Sidewalk Condition","Dumpster - Construction Waste","MANHATTAN","10027","In Progress","40.811670525661896","-73.94684201340073"
"70029831","2026-08-11T17:10:19.000",,"Curb Condition","Broken Curb","QUEENS","11420","In Progress","40.68038077807499","-73.80608388641218"
"70026749","2026-08-11T17:10:18.000","2026-08-11T17:56:35.000","Blocked Driveway","No Access","BROOKLYN","11219","Closed","40.63746479934861","-74.0037183706095"
"70033676","2026-08-11T17:10:16.000",,"Street Condition","Pothole","MANHATTAN","10033","Open",,
"70030721","2026-08-11T17:10:00.000","2026-08-11T18:45:00.000","Traffic Signal Condition","Controller","MANHATTAN","10013","Closed","40.725793851729485","-74.01102558319987"
"70036516","2026-08-11T17:09:58.000","2026-08-11T21:09:39.000","Illegal Parking","Double Parked Blocking Traffic","MANHATTAN","10025","Closed","40.791172690989136","-73.96873979998455"
"70032019","2026-08-11T17:09:51.000","2026-08-11T20:32:40.000","Noise - Residential","Loud Music/Party","BRONX","10455","Closed","40.81471566410877","-73.91651483311922"
"70032469","2026-08-11T17:09:32.000","2026-08-11T20:45:27.000","Noise - Street/Sidewalk","Loud Music/Party","BRONX","10472","Closed","40.829030246155156","-73.86759968856889"
"70030332","2026-08-11T17:09:27.000","2026-08-11T18:56:02.000","Noise - Vehicle","Car/Truck Music","QUEENS","11423","Closed","40.71641040546219","-73.76035689238333"
"70029561","2026-08-11T17:09:25.000","2026-08-11T22:31:59.000","Abandoned Vehicle","With License Plate","BRONX","10461","Closed","40.85601696524222","-73.85452503810369"
"70030921","2026-08-11T17:09:23.000","2026-08-11T18:18:00.000","Water Maintenance","Fire Hydrant Running","BROOKLYN","11236","Closed","40.62874023334115","-73.90072309524902"
"70027200","2026-08-11T17:09:20.000",,"PAINT/PLASTER","CEILING","BRONX","10468","Open","40.87514598606357","-73.88752940510024"
"70033108","2026-08-11T17:09:20.000",,"FLOORING/STAIRS","FLOOR","BRONX","10468","Open","40.87514598606357","-73.88752940510024"
"70032907","2026-08-11T17:09:20.000",,"WATER LEAK","HEAVY FLOW","BRONX","10468","Open","40.87514598606357","-73.88752940510024"
"70036048","2026-08-11T17:09:20.000",,"PAINT/PLASTER","CEILING","BRONX","10468","Open","40.87514598606357","-73.88752940510024"
"70037241","2026-08-11T17:09:16.000","2026-08-11T17:35:58.000","Illegal Parking","Parking Permit Improper Use","BROOKLYN","11222","Closed","40.732427753688945","-73.95463761858473"
"70035301","2026-08-11T17:09:01.000","2026-08-11T17:09:01.000","Building/Use","Illegal Conversion Of Residential Building/Space","BRONX","10456","Open","40.83803183878792","-73.90900472592023"
"70035191","2026-08-11T17:09:00.000","2026-08-11T20:40:00.000","Traffic Signal Condition","Ped Multiple Lamps","BROOKLYN","11219","Closed","40.62636189091083","-74.0083000975799"
"70035774","2026-08-11T17:08:58.000","2026-08-11T17:45:10.000","Panhandling","N/A","MANHATTAN",,"Closed","40.802021348938","-73.94968151153502"
"70037908","2026-08-11T17:08:39.000","2026-08-11T22:17:08.000","Illegal Parking","Blocked Bike Lane","QUEENS","11106","Closed","40.75753747954417","-73.92896370862897"
"70033004","2026-08-11T17:08:35.000",,"PLUMBING","WATER SUPPLY","BRONX","10456","Open","40.83765908840839","-73.91325520114484"
"70029256","2026-08-11T17:08:33.000","2026-08-11T17:08:33.000","General Construction/Plumbing","Egress - Doors Locked/Blocked/Improper/No Secondary Means","MANHATTAN","10035","Open","40.800729487678204","-73.9400928668498"
"70036834","2026-08-11T17:08:32.000","2026-08-11T17:08:32.000","General Construction/Plumbing","Building Permit - None","BROOKLYN","11223","Open","40.59283039916583","-73.9692143229059"
"70033589","2026-08-11T17:08:17.000",,"Missed Collection","Compost","STATEN ISLAND","10312","In Progress","40.55136569622254","-74.16486933966567"
"70033919","2026-08-11T17:08:17.000","2026-08-11T17:08:00.000","Water Maintenance","Fire Hydrant Running","MANHATTAN","10016","Closed","40.74513836661415","-73.98456475397388"
"70037828","2026-08-11T17:08:13.000","2026-08-11T19:53:13.000","Bike/Roller/Skate","N/A","QUEENS","11414","Closed","40.658218771750285","-73.84351665892954"
"70027731","2026-08-11T17:07:57.000",,"Illegal Dumping","Removal Request","QUEENS","11420","In Progress","40.663931065593516","-73.8159684162053"
"70033568","2026-08-11T17:07:40.000",,"Dirty Condition","Trash","QUEENS","11385","In Progress","40.70862523726853","-73.91204166672075"
"70032660","2026-08-11T17:07:28.000",,"Street Condition","Cave-in","MANHATTAN","10012","In Progress","40.72715025343509","-74.0028791212223"
"70032732","2026-08-11T17:07:25.000","2026-08-11T18:49:21.000","Illegal Parking","Posted Parking Sign Violation","BROOKLYN","11201","Closed","40.702913918747974","-73.99449270706157"
"70028162","2026-08-11T17:07:08.000","2026-08-11T17:25:13.000","Noise - Residential","Banging/Pounding","BROOKLYN","11214","Closed","40.60810108364675","-73.99938414563323"
"70026822","2026-08-11T17:06:45.000",,"Street Condition","Failed Street Repair","STATEN ISLAND","10312","In Progress","40.54907525856707","-74.18548922018972"
"70037957","2026-08-11T17:06:41.000","2026-08-11T17:32:44.000","Noise - Vehicle","Engine Idling","STATEN ISLAND","10312","Closed","40.54301985123008","-74.19722344297"
"70037307","2026-08-11T17:06:31.000",,"Consumer Complaint","Garage or Parking Lot","MANHATTAN","10069","In Progress","40.77811416881098","-73.98849275436359"
"70036625","2026-08-11T17:06:30.000",,"Dirty Condition","Trash","BRONX","10474","In Progress","40.81318354251718","-73.89560709957733"
"70030436","2026-08-11T17:06:17.000","2026-08-11T22:40:25.000","Noise - Street/Sidewalk","Loud Talking","QUEENS","11106","Closed","40.76004835512586","-73.92805138524696"
"70031461","2026-08-11T17:06:12.000",,"UNSANITARY CONDITION","MOLD","BRONX","10460","Open","40.83192412618967","-73.88933699883728"
"70027111","2026-08-11T17:06:12.000",,"UNSANITARY CONDITION","PESTS","BRONX","10460","Open","40.83192412618967","-73.88933699883728"
"70031407","2026-08-11T17:06:12.000",,"UNSANITARY CONDITION","PESTS","BRONX","10460","Open","40.83192412618967","-73.88933699883728"
"70034352","2026-08-11T17:06:12.000",,"DOOR/WINDOW","WINDOW FRAME","BRONX","10460","Open","40.83192412618967","-73.88933699883728"
"70036122","2026-08-11T17:06:12.000",,"DOOR/WINDOW","DOOR","BRONX","10460","Open","40.83192412618967","-73.88933699883728"
"70037407","2026-08-11T17:06:12.000",,"WATER LEAK","HEAVY FLOW","BRONX","10460","Open","40.83192412618967","-73.88933699883728"
"70029691","2026-08-11T17:06:06.000",,"Street Condition","Failed Street Repair","MANHATTAN","10013","In Progress","40.71685166683053","-74.00815985703929"
"70034891","2026-08-11T17:06:04.000","2026-08-11T22:17:09.000","Illegal Parking","Blocked Bike Lane","QUEENS","11106","Closed","40.76152904304947","-73.92572869413621"
"70029475","2026-08-11T17:05:54.000",,"Sewer Maintenance","Flooding on Street","BROOKLYN","11203","In Progress","40.65403615445643","-73.93062001873918"
"70036934","2026-08-11T17:05:53.000",,"Sewer Maintenance","Catch Basin Sunken","QUEENS","11433","In Progress","40.703293368133046","-73.79609176547133"
"70030409","2026-08-11T17:05:52.000","2026-08-11T17:53:04.000","Blocked Driveway","Partial Access","QUEENS","11355","Closed","40.75373676168313","-73.8263174201173"
"70029751","2026-08-11T17:05:50.000","2026-08-11T19:00:24.000","Illegal Parking","Posted Parking Sign Violation","BROOKLYN","11201","Closed","40.70319903480597","-73.98958406676019"
"70035990","2026-08-11T17:05:44.000",,"PLUMBING","WATER SUPPLY","BRONX","10462","Open","40.839430193875586","-73.85854033952474"
"70030010","2026-08-11T17:05:37.000",,"UNSANITARY CONDITION","GARBAGE/RECYCLING STORAGE","BROOKLYN","11234","Open","40.627936482135546","-73.93145772649653"
"70035318","2026-08-11T17:05:32.000","2026-08-11T17:05:32.000","General Construction/Plumbing","Building Permit - None","BROOKLYN","11228","Open","40.61808651809685","-74.00540303943139"
"70037866","2026-08-11T17:05:32.000","2026-08-11T18:55:28.000","Abandoned Vehicle","With License Plate","QUEENS","11357","Closed","40.78763154665235","-73.82266835113934"
"70037297","2026-08-11T17:05:15.000","2026-08-11T17:05:15.000","General Construction/Plumbing","Debris - Excessive","QUEENS","11105","Open","40.78221945815774","-73.91465624052934"
"70036305","2026-08-11T17:05:11.000","2026-08-11T18:14:09.000","Noise - Residential","Loud Music/Party","MANHATTAN","10011","Closed","40.744941695173566","-73.99560798717059"
"70037856","2026-08-11T17:04:56.000","2026-08-11T21:10:45.000","Noise - Street/Sidewalk","Loud Music/Party","QUEENS","11104","Closed","40.747245554347195","-73.91789862804245"
"70030611","2026-08-11T17:04:20.000",,"Missed Collection","Trash","QUEENS","11423","In Progress","40.72315539674071","-73.77448571522011"
"70036445","2026-08-11T17:04:08.000","2026-08-11T18:08:27.000","Illegal Parking","Blocked Bike Lane","QUEENS","11106","Closed","40.75753747954417","-73.92896370862897"
"70032789","2026-08-11T17:03:39.000",,"Taxi Complaint","Driver Complaint - Passenger","Unspecified",,"In Progress",,
"70029844","2026-08-11T17:03:32.000",,"Consumer Complaint","Restaurant","QUEENS","11413","In Progress","40.678261990764135","-73.74684073994182"
"70029673","2026-08-11T17:03:27.000",,"Construction Lead Dust","Common Areas and Apartment","QUEENS","11101","In Progress","40.74846584910902","-73.94928165590004"
"70032132","2026-08-11T17:03:11.000","2026-08-11T17:35:13.000","Vendor Enforcement","Food Vendor","MANHATTAN","10005","Closed","40.707725034843904","-74.01163215563263"
"70038021","2026-08-11T17:03:10.000",,"Maintenance or Facility","Structure - Outdoors","MANHATTAN","10025","In Progress","40.800245180318555","-73.97335875005403"
"70036896","2026-08-11T17:02:59.000",,"Water Maintenance","Fire Hydrant Running Full","MANHATTAN","10031","In Progress","40.821667450043606","-73.95481163398917"
"70035118","2026-08-11T17:02:53.000",,"Dirty Condition","Trash","STATEN ISLAND","10310","In Progress","40.63645993595861","-74.1233925995878"
"70031706","2026-08-11T17:02:52.000",,"Rodent","Rat Sighting","BROOKLYN","11205","In Progress","40.69340128606172","-73.96644528442854"
"70031460","2026-08-11T17:02:34.000",,"UNSANITARY CONDITION","MOLD","BROOKLYN","11221","Open","40.696434370831696","-73.93474473490231"
"70038118","2026-08-11T17:02:31.000",,"Dirty Condition","Trash","MANHATTAN","10030","In Progress","40.82197018354487","-73.94414205380122"
"70031924","2026-08-11T17:02:07.000","2026-08-11T18:10:08.000","Illegal Parking","Blocked Sidewalk","QUEENS","11103","Closed","40.76958062747012","-73.91559304356464"
"70036446","2026-08-11T17:02:06.000","2026-08-11T18:09:04.000","Illegal Parking","Blocked Bike Lane","QUEENS","11101","Closed","40.75347724034348","-73.93225976415302"
"70028222","2026-08-11T17:01:57.000",,"Street Condition","Failed Street Repair","MANHATTAN","10027","In Progress","40.808862244482256","-73.95212551389346"
"70030205","2026-08-11T17:01:57.000",,"Rodent","Rat Sighting","BROOKLYN","11229","In Progress","40.60566448506206","-73.93994378124357"
"70026670","2026-08-11T17:01:45.000","2026-08-11T20:43:41.000","Noise - Commercial","Loud Music/Party","MANHATTAN","10013","Closed","40.720044107703515","-73.99906204047267"
"70027824","2026-08-11T17:01:16.000",,"Graffiti","Graffiti","BROOKLYN","11232","Open","40.66085862167369","-73.99762834699733"
"70038014","2026-08-11T17:01:14.000",,"Maintenance or Facility","Grass/Weeds","BRONX","10452","In Progress","40.84308106119238","-73.9226161644439"
"70031694","2026-08-11T17:00:58.000",,"Rodent","Rat Sighting","BROOKLYN","11206","In Progress","40.70258011117689","-73.94571357990677"
"70027537","2026-08-11T17:00:55.000","2026-08-11T19:00:23.000","Illegal Parking","Overnight Commercial Storage","QUEENS","11357","Closed","40.78763154665235","-73.82266835113934"
"70026897","2026-08-11T17:00:55.000","2026-08-11T18:42:00.000","Illegal Parking","Blocked Sidewalk","BROOKLYN","11201","Closed","40.70282332714429","-73.99420057956027"
"70032096","2026-08-11T17:00:50.000",,"Illegal Dumping","Removal Request","QUEENS","11412","In Progress","40.70315577859612","-73.77386450338388"
"70033253","2026-08-11T17:00:50.000",,"Root/Sewer/Sidewalk Condition","Trees and Sidewalks Program","QUEENS","11420","In Progress","40.67422754395868","-73.82170450520631"
"70026981","2026-08-11T17:00:10.000",,"Consumer Complaint","Street Fair Vendor","MANHATTAN","10018","In Progress","40.75408076696516","-73.9846529163895"
"70034587","2026-08-11T17:00:00.000",,"ELECTRIC","OUTLET/SWITCH","QUEENS","11368","Open","40.73564797499322","-73.85994783080642"
"70028538","2026-08-11T17:00:00.000",,"PLUMBING","WATER SUPPLY","QUEENS","11368","Open","40.73564797499322","-73.85994783080642"
"70026922","2026-08-11T16:59:35.000",,"Poison Ivy","N/A","BRONX","10458","In Progress","40.86955850820679","-73.8882728327806"
"70034200","2026-08-11T16:59:32.000","2026-08-11T18:42:11.000","Illegal Parking","Posted Parking Sign Violation","BROOKLYN","11201","Closed","40.70299352709158","-73.9947090973228"
"70036166","2026-08-11T16:59:15.000","2026-08-11T16:59:15.000","Elevator","Elevator - Single Device On Property/No Alternate Service","BROOKLYN","11230","Open","40.61312583484479","-73.95400193863591"
"70028991","2026-08-11T16:59:03.000","2026-08-11T17:14:26.000","Noise - Commercial","Loud Music/Party","MANHATTAN","10023","Closed","40.7779047511921","-73.98208745958574"
"70036198","2026-08-11T16:58:57.000",,"Rodent","Rat Sighting","BROOKLYN","11209","In Progress","40.63370310771024","-74.03084776670191"
"70029566","2026-08-11T16:58:33.000","2026-08-11T17:28:18.000","Panhandling","N/A","BRONX","10467","Closed","40.867300216067434","-73.87046291769273"
"70037891","2026-08-11T16:58:10.000","2026-08-11T19:56:15.000","Blocked Driveway","No Access","QUEENS","11374","Closed","40.727245565635535","-73.85937018083347"
"70033629","2026-08-11T16:58:02.000",,"Dirty Condition","Trash","BROOKLYN","11217","In Progress","40.67987065212884","-73.98438156555675"
"70026730","2026-08-11T16:58:01.000","2026-08-11T19:37:42.000","Illegal Parking","Blocked Hydrant","BROOKLYN","11204","Closed","40.61757484843698","-73.9829445361688"
"70032347","2026-08-11T16:58:01.000",,"Lead","Lead Kit","QUEENS","11365","In Progress","40.74213404372234","-73.792735850454"
"70026323","2026-08-11T16:57:58.000",,"Graffiti","Graffiti","BROOKLYN","11232","Open","40.65597560738326","-74.00414468285818"
"70027400","2026-08-11T16:57:38.000",,"Dead/Dying Tree","Planted More Than 2 Years Ago","QUEENS","11361","In Progress","40.7548427307323","-73.78111724980049"
"70034620","2026-08-11T16:57:19.000","2026-08-11T19:31:00.000","Homeless Person Assistance","Non-Chronic","BRONX","10463","Closed","40.88588042674704","-73.89627050058768"
"70029418","2026-08-11T16:57:18.000","2026-08-11T17:33:00.000","Water Maintenance","Water Main Break","QUEENS","11420","Closed","40.67422754395868","-73.82170450520631"
"70027560","2026-08-11T16:57:11.000","2026-08-11T18:11:21.000","Illegal Parking","Posted Parking Sign Violation","QUEENS","11102","Closed","40.77198836620203","-73.92866668659158"
"70034333","2026-08-11T16:56:41.000",,"Highway Condition","Unsafe Worksite","QUEENS",,"In Progress",,
"70037092","2026-08-11T16:56:31.000","2026-08-12T00:30:46.000","Illegal Parking","Unauthorized Bus Layover","BROOKLYN","11210","Closed","40.624409070280656","-73.94627428773825"
"70036070","2026-08-11T16:56:29.000",,"GENERAL","VENTILATION SYSTEM","MANHATTAN","10032","Open","40.83697800439131","-73.93821714869233"
"70027254","2026-08-11T16:56:29.000",,"ELECTRIC","NO LIGHTING","MANHATTAN","10029","Open","40.791200822442036","-73.94786954771808"
"70027148","2026-08-11T16:56:29.000",,"SAFETY","FIRE ESCAPE","BROOKLYN","11230","Open","40.62223013565234","-73.9700941207481"
"70028590","2026-08-11T16:56:29.000",,"PAINT/PLASTER","CEILING","MANHATTAN","10032","Open","40.83697800439131","-73.93821714869233"
"70038071","2026-08-11T16:56:28.000",,"Litter Basket Request","New Basket","MANHATTAN","10019","In Progress","40.76514203092833","-73.98425326980676"
"70035518","2026-08-11T16:56:18.000","2026-08-11T17:17:27.000","Noise - Residential","Banging/Pounding","BROOKLYN","11235","Closed","40.58011815730893","-73.95729345244114"
"70031947","2026-08-11T16:56:12.000","2026-08-11T17:24:49.000","Noise - Residential","Banging/Pounding","STATEN ISLAND","10301","Closed","40.6417497172247","-74.08670991368686"
"70031083","2026-08-11T16:56:11.000","2026-08-11T18:07:35.000","Illegal Parking","Posted Parking Sign Violation","BROOKLYN","11235","Closed","40.585689379879035","-73.94880043087157"
"70034050","2026-08-11T16:55:54.000","2026-08-11T18:08:11.000","Blocked Driveway","No Access","BROOKLYN","11229","Closed","40.597839390911034","-73.95234883766317"
"70036652","2026-08-11T16:55:52.000","2026-08-11T17:05:15.000","Vendor Enforcement","Food Vendor","MANHATTAN","10006","Closed","40.70954754148294","-74.01179118028718"
"70031907","2026-08-11T16:55:48.000","2026-08-11T17:17:27.000","Noise - Vehicle","Car/Truck Music","QUEENS","11412","Closed","40.70295919808535","-73.76080197509765"
"70030396","2026-08-11T16:55:42.000","2026-08-11T17:54:22.000","Illegal Parking","Blocked Sidewalk","QUEENS","11101","Closed","40.74130419176959","-73.95440061901006"
"70028829","2026-08-11T16:55:41.000","2026-08-11T20:54:13.000","Abandoned Vehicle","With License Plate","QUEENS","11419","Closed","40.69187903959105","-73.82337376959819"
"70037314","2026-08-11T16:55:40.000",,"Sidewalk Condition","Sidewalk Violation","QUEENS","11427","In Progress","40.72591636991243","-73.74539695526232"
"70030919","2026-08-11T16:55:24.000",,"Water Maintenance","Fire Hydrant Running","QUEENS","11368","In Progress",,
"70033530","2026-08-11T16:55:07.000",,"Maintenance or Facility","Rodent Sighting","MANHATTAN","10026","In Progress","40.80355355633978","-73.95119380772985"
"70030728","2026-08-11T16:55:00.000","2026-08-11T18:50:00.000","Traffic Signal Condition","Pedestrian Signal","BROOKLYN","11216","Closed","40.68039039639543","-73.94955696438566"
"70028318","2026-08-11T16:54:38.000","2026-08-11T18:25:35.000","Illegal Parking","Blocked Sidewalk","BROOKLYN","11222","Closed","40.72699247279165","-73.95298167828521"
"70029483","2026-08-11T16:54:23.000",,"Sewer Maintenance","Backup","BROOKLYN","11203","In Progress","40.65269998519376","-73.93629754468787"
"70030466","2026-08-11T16:54:13.000",,"Abandoned Vehicle","With License Plate","STATEN ISLAND","10302","In Progress","40.624155285120665","-74.13536570270877"
"70031705","2026-08-11T16:54:10.000",,"Rodent","Rat Sighting","BROOKLYN","11205","In Progress","40.69338481639967","-73.96644168662264"
"70030331","2026-08-11T16:54:08.000","2026-08-11T18:55:54.000","Noise - Vehicle","Car/Truck Music","QUEENS","11423","Closed","40.71641040546219","-73.76035689238333"
"70036248","2026-08-11T16:54:07.000",,"Wood Pile Remaining","Remove Debris","QUEENS","11367","In Progress","40.72619836753127","-73.82078255072553"
"70029589","2026-08-11T16:54:03.000","2026-08-11T19:26:05.000","Drinking","In Public","BRONX","10467","Closed","40.87905459473609","-73.87438525598684"
"70029240","2026-08-11T16:54:00.000","2026-08-11T18:45:00.000","Traffic Signal Condition","Controller","BROOKLYN","11216","Closed","40.68039039639543","-73.94955696438566"
"70033697","2026-08-11T16:54:00.000","2026-08-11T18:55:00.000","Traffic Signal Condition","APS","BROOKLYN","11216","Closed","40.68039039639543","-73.94955696438566"
"70033909","2026-08-11T16:53:48.000",,"Water Maintenance","Fire Hydrant Running","MANHATTAN","10040","In Progress","40.85844745053305","-73.92927888866892"
"70032971","2026-08-11T16:53:29.000",,"UNSANITARY CONDITION","MOLD","MANHATTAN","10025","Open","40.79174188819008","-73.97283488520516"
"70032790","2026-08-11T16:53:26.000",,"Taxi Complaint","Driver Complaint - Passenger","QUEENS","11430","In Progress","40.64832048620134","-73.78828125130184"
"70033931","2026-08-11T16:53:24.000","2026-08-11T16:58:00.000","Sewer Maintenance","Manhole Overflow","QUEENS","11355","Closed","40.75835401808714","-73.81099698539238"
"70037379","2026-08-11T16:53:18.000",,"UNSANITARY CONDITION","SEWAGE","BRONX","10468","Open","40.87277956585497","-73.90204010051565"
"70029689","2026-08-11T16:53:11.000",,"Sidewalk Condition","Blocked - Construction","BROOKLYN","11226","In Progress","40.65528778709063","-73.9521960788377"
"70032870","2026-08-11T16:53:10.000",,"Asbestos","N/A","MANHATTAN","10030","In Progress","40.81793343078267","-73.94012434683754"
"70033679","2026-08-11T16:53:09.000",,"Street Condition","Pothole","QUEENS","11355","Open",,
"70035594","2026-08-11T16:53:09.000","2026-08-11T17:14:18.000","Abandoned Vehicle","With License Plate","MANHATTAN","10002","Closed","40.71307694012848","-73.98505914502994"
"70037762","2026-08-11T16:53:08.000","2026-08-11T17:14:18.000","Noise - Residential","Banging/Pounding","BROOKLYN","11205","Closed","40.695945787558024","-73.97830129757128"
"70037454","2026-08-11T16:53:08.000",,"UNSANITARY CONDITION","MOLD","QUEENS","11375","Open","40.71444226799476","-73.83530083813238"
"70037259","2026-08-11T16:53:04.000",,"Food Establishment","Food Spoiled","BROOKLYN","11220","In Progress","40.640028180268914","-74.00843871949101"
"70029502","2026-08-11T16:53:00.000","2026-08-11T21:56:00.000","Derelict Vehicles","Derelict Vehicles","QUEENS","11421","Closed","40.69435948404059","-73.85412407783541"
"70035587","2026-08-11T16:52:53.000","2026-08-11T20:07:31.000","Noise - Commercial","Loud Music/Party","BROOKLYN","11209","Closed","40.63596295615961","-74.03712882548922"
"70035063","2026-08-11T16:52:49.000",,"Missed Collection","Compost","QUEENS","11691","In Progress","40.60511091692235","-73.76924475537434"
"70029033","2026-08-11T16:52:38.000",,"Maintenance or Facility","Grass/Weeds","BROOKLYN","11207","In Progress","40.65772044693936","-73.89538183949237"
"70030547","2026-08-11T16:52:27.000",,"Maintenance or Facility","Rodent Sighting","MANHATTAN","10026","In Progress","40.803888938111285","-73.95245056612188"
"70037916","2026-08-11T16:52:18.000","2026-08-11T16:55:27.000","Illegal Parking","Blocked Sidewalk","QUEENS","11103","Closed","40.76958062747012","-73.91559304356464"
"70032137","2026-08-11T16:52:14.000","2026-08-11T17:05:10.000","Vendor Enforcement","Non-Food Vendor","MANHATTAN","10004","Closed","40.70586939899876","-74.01325487814718"
"70031137","2026-08-11T16:52:10.000","2026-08-11T17:08:09.000","Illegal Parking","Posted Parking Sign Violation","BROOKLYN","11226","Closed","40.65229890808396","-73.95265230858087"
"70033727","2026-08-11T16:51:52.000",,"Graffiti","Graffiti","BROOKLYN","11207","Open","40.66799460793045","-73.89587399068165"
"70030873","2026-08-11T16:51:51.000",,"Lead","Lead Kit","QUEENS","11385","In Progress","40.70264436834026","-73.88411646011056"
"70028161","2026-08-11T16:51:24.000","2026-08-11T17:24:05.000","Noise - Residential","Banging/Pounding","BROOKLYN","11214","Closed","40.60810108364675","-73.99938414563323"
"70036602","2026-08-11T16:51:09.000",,"Illegal Dumping","Removal Request","BROOKLYN","11207","In Progress","40.65772044693936","-73.89538183949237"
"70032565","2026-08-11T16:51:04.000","2026-08-11T18:08:43.000","Illegal Parking","Blocked Sidewalk","BROOKLYN","11229","Closed","40.60536296463767","-73.95255234556488"
"70037861","2026-08-11T16:50:42.000","2026-08-11T21:16:50.000","Illegal Parking","Blocked Sidewalk","QUEENS","11377","Closed","40.74093208744588","-73.92105316741839"
"70037308","2026-08-11T16:50:38.000",,"Consumer Complaint","Hardware Store","BROOKLYN","11237","In Progress","40.69924280046651","-73.91837248046943"
"70027562","2026-08-11T16:50:37.000","2026-08-11T16:55:27.000","Illegal Parking","Commercial Overnight Parking","QUEENS","11103","Closed","40.76049533018289","-73.915322997992"
"70033089","2026-08-11T16:50:31.000",,"GENERAL","VENTILATION SYSTEM","BROOKLYN","11218","Open","40.63769164250908","-73.97051956171117"
"70032970","2026-08-11T16:50:31.000",,"UNSANITARY CONDITION","MOLD","BROOKLYN","11218","Open","40.63769164250908","-73.97051956171117"
"70028710","2026-08-11T16:50:25.000",,"Rodent","Rat Sighting","BRONX","10472","In Progress","40.82863546631785","-73.86562392880305"
"70030009","2026-08-11T16:50:20.000",,"UNSANITARY CONDITION","GARBAGE/RECYCLING STORAGE","QUEENS","11355","Open","40.75902175725611","-73.82004449748678"
"70030925","2026-08-11T16:50:19.000","2026-08-11T18:21:00.000","Water Maintenance","Fire Hydrant Leaking","QUEENS","11355","Closed","40.75475181570861","-73.82061549358102"
"70036220","2026-08-11T16:50:14.000",,"Overgrown Tree/Branches","Traffic Sign or Signal Blocked","BRONX","10463","In Progress","40.88532712317671","-73.90726554766451"
"70033536","2026-08-11T16:50:13.000",,"Highway Condition","Graffiti - Highway","BROOKLYN",,"In Progress",,
"70026805","2026-08-11T16:50:12.000",,"Street Condition","Cave-in","MANHATTAN","10009","In Progress","40.72808526273737","-73.9849114612185"
"70030069","2026-08-11T16:50:10.000",,"PAINT/PLASTER","CEILING","BRONX","10458","Open","40.857476524897585","-73.89134056913143"
"70031614","2026-08-11T16:50:10.000",,"DOOR/WINDOW","WINDOW PANE","BRONX","10458","Open","40.857476524897585","-73.89134056913143"
"70031492","2026-08-11T16:50:05.000",,"SAFETY","CARBON MONOXIDE DETECTOR","BROOKLYN","11221","Open","40.689334879896116","-73.9233787488577"
"70028443","2026-08-11T16:50:05.000",,"WATER LEAK","SLOW LEAK","BROOKLYN","11221","Open","40.689334879896116","-73.9233787488577"
"70030016","2026-08-11T16:50:05.000",,"SAFETY","SMOKE DETECTOR","BROOKLYN","11221","Open","40.689334879896116","-73.9233787488577"
"70028041","2026-08-11T16:50:04.000",,"Noise","Dog","MANHATTAN","10027","In Progress","40.81009325451174","-73.94893125083748"
"70033806","2026-08-11T16:50:00.000","2026-08-11T16:50:00.000","General Construction/Plumbing","Site Conditions Endangering Workers","BROOKLYN","11205","Assigned","40.694936443145664","-73.95311607609447"
"70037207","2026-08-11T16:49:49.000","2026-08-11T19:07:28.000","Non-Emergency Police Matter","Other (complaint details)","BROOKLYN","11217","Closed","40.67873705679842","-73.98435298862437"
"70034669","2026-08-11T16:49:44.000",,"Rodent","Rat Sighting","BROOKLYN","11205","In Progress","40.69344783823109","-73.96607383292009"
"70026955","2026-08-11T16:49:28.000",,"Curb Condition","Broken Curb","QUEENS","11377","In Progress","40.741806928064136","-73.91612984137471"
"70027021","2026-08-11T16:49:23.000",,"Street Sign - Missing","Other/Unknown","MANHATTAN","10001","In Progress","40.75002423307544","-73.98625270889495"
"70032393","2026-08-11T16:49:15.000",,"Water Maintenance","Fire Hydrant Running","BRONX","10469","In Progress","40.8619268700004","-73.86167389646"
"70027394","2026-08-11T16:48:47.000",,"Overgrown Tree/Branches","Blocking Street","QUEENS","11413","In Progress","40.67898212328105","-73.74604843884518"
"70037747","2026-08-11T16:48:45.000",,"Damaged Tree","Branch or Limb Has Fallen Down","STATEN ISLAND","10306","In Progress","40.57626540872216","-74.11102056472643"
"70027300","2026-08-11T16:48:39.000","2026-08-11T19:52:05.000","Homeless Person Assistance","Non-Chronic","BROOKLYN","11212","Closed","40.66889978915303","-73.90468624692804"
"70026542","2026-08-11T16:48:39.000",,"Water Maintenance","Fire Hydrant Running","QUEENS","11368","In Progress","40.73928968159093","-73.85287456938296"
"70035402","2026-08-11T16:48:31.000",,"Sewer Maintenance","Catch Basin Clogged","BROOKLYN","11207","In Progress","40.6776574926493","-73.89425456902218"
"70037069","2026-08-11T16:48:16.000","2026-08-11T21:22:49.000","Noise - Residential","Loud Music/Party","BROOKLYN","11228","Closed","40.60741151675171","-74.01198562672086"
"70036867","2026-08-11T16:48:07.000",,"Hazardous Material","Chemical Odor","BROOKLYN","11208","In Progress","40.681814165124116","-73.88129351873188"
"70033452","2026-08-11T16:47:44.000","2026-08-11T17:42:09.000","Illegal Parking","Commercial Overnight Parking","STATEN ISLAND","10308","Closed","40.558515316380536","-74.15136261591304"
"70036902","2026-08-11T16:47:42.000","2026-08-11T16:48:00.000","Water Maintenance","Fire Hydrant Running Full","MANHATTAN","10035","Closed","40.803698127975856","-73.93791211605358"
"70027165","2026-08-11T16:47:25.000",,"PLUMBING","RADIATOR","BRONX","10467","Open","40.87753665076162","-73.86224530742018"
"70033069","2026-08-11T16:47:25.000",,"PAINT/PLASTER","CEILING","BRONX","10467","Open","40.87753665076162","-73.86224530742018"
"70030565","2026-08-11T16:47:25.000",,"Residential Disposal Complaint","Bin Not Used","BRONX","10472","In Progress","40.82863546631785","-73.86562392880305"
"70037502","2026-08-11T16:47:25.000",,"PLUMBING","BASIN/SINK","BRONX","10467","Open","40.87753665076162","-73.86224530742018"
"70031638","2026-08-11T16:47:23.000",,"DOOR/WINDOW","DOOR","BRONX","10458","Open","40.85799875372068","-73.89212417575685"
"70034508","2026-08-11T16:47:23.000",,"PAINT/PLASTER","WALL","BRONX","10458","Open","40.85799875372068","-73.89212417575685"
"70034561","2026-08-11T16:47:23.000",,"GENERAL","CABINET","BRONX","10458","Open","40.85799875372068","-73.89212417575685"
"70034576","2026-08-11T16:47:23.000",,"FLOORING/STAIRS","FLOOR","BRONX","10458","Open","40.85799875372068","-73.89212417575685"
"70028648","2026-08-11T16:47:23.000",,"ELECTRIC","LIGHTING","BRONX","10458","Open","40.85799875372068","-73.89212417575685"
"70036013","2026-08-11T16:47:23.000",,"PLUMBING","BATHTUB/SHOWER","BRONX","10458","Open","40.85799875372068","-73.89212417575685"
"70037510","2026-08-11T16:47:23.000",,"PLUMBING","BASIN/SINK","BRONX","10458","Open","40.85799875372068","-73.89212417575685"
"70032433","2026-08-11T16:47:10.000",,"Noise","Boat","BRONX","10465","In Progress","40.84474056330526","-73.81536339866841"
"70032966","2026-08-11T16:47:09.000",,"UNSANITARY CONDITION","MOLD","MANHATTAN","10035","Open","40.80550694791084","-73.93799712086526"
"70035928","2026-08-11T16:47:09.000",,"UNSANITARY CONDITION","PESTS","MANHATTAN","10035","Open","40.80550694791084","-73.93799712086526"
"70035953","2026-08-11T16:47:09.000",,"UNSANITARY CONDITION","PESTS","MANHATTAN","10035","Open","40.80550694791084","-73.93799712086526"
"70031538","2026-08-11T16:47:06.000",,"PAINT/PLASTER","CEILING","QUEENS","11377","Open","40.745621944684125","-73.91219492105698"
"70028671","2026-08-11T16:47:05.000",,"APPLIANCE","ELECTRIC/GAS RANGE","BRONX","10458","Open","40.85630129520839","-73.88243530099649"
"70032993","2026-08-11T16:47:04.000",,"UNSANITARY CONDITION","GARBAGE/RECYCLING STORAGE","BROOKLYN","11207","Open","40.682350925618074","-73.90680147696649"
"70034646","2026-08-11T16:47:00.000","2026-08-11T16:47:00.000","Elevator","Elevator - Single Device On Property/No Alternate Service","BROOKLYN","11216","Open","40.68413952135013","-73.94902410591199"
"70032593","2026-08-11T16:47:00.000",,"Illegal Parking","License Plate Obscured","BROOKLYN","11218","In Progress","40.6354445049838","-73.97401542891882"
"70027444","2026-08-11T16:46:56.000","2026-08-11T18:10:37.000","Illegal Parking","Double Parked Blocking Traffic","MANHATTAN","10012","Closed","40.722206980352325","-73.9995129667477"
"70036189","2026-08-11T16:46:53.000",,"Rodent","Rat Sighting","BROOKLYN","11221","In Progress","40.68649770568062","-73.91679795831946"
"70031959","2026-08-11T16:46:51.000","2026-08-11T17:32:44.000","Abandoned Vehicle","With License Plate","STATEN ISLAND","10312","Closed","40.54809111871452","-74.19468364490005"
"70032584","2026-08-11T16:46:45.000","2026-08-11T17:45:47.000","Illegal Parking","Blocked Hydrant","BROOKLYN","11204","Closed","40.61883028748746","-73.99328214611717"
"70034872","2026-08-11T16:46:43.000","2026-08-11T17:00:10.000","Illegal Parking","Blocked Crosswalk","QUEENS","11364","Closed","40.74672418129076","-73.7580138817172"
"70028167","2026-08-11T16:46:19.000","2026-08-11T17:24:19.000","Noise - Residential","Banging/Pounding","BROOKLYN","11214","Closed","40.60810108364675","-73.99938414563323"
"70033967","2026-08-11T16:45:50.000",,"Noise - Street/Sidewalk","Loud Music/Party","BRONX","10472","In Progress","40.829030246155156","-73.86759968856889"
"70029698","2026-08-11T16:45:41.000",,"Street Condition","Cave-in","QUEENS","11432","In Progress","40.71336562363818","-73.80177473299842"
"70037683","2026-08-11T16:45:36.000",,"Rodent","Rat Sighting","MANHATTAN","10026","In Progress","40.8037024023158","-73.95270715642923"
"70034686","2026-08-11T16:45:17.000",,"Dead/Dying Tree","Planted More Than 2 Years Ago","BROOKLYN","11220","In Progress","40.638324104510325","-74.0245372386203"
"70032791","2026-08-11T16:45:09.000",,"Taxi Report","Driver Report - Passenger","QUEENS","11430","In Progress","40.64832048620134","-73.78828125130184"
"70030499","2026-08-11T16:45:07.000","2026-08-11T17:08:14.000","Illegal Parking","Posted Parking Sign Violation","MANHATTAN","10065","Closed","40.76461681260692","-73.95832311500644"
"70026868","2026-08-11T16:44:39.000","2026-08-11T17:14:18.000","Encampment","N/A","BROOKLYN","11216","Closed","40.68852878509207","-73.95663266190411"
"70033609","2026-08-11T16:44:23.000",,"Illegal Dumping","Removal Request","BROOKLYN","11207","In Progress","40.6783578444574","-73.89176941761448"
"70035683","2026-08-11T16:44:17.000","2026-08-11T18:55:23.000","Illegal Parking","Blocked Crosswalk","BROOKLYN","11217","Closed","40.683456546319505","-73.97561561565877"
"70027156","2026-08-11T16:44:14.000",,"PLUMBING","WATER SUPPLY","BRONX","10473","Open","40.81455715689896","-73.8650779409606"
"70032992","2026-08-11T16:44:11.000",,"UNSANITARY CONDITION","GARBAGE/RECYCLING STORAGE","BROOKLYN","11209","Open","40.63462933562578","-74.02584013689804"
"70032731","2026-08-11T16:44:06.000","2026-08-11T18:55:41.000","Illegal Parking","Posted Parking Sign Violation","BROOKLYN","11201","Closed","40.70390727672419","-73.99066234846136"
"70027274","2026-08-11T16:44:05.000",,"DOOR/WINDOW","DOOR","QUEENS","11433","Open","40.70405729434087","-73.78160860060744"
"70031456","2026-08-11T16:44:05.000",,"UNSANITARY CONDITION","MOLD","QUEENS","11433","Open","40.70405729434087","-73.78160860060744"
"70031404","2026-08-11T16:44:05.000",,"UNSANITARY CONDITION","PESTS","QUEENS","11433","Open","40.70405729434087","-73.78160860060744"
"70033138","2026-08-11T16:44:05.000",,"DOOR/WINDOW","WINDOW FRAME","QUEENS","11433","Open","40.70405729434087","-73.78160860060744"
"70032896","2026-08-11T16:44:05.000",,"WATER LEAK","SLOW LEAK","MANHATTAN","10025","Open","40.80049135690748","-73.96990929025809"
"70029924","2026-08-11T16:44:05.000",,"WATER LEAK","SLOW LEAK","QUEENS","11433","Open","40.70405729434087","-73.78160860060744"
"70033036","2026-08-11T16:44:05.000",,"PLUMBING","BATHTUB/SHOWER","QUEENS","11433","Open","40.70405729434087","-73.78160860060744"
"70036007","2026-08-11T16:44:05.000",,"PLUMBING","STEAM PIPE/RISER","QUEENS","11433","Open","40.70405729434087","-73.78160860060744"
"70035945","2026-08-11T16:44:05.000",,"UNSANITARY CONDITION","PESTS","QUEENS","11433","Open","40.70405729434087","-73.78160860060744"
"70037489","2026-08-11T16:44:05.000",,"PLUMBING","TOILET","QUEENS","11433","Open","40.70405729434087","-73.78160860060744"
"70037255","2026-08-11T16:43:51.000",,"Food Establishment","Rodents/Insects/Garbage","QUEENS","11372","In Progress","40.74896764519941","-73.87117302492621"
"70032102","2026-08-11T16:43:11.000",,"Illegal Dumping","Removal Request","BROOKLYN","11207","In Progress","40.67823241243633","-73.8926529141874"
"70028851","2026-08-11T16:42:50.000","2026-08-11T21:16:51.000","Abandoned Vehicle","With License Plate","QUEENS","11385","Closed","40.70577514677119","-73.86319897554749"
"70036948","2026-08-11T16:42:48.000",,"Noise","Boat","BRONX","10465","In Progress","40.84474056330526","-73.81536339866841"
"70029856","2026-08-11T16:42:41.000",,"Sidewalk Condition","Broken Sidewalk","QUEENS","11433","In Progress","40.69819511546039","-73.78487353244464"
"70033293","2026-08-11T16:42:33.000","2026-08-11T19:56:54.000","Noise - Residential","Banging/Pounding","BRONX","10472","Closed","40.83505215618761","-73.87498149158993"
"70029024","2026-08-11T16:42:28.000","2026-08-11T17:01:07.000","Illegal Parking","Blocked Sidewalk","MANHATTAN","10034","Closed","40.86316627789193","-73.91788566992008"
"70034692","2026-08-11T16:42:27.000",,"Damaged Tree","Entire Tree Has Fallen Down","BROOKLYN","11220","In Progress","40.63978661725544","-74.02659880556418"
"70036427","2026-08-11T16:42:23.000","2026-08-11T17:03:12.000","Illegal Parking","Blocked Bike Lane","QUEENS","11362","Closed","40.758429610853824","-73.75625678243127"
"70030613","2026-08-11T16:42:18.000",,"Missed Collection","Recycling - Paper","BROOKLYN","11206","In Progress","40.6983733638938","-73.93205248870018"
"70035067","2026-08-11T16:42:14.000",,"Missed Collection","Trash","BROOKLYN","11206","In Progress","40.6983733638938","-73.93205248870018"
"70036725","2026-08-11T16:42:04.000",,"Graffiti","Graffiti","BROOKLYN","11206","Open","40.698678769463356","-73.93822990899717"
"70030682","2026-08-11T16:42:02.000",,"Outdoor Dining","Site Setup Condition","MANHATTAN","10002","In Progress","40.71523773964147","-73.99172851497241"
"70032553","2026-08-11T16:41:51.000","2026-08-11T17:23:55.000","Non-Emergency Police Matter","Other (complaint details)","BROOKLYN","11223","Closed","40.5878210142213","-73.96875218138328"
"70033942","2026-08-11T16:41:44.000",,"Noise","Construction Equipment","QUEENS","11101","In Progress","40.74846584910902","-73.94928165590004"
"70029970","2026-08-11T16:41:36.000",,"UNSANITARY CONDITION","PESTS","BRONX","10457","Open","40.844520652772054","-73.90941149309147"
"70035592","2026-08-11T16:41:36.000","2026-08-11T17:11:18.000","Illegal Parking","Blocked Hydrant","BROOKLYN","11209","Closed","40.61408504327833","-74.03451975145853"
"70035722","2026-08-11T16:41:20.000","2026-08-11T16:56:17.000","Panhandling","N/A","BROOKLYN","11238","Closed","40.68759920755278","-73.96772104503273"
"70035810","2026-08-11T16:41:12.000",,"Sidewalk Condition","Broken Sidewalk","MANHATTAN","10022","In Progress","40.7592503718108","-73.96518121795998"
"70027246","2026-08-11T16:41:03.000",,"FLOORING/STAIRS","FLOOR","BRONX","10454","Open","40.80300907320588","-73.90881782132281"
"70031591","2026-08-11T16:41:03.000",,"FLOORING/STAIRS","FLOOR","BRONX","10454","Open","40.80300907320588","-73.90881782132281"
"70031403","2026-08-11T16:41:03.000",,"UNSANITARY CONDITION","PESTS","BRONX","10454","Open","40.80300907320588","-73.90881782132281"
"70037573","2026-08-11T16:41:03.000",,"FLOORING/STAIRS","FLOOR","BRONX","10454","Open","40.80300907320588","-73.90881782132281"
"70036003","2026-08-11T16:41:03.000",,"PLUMBING","TOILET","BRONX","10454","Open","40.80300907320588","-73.90881782132281"
"70027039","2026-08-11T16:41:02.000",,"APPLIANCE","REFRIGERATOR","MANHATTAN","10040","Open","40.860758391369025","-73.92912097889744"
"70028660","2026-08-11T16:41:02.000",,"DOOR/WINDOW","DOOR","MANHATTAN","10040","Open","40.860758391369025","-73.92912097889744"
"70028005","2026-08-11T16:41:01.000","2026-08-11T18:07:00.000","Water Maintenance","Fire Hydrant Running Full","BRONX","10457","Closed","40.84825562757735","-73.90528227116515"
"70029362","2026-08-11T16:40:58.000","2026-08-11T16:40:58.000","Building/Use","Illegal Conversion Of Residential Building/Space","QUEENS","11419","Open","40.68828278785991","-73.81771133161878"
"70037068","2026-08-11T16:40:53.000","2026-08-11T20:00:40.000","Abandoned Vehicle","With License Plate","BROOKLYN","11219","Closed","40.62539316866226","-73.9949494062944"
"70030343","2026-08-11T16:40:52.000","2026-08-11T18:32:09.000","Blocked Driveway","Partial Access","QUEENS","11379","Closed","40.71676250722231","-73.88873458834932"
"70033828","2026-08-11T16:40:46.000","2026-08-11T16:40:46.000","General Construction/Plumbing","Building Permit - None","QUEENS","11423","Open","40.727943032644305","-73.78056338466864"
"70032207","2026-08-11T16:40:46.000","2026-08-11T16:40:46.000","General Construction/Plumbing","Debris - Falling Or In Danger Of Falling","MANHATTAN","10009","Open","40.72250532442226","-73.98612850928905"
"70029361","2026-08-11T16:40:46.000","2026-08-11T16:40:46.000","Building/Use","Illegal Conversion Of Residential Building/Space","QUEENS","11419","Open","40.68829099359273","-73.8176932800533"
"70034769","2026-08-11T16:40:37.000","2026-08-11T19:21:49.000","Abandoned Vehicle","With License Plate","QUEENS","11418","Closed","40.69097747128425","-73.84333881069321"
"70034082","2026-08-11T16:40:34.000","2026-08-11T16:55:28.000","Illegal Parking","Blocked Sidewalk","BROOKLYN","11203","Closed","40.65378661353079","-73.93100950538216"
"70026704","2026-08-11T16:40:32.000","2026-08-11T19:39:35.000","Noise - Residential","Banging/Pounding","BROOKLYN","11229","Closed","40.60693123331097","-73.95501460563418"
"70026906","2026-08-11T16:40:25.000","2026-08-11T18:20:29.000","Noise - Street/Sidewalk","Loud Music/Party","BROOKLYN","11211","Closed","40.71359212645109","-73.95903677793036"
"70033204","2026-08-11T16:40:05.000",,"Rodent","Rat Sighting","BRONX","10454","In Progress","40.80300907320588","-73.90881782132281"
"70038029","2026-08-11T16:39:53.000",,"Residential Disposal Complaint","Bin Not Used","BROOKLYN","11207","In Progress","40.682350925618074","-73.90680147696649"
"70028954","2026-08-11T16:39:44.000","2026-08-11T16:55:36.000","Noise - Residential","Loud Music/Party","STATEN ISLAND","10305","Closed","40.61312155387622","-74.06604544971368"
"70027510","2026-08-11T16:39:21.000","2026-08-12T00:35:46.000","Encampment","N/A","QUEENS","11377","Closed","40.73960873710535","-73.90262923510105"
"70033895","2026-08-11T16:39:19.000",,"Water Maintenance","Dirty Water","BROOKLYN","11236","In Progress","40.63246121139207","-73.90611816358656"
"70031975","2026-08-11T16:39:17.000","2026-08-11T17:03:12.000","Illegal Parking","Blocked Crosswalk","MANHATTAN","10019","Closed","40.76325583779507","-73.98061134962042"
"70034677","2026-08-11T16:39:11.000",,"Damaged Tree","Entire Tree Has Fallen Down","BRONX","10463","In Progress","40.88855473572082","-73.90374201241958"
"70027729","2026-08-11T16:39:05.000",,"Illegal Dumping","Removal Request","QUEENS","11433","In Progress","40.696290538969485","-73.78211367464965"
"70028045","2026-08-11T16:39:00.000",,"Noise","Boat","BRONX","10465","In Progress","40.84474056330526","-73.81536339866841"
"70035613","2026-08-11T16:39:00.000","2026-08-11T19:32:35.000","Illegal Parking","Double Parked Blocking Traffic","BROOKLYN","11225","Closed","40.663819720695784","-73.94271013853084"
"70034997","2026-08-11T16:39:00.000","2026-08-11T17:14:18.000","Drug Activity","Use Indoor","MANHATTAN","10034","Closed","40.86996722386988","-73.9173059954588"
"70029040","2026-08-11T16:38:49.000",,"Maintenance or Facility","Garbage or Litter","MANHATTAN","10033","In Progress","40.84350055123097","-73.94590579172744"
"70034236","2026-08-11T16:38:46.000",,"Food Establishment","Bare Hands in Contact w/ Food","BROOKLYN","11237","In Progress","40.70409040402935","-73.91886065918337"
"70035550","2026-08-11T16:38:44.000","2026-08-11T17:24:05.000","Noise - Residential","Banging/Pounding","BROOKLYN","11214","Closed","40.60810108364675","-73.99938414563323"
"70031948","2026-08-11T16:38:39.000","2026-08-11T16:55:29.000","Noise - Residential","Banging/Pounding","STATEN ISLAND","10305","Closed","40.61312155387622","-74.06604544971368"
"70031124","2026-08-11T16:38:31.000",,"Illegal Parking","Posted Parking Sign Violation","BROOKLYN","11218","In Progress","40.64012038805569","-73.96903396374098"
"70035526","2026-08-11T16:38:26.000",,"Illegal Parking","Blocked Sidewalk","BROOKLYN","11229","In Progress","40.594679587829916","-73.92987152009373"
"70030292","2026-08-11T16:38:26.000","2026-08-11T18:35:53.000","Noise - Residential","Banging/Pounding","BRONX","10456","Closed","40.8348474210791","-73.90491830085918"
"70035017","2026-08-11T16:38:16.000",,"Maintenance or Facility","Structure - Outdoors","MANHATTAN","10024","In Progress","40.789768235873254","-73.97203758991971"
"70031974","2026-08-11T16:38:15.000","2026-08-11T17:00:54.000","Illegal Parking","License Plate Obscured","MANHATTAN","10019","Closed","40.76301145707402","-73.98003384251956"
"70032965","2026-08-11T16:38:10.000",,"UNSANITARY CONDITION","MOLD","BRONX","10458","Open","40.863028329547674","-73.89057228592851"
"70028659","2026-08-11T16:38:10.000",,"DOOR/WINDOW","DOOR","BRONX","10458","Open","40.863028329547674","-73.89057228592851"
"70033062","2026-08-11T16:38:10.000",,"PAINT/PLASTER","WALL","BRONX","10458","Open","40.863028329547674","-73.89057228592851"
"70027433","2026-08-11T16:38:03.000","2026-08-11T17:54:55.000","Non-Emergency Police Matter","Trespassing","BRONX","10460","Closed","40.8356341044286","-73.88562667543762"
"70035199","2026-08-11T16:38:03.000","2026-08-12T02:22:23.000","Graffiti","Graffiti","QUEENS",,"Closed",,
"70032874","2026-08-11T16:38:01.000",,"APPLIANCE","REFRIGERATOR","QUEENS","11367","Open","40.72538216755756","-73.81838914441123"
"70030077","2026-08-11T16:38:01.000",,"HEAT/HOT WATER","ENTIRE BUILDING","MANHATTAN","10003","Open","40.732270559836905","-73.98176777251228"
"70035792","2026-08-11T16:37:45.000","2026-08-11T16:37:45.000","Building/Use","No Certificate Of Occupancy/Illegal/Contrary To CO","STATEN ISLAND","10308","Open","40.561304208161886","-74.1470105819307"
"70033819","2026-08-11T16:37:45.000","2026-08-11T16:37:45.000","Building/Use","Illegal Conversion Of Residential Building/Space","QUEENS","11419","Open","40.68829373835717","-73.8176932725489"
"70027024","2026-08-11T16:37:42.000",,"Standing Water","Puddle in Ground","QUEENS","11423","In Progress","40.70921523710869","-73.76379855455063"
"70034953","2026-08-11T16:37:13.000","2026-08-11T19:26:04.000","Illegal Parking","Posted Parking Sign Violation","MANHATTAN","10019","Closed","40.762217995255064","-73.97874176445413"
"70029259","2026-08-11T16:37:11.000","2026-08-12T02:22:23.000","Graffiti","Graffiti","QUEENS","11106","Closed","40.765515956393685","-73.93271320972308"
"70036460","2026-08-11T16:37:10.000","2026-08-11T16:49:23.000","Illegal Parking","Blocked Sidewalk","QUEENS","11103","Closed","40.76958062747012","-73.91559304356464"
"70037814","2026-08-11T16:37:07.000","2026-08-11T18:34:41.000","Blocked Driveway","No Access","QUEENS","11378","Closed","40.72232414090188","-73.91177465824792"
"70026702","2026-08-11T16:36:59.000",,"Abandoned Vehicle","With License Plate","BROOKLYN","11229","In Progress","40.594692714553794","-73.95639834285909"
"70037048","2026-08-11T16:36:45.000","2026-08-11T17:06:36.000","Illegal Parking","Blocked Hydrant","BROOKLYN","11235","Closed","40.57842651437937","-73.96275556385363"
"70033903","2026-08-11T16:36:30.000","2026-08-11T16:36:00.000","Water Maintenance","Fire Hydrant Running Full","MANHATTAN","10030","Closed","40.81697533960037","-73.9397711552378"
"70026744","2026-08-11T16:36:26.000",,"Illegal Parking","Blocked Sidewalk","BROOKLYN","11218","In Progress","40.640090192501034","-73.96902316811077"
"70036273","2026-08-11T16:36:08.000",,"Damaged Tree","Branch Cracked and Will Fall","QUEENS","11367","In Progress","40.72619836753127","-73.82078255072553"
"70036317","2026-08-11T16:36:06.000","2026-08-11T21:21:05.000","Abandoned Vehicle","With License Plate","QUEENS","11418","Closed","40.692849223549835","-73.83727260705177"
"70026308","2026-08-11T16:36:00.000",,"Traffic Signal Condition","Street Light Feed","BROOKLYN","11214","Open","40.60157942926712","-73.99782491401356"
"70028218","2026-08-11T16:36:00.000",,"Street Condition","Cave-in","BROOKLYN","11230","In Progress","40.61447059044837","-73.97002916224469"
"70036272","2026-08-11T16:35:50.000",,"Damaged Tree","Branch Cracked and Will Fall","QUEENS","11428","In Progress","40.72424919585182","-73.73877944061364"
"70028046","2026-08-11T16:35:47.000",,"Noise","Boat","BRONX","10465","In Progress","40.84474056330526","-73.81536339866841"
"70033177","2026-08-11T16:35:42.000","2026-08-11T19:34:02.000","Homeless Person Assistance","Non-Chronic","QUEENS","11104","Closed","40.74378862938573","-73.9240270621168"
"70031998","2026-08-11T16:35:42.000","2026-08-11T20:07:30.000","Encampment","N/A","MANHATTAN","10027","Closed","40.806479890661855","-73.95228616520473"
"70034636","2026-08-11T16:35:38.000","2026-08-11T19:21:59.000","Homeless Person Assistance","Non-Chronic","QUEENS","11101","Closed","40.75398643812745","-73.93975591987578"
"70027553","2026-08-11T16:35:28.000","2026-08-11T20:07:32.000","Illegal Parking","Parking Permit Improper Use","QUEENS","11103","Closed","40.770866280755115","-73.91339635689549"
"70030155","2026-08-11T16:35:26.000",,"APPLIANCE","ELECTRIC/GAS RANGE","BROOKLYN","11226","Open","40.64756237399507","-73.96272778216222"
"70034527","2026-08-11T16:35:26.000",,"PAINT/PLASTER","CEILING","BROOKLYN","11226","Open","40.64756237399507","-73.96272778216222"
"70032928","2026-08-11T16:35:26.000",,"UNSANITARY CONDITION","PESTS","BROOKLYN","11226","Open","40.64756237399507","-73.96272778216222"
"70032945","2026-08-11T16:35:26.000",,"UNSANITARY CONDITION","PESTS","BROOKLYN","11226","Open","40.64756237399507","-73.96272778216222"
"70031623","2026-08-11T16:35:26.000",,"DOOR/WINDOW","DOOR FRAME","BROOKLYN","11226","Open","40.64756237399507","-73.96272778216222"
"70028425","2026-08-11T16:35:26.000",,"APPLIANCE","REFRIGERATOR","BROOKLYN","11226","Open","40.64756237399507","-73.96272778216222"
"70037618","2026-08-11T16:35:26.000",,"DOOR/WINDOW","DOOR","BROOKLYN","11226","Open","40.64756237399507","-73.96272778216222"
"70036089","2026-08-11T16:35:26.000",,"FLOORING/STAIRS","FLOOR","BROOKLYN","11226","Open","40.64756237399507","-73.96272778216222"
"70034839","2026-08-11T16:35:25.000",,"Illegal Parking","Posted Parking Sign Violation","QUEENS","11377","In Progress","40.7372408780781","-73.91782074404011"
"70027672","2026-08-11T16:35:20.000",,"Animal in a Park","Dead Animal","QUEENS","11364","In Progress","40.75284189973842","-73.7463696244017"
"70034537","2026-08-11T16:35:18.000",,"HEAT/HOT WATER","ENTIRE BUILDING","MANHATTAN","10003","Open","40.73209766022881","-73.98189410644456"
"70028627","2026-08-11T16:35:17.000",,"FLOORING/STAIRS","FLOOR","BROOKLYN","11229","Open","40.59425148147469","-73.95822780738429"
"70034507","2026-08-11T16:35:17.000",,"PAINT/PLASTER","WALL","BROOKLYN","11229","Open","40.59425148147469","-73.95822780738429"
"70028478","2026-08-11T16:35:17.000",,"UNSANITARY CONDITION","PESTS","BROOKLYN","11229","Open","40.59425148147469","-73.95822780738429"
"70030060","2026-08-11T16:35:09.000",,"PAINT/PLASTER","CEILING","BROOKLYN","11210","Open","40.633554350564836","-73.93999794545167"
"70037450","2026-08-11T16:35:09.000",,"UNSANITARY CONDITION","MOLD","BROOKLYN","11210","Open","40.633554350564836","-73.93999794545167"
"70033136","2026-08-11T16:35:01.000",,"DOOR/WINDOW","WINDOW PANE","BROOKLYN","11230","Open","40.62848617796407","-73.96295098835577"
"70027718","2026-08-11T16:34:59.000",,"Missed Collection","Recycling - Metal/Glass/Rigid Plastic","STATEN ISLAND","10305","In Progress","40.612801636458045","-74.06864198931544"
"70033608","2026-08-11T16:34:57.000",,"Illegal Dumping","Removal Request","QUEENS","11104","In Progress","40.74970462606009","-73.917585210991"
"70033615","2026-08-11T16:34:52.000",,"Illegal Dumping","Removal Request","BROOKLYN","11237","In Progress","40.70430596836882","-73.925081930838"
"70032700","2026-08-11T16:34:52.000","2026-08-11T17:03:40.000","Noise - Residential","Loud Music/Party","BROOKLYN","11213","Closed","40.67234693328092","-73.94673315628151"
"70037171","2026-08-11T16:34:47.000",,"Street Condition","Defective Hardware","STATEN ISLAND","10312","In Progress","40.54988255543748","-74.16741691459339"
"70030737","2026-08-11T16:34:46.000",,"Graffiti","Graffiti","QUEENS","11101","Open","40.74401361423971","-73.9487148493002"
"70033389","2026-08-11T16:34:40.000","2026-08-11T18:57:22.000","Noise - Residential","Banging/Pounding","QUEENS","11355","Closed","40.75196307494059","-73.82056886414269"
"70037645","2026-08-11T16:34:30.000","2026-08-11T19:18:58.000","Homeless Person Assistance","Chronic","QUEENS","11104","Closed","40.74378862938573","-73.9240270621168"
"70026718","2026-08-11T16:34:27.000","2026-08-11T17:24:34.000","Noise - Residential","Banging/Pounding","BROOKLYN","11214","Closed","40.60810108364675","-73.99938414563323"
"70035467","2026-08-11T16:34:26.000","2026-08-11T20:35:43.000","Noise - Commercial","Loud Music/Party","BRONX","10453","Closed","40.849455559725","-73.90931440836339"
"70030665","2026-08-11T16:34:05.000",,"Abandoned Bike","Chained to Public Property","BROOKLYN","11238","In Progress","40.67507387749195","-73.95655128341451"
"70036733","2026-08-11T16:33:49.000",,"Graffiti","Graffiti","QUEENS","11379","Open","40.71274755066413","-73.88656978931846"
"70027662","2026-08-11T16:33:33.000",,"Maintenance or Facility","Rodent Sighting","MANHATTAN","10026","In Progress","40.803678056539","-73.95358490670401"
"70028308","2026-08-11T16:32:56.000","2026-08-11T18:20:29.000","Noise - Commercial","Loud Music/Party","BROOKLYN","11211","Closed","40.71357016451062","-73.95902596986745"
"70037072","2026-08-11T16:32:39.000","2026-08-11T18:14:09.000","Noise - Residential","Banging/Pounding","BROOKLYN","11214","Closed","40.598694515551706","-74.00591641038264"
"70036487","2026-08-11T16:32:35.000","2026-08-11T16:42:24.000","Abandoned Vehicle","With License Plate","STATEN ISLAND","10312","Closed","40.54784444612322","-74.19447062954157"
"70035049","2026-08-11T16:32:34.000",,"Obstruction","Cone","QUEENS","11423","In Progress","40.72032881973475","-73.76114007490368"
"70026674","2026-08-11T16:32:24.000","2026-08-11T17:28:17.000","Noise - Vehicle","Car/Truck Music","BRONX","10471","Closed","40.90381460175487","-73.90638601881062"
"70034283","2026-08-11T16:32:24.000",,"Sidewalk Condition","Sidewalk Violation","QUEENS","11426","In Progress","40.74370784336708","-73.71824465875108"
"70034984","2026-08-11T16:32:07.000","2026-08-11T18:32:34.000","Illegal Parking","Blocked Sidewalk","MANHATTAN","10027","Closed","40.80857962784377","-73.95234245732988"
"70036230","2026-08-11T16:32:04.000",,"Overgrown Tree/Branches","Hitting Building","BROOKLYN","11214","In Progress","40.610255589633724","-73.99394210247621"
"70028136","2026-08-11T16:32:01.000","2026-08-11T16:57:09.000","Encampment","N/A","BROOKLYN","11235","Closed","40.58296999473037","-73.96541712821153"
"70033543","2026-08-11T16:32:01.000",,"Encampment","N/A","BROOKLYN","11235","In Progress","40.58296999473037","-73.96541712821153"
"70036057","2026-08-11T16:32:00.000",,"HEAT/HOT WATER","ENTIRE BUILDING","MANHATTAN","10003","Open","40.732177249018264","-73.98183635372152"
"70026541","2026-08-11T16:31:57.000",,"Water Maintenance","Fire Hydrant Running","MANHATTAN","10031","In Progress","40.82408197350836","-73.95274687000166"
"70029657","2026-08-11T16:31:56.000","2026-08-11T17:48:11.000","Abandoned Vehicle","With License Plate","BROOKLYN","11210","Closed","40.62271568890005","-73.95288582854629"
"70026605","2026-08-11T16:31:51.000","2026-08-11T19:10:40.000","Blocked Driveway","No Access","BRONX","10459","Closed","40.8246009103549","-73.89487015935237"
"70027056","2026-08-11T16:31:48.000",,"WATER LEAK","SLOW LEAK","BROOKLYN","11230","Open","40.622387749914814","-73.96452495824296"
"70031537","2026-08-11T16:31:48.000",,"PAINT/PLASTER","CEILING","BROOKLYN","11230","Open","40.622387749914814","-73.96452495824296"
"70027664","2026-08-11T16:31:42.000",,"Maintenance or Facility","Rodent Sighting","MANHATTAN","10026","In Progress","40.80585017063523","-73.95623473778957"
"70030579","2026-08-11T16:31:37.000",,"Obstruction","Weeds or Grass","BRONX","10462","In Progress","40.85443954730544","-73.86417647142737"
"70027639","2026-08-11T16:31:36.000","2026-08-11T18:49:39.000","Panhandling","N/A","MANHATTAN","10026","Closed","40.801609218298445","-73.9487246542878"
"70032114","2026-08-11T16:31:05.000",,"Dirty Condition","Trash","BROOKLYN","11209","In Progress","40.62371375638094","-74.02376457111758"
"70033401","2026-08-11T16:30:59.000","2026-08-11T19:32:35.000","Urinating in Public","N/A","QUEENS","11372","Closed","40.74896764519941","-73.87117302492621"
"70033917","2026-08-11T16:30:58.000","2026-08-11T18:09:00.000","Water Maintenance","Fire Hydrant Running","BRONX","10463","Closed","40.875145400143914","-73.91215405363715"
"70029693","2026-08-11T16:30:38.000",,"Street Condition","Defective Hardware","MANHATTAN","10021","In Progress","40.766968254508114","-73.95616281639774"
"70032598","2026-08-11T16:30:35.000",,"Illegal Parking","Posted Parking Sign Violation","BROOKLYN","11218","In Progress","40.640090192501034","-73.96902316811077"
"70028690","2026-08-11T16:30:29.000","2026-08-11T19:18:58.000","Homeless Person Assistance","Non-Chronic","QUEENS","11104","Closed","40.74380799475082","-73.92425800481875"
"70036307","2026-08-11T16:30:19.000","2026-08-11T17:20:54.000","Illegal Parking","Parking Permit Improper Use","QUEENS","11693","Closed","40.60676353159741","-73.82008036443803"
"70036904","2026-08-11T16:30:15.000","2026-08-11T16:30:00.000","Water Maintenance","Fire Hydrant Running Full","MANHATTAN","10016","Closed","40.74512463850905","-73.98453227710138"
"70033627","2026-08-11T16:30:09.000",,"Dirty Condition","Trash","BROOKLYN","11234","In Progress","40.627936482135546","-73.93145772649653"
"70030544","2026-08-11T16:30:04.000",,"Maintenance or Facility","Rodent Sighting","MANHATTAN","10026","In Progress","40.803950044253284","-73.95423489227281"
"70036606","2026-08-11T16:29:56.000",,"Illegal Dumping","Removal Request","QUEENS","11385","In Progress","40.702750679457196","-73.90757001708035"
"70034700","2026-08-11T16:29:47.000",,"Damaged Tree","Branch or Limb Has Fallen Down","BROOKLYN","11217","In Progress","40.68487395948795","-73.98158963296343"
"70030157","2026-08-11T16:29:43.000",,"Indoor Sewage","Sewage Leak","BRONX","10470","In Progress","40.904927791965534","-73.8505399352694"
"70037736","2026-08-11T16:29:41.000",,"Damaged Tree","Branch or Limb Has Fallen Down","QUEENS","11367","In Progress","40.72619836753127","-73.82078255072553"
"70031922","2026-08-11T16:29:37.000","2026-08-11T16:32:53.000","Illegal Parking","Blocked Sidewalk","QUEENS","11103","Closed","40.76958062747012","-73.91559304356464"
"70030540","2026-08-11T16:29:34.000",,"Maintenance or Facility","Structure - Outdoors","BROOKLYN","11212","In Progress","40.662513777200154","-73.90601098774366"
"70032744","2026-08-11T16:29:28.000","2026-08-11T17:06:46.000","Illegal Parking","Blocked Hydrant","MANHATTAN","10009","Closed","40.727574534230584","-73.98342871172505"
"70035584","2026-08-11T16:29:17.000","2026-08-11T16:55:27.000","Illegal Parking","Blocked Sidewalk","BROOKLYN","11226","Closed","40.6524148264688","-73.95422712196176"
"70028326","2026-08-11T16:29:10.000",,"Smoking or Vaping","Allowed in Smoke Free Area","BROOKLYN","11211","In Progress","40.7116520149338","-73.95299249927301"
"70036247","2026-08-11T16:29:08.000",,"Damaged Tree","Branch Cracked and Will Fall","MANHATTAN","10030","In Progress","40.819140738179094","-73.94488868808301"
"70026525","2026-08-11T16:29:04.000","2026-08-11T16:57:00.000","Water Maintenance","Fire Hydrant Running Full","BROOKLYN","11231","Closed","40.67910517935693","-74.01305847648597"
"70027663","2026-08-11T16:28:50.000",,"Maintenance or Facility","Rodent Sighting","MANHATTAN","10026","In Progress","40.80363135253337","-73.95347657725151"
"70037449","2026-08-11T16:28:47.000",,"UNSANITARY CONDITION","MOLD","BROOKLYN","11215","Open","40.67137009538321","-73.98445925912874"
"70032803","2026-08-11T16:28:43.000","2026-08-11T16:28:43.000","General Construction/Plumbing","Cons - Contrary/Beyond Approved Plans/Permits","MANHATTAN","10011","Open","40.74767538021111","-74.0062364088723"
"70031325","2026-08-11T16:28:38.000",,"Sidewalk Condition","Sidewalk Violation","QUEENS","11369","In Progress","40.761276310429956","-73.8627167857447"
"70029826","2026-08-11T16:28:38.000",,"Taxi Complaint","Driver Complaint - Passenger","QUEENS","11369","In Progress","40.77442086598845","-73.87729410513894"
"70036947","2026-08-11T16:28:34.000",,"Noise","Boat","BRONX","10465","In Progress","40.84474056330526","-73.81536339866841"
"70035192","2026-08-11T16:28:26.000","2026-08-11T16:28:26.000","Boilers","Boiler - Defective/Inoperative/No Permit","STATEN ISLAND","10307","Open","40.50069636801401","-74.2382839192509"
"70028808","2026-08-11T16:28:22.000","2026-08-11T17:24:46.000","Illegal Parking","Posted Parking Sign Violation","MANHATTAN","10006","Closed","40.70919331313376","-74.01320864875697"
"70034612","2026-08-11T16:28:18.000",,"APPLIANCE","ELECTRIC/GAS RANGE","BROOKLYN","11226","Open","40.651818717922204","-73.96029280699096"
"70033044","2026-08-11T16:28:18.000",,"PLUMBING","BASIN/SINK","BROOKLYN","11226","Open","40.651818717922204","-73.96029280699096"
"70037634","2026-08-11T16:28:18.000",,"APPLIANCE","ELECTRIC/GAS RANGE","BROOKLYN","11226","Open","40.651818717922204","-73.96029280699096"
"70035532","2026-08-11T16:28:15.000","2026-08-11T19:39:18.000","Noise - Residential","Banging/Pounding","BROOKLYN","11229","Closed","40.60693123331097","-73.95501460563418"
"70036632","2026-08-11T16:28:14.000",,"Dirty Condition","Trash","BRONX","10453","In Progress","40.856525549235776","-73.90543678111086"
"70036121","2026-08-11T16:28:10.000",,"DOOR/WINDOW","DOOR","MANHATTAN","10034","Open","40.865706195433475","-73.92343584943312"
"70033077","2026-08-11T16:28:10.000",,"PAINT/PLASTER","CEILING","MANHATTAN","10034","Open","40.865706195433475","-73.92343584943312"
"70028571","2026-08-11T16:28:10.000",,"PAINT/PLASTER","WALL","MANHATTAN","10034","Open","40.865706195433475","-73.92343584943312"
"70037491","2026-08-11T16:28:10.000",,"PLUMBING","BATHTUB/SHOWER","MANHATTAN","10034","Open","40.865706195433475","-73.92343584943312"
"70036135","2026-08-11T16:28:10.000",,"APPLIANCE","ELECTRIC/GAS RANGE","MANHATTAN","10034","Open","40.865706195433475","-73.92343584943312"
"70029946","2026-08-11T16:28:09.000",,"UNSANITARY CONDITION","PESTS","MANHATTAN","10019","Open","40.76672384884401","-73.99273293888032"
"70034443","2026-08-11T16:28:09.000",,"UNSANITARY CONDITION","MOLD","MANHATTAN","10019","Open","40.76672384884401","-73.99273293888032"
"70036069","2026-08-11T16:28:09.000",,"GENERAL","VENTILATION SYSTEM","MANHATTAN","10019","Open","40.76672384884401","-73.99273293888032"
"70031058","2026-08-11T16:28:01.000","2026-08-11T19:29:33.000","Noise - Residential","Loud Music/Party","BRONX","10467","Closed","40.880093772136696","-73.87341414442069"
"70027605","2026-08-11T16:27:21.000","2026-08-11T19:50:11.000","Encampment","N/A","MANHATTAN","10036","Closed","40.76274965057994","-73.99691357848506"
"70028260","2026-08-11T16:27:09.000","2026-08-11T17:05:23.000","Illegal Parking","Blocked Sidewalk","BROOKLYN","11231","Closed","40.68364302931577","-74.00030286766025"
"70032106","2026-08-11T16:27:06.000",,"Dirty Condition","Trash","MANHATTAN","10002","In Progress","40.7170923545106","-73.98379566297903"
"70036551","2026-08-11T16:27:06.000",,"Maintenance or Facility","Structure - Outdoors","QUEENS","11364","In Progress","40.73767761702471","-73.75679097736878"
"70036261","2026-08-11T16:26:57.000",,"Dead/Dying Tree","Planted More Than 2 Years Ago","QUEENS","11367","In Progress","40.724714646170796","-73.81804461496749"
"70026872","2026-08-11T16:26:19.000","2026-08-11T16:42:25.000","Noise - Commercial","Loud Music/Party","BROOKLYN","11216","Closed","40.687007416508834","-73.95464688323898"
"70033672","2026-08-11T16:26:05.000",,"Street Condition","Pothole","BROOKLYN","11216","Open",,
"70026892","2026-08-11T16:25:51.000","2026-08-11T18:10:48.000","Illegal Parking","Posted Parking Sign Violation","BROOKLYN","11217","Closed","40.68740224827594","-73.98395792627207"
"70035569","2026-08-11T16:25:38.000","2026-08-11T19:35:38.000","Blocked Driveway","No Access","BROOKLYN","11220","Closed","40.63751414447593","-74.00527850481855"
"70036309","2026-08-11T16:25:35.000","2026-08-11T17:18:31.000","Illegal Parking","Posted Parking Sign Violation","QUEENS","11694","Closed","40.57626684623001","-73.84312909553785"
"70036251","2026-08-11T16:25:30.000",,"Overgrown Tree/Branches","Hitting Building","QUEENS","11366","In Progress","40.72719414352548","-73.8020005862952"
"70035298","2026-08-11T16:25:25.000","2026-08-11T16:25:25.000","General Construction/Plumbing","Sidewalk Shed/Pipe Scafford - Inadequate Defective/None","BRONX","10467","Open","40.878118939591275","-73.88247266119807"
"70036722","2026-08-11T16:25:25.000","2026-08-11T16:25:25.000","General Construction/Plumbing","Building Shaking/Vibrating/Structural Stability","STATEN ISLAND","10307","Open","40.50069636801401","-74.2382839192509"
"70030012","2026-08-11T16:25:17.000",,"UNSANITARY CONDITION","GARBAGE/RECYCLING STORAGE","BROOKLYN","11209","Open","40.62371375638094","-74.02376457111758"
"70034937","2026-08-11T16:25:11.000","2026-08-12T00:11:31.000","Illegal Parking","Blocked Hydrant","STATEN ISLAND","10312","Closed","40.53713043415831","-74.17638633992883"
"70037980","2026-08-11T16:25:10.000","2026-08-11T17:23:56.000","Noise - Vehicle","Car/Truck Music","MANHATTAN","10029","Closed","40.791882234356365","-73.9494833233493"
"70035041","2026-08-11T16:25:03.000",,"Dirty Condition","Trash","BRONX","10459","In Progress","40.8224430419689","-73.88567102629708"
"70033387","2026-08-11T16:25:03.000","2026-08-11T18:55:44.000","Abandoned Vehicle","With License Plate","QUEENS","11358","Closed","40.75911481819353","-73.79369371696727"
"70030703","2026-08-11T16:24:42.000",,"Street Condition","Pothole","QUEENS","11357","Open","40.78673125705408","-73.82445104954262"
"70028742","2026-08-11T16:24:16.000",,"Damaged Tree","Branch Cracked and Will Fall","BROOKLYN","11217","In Progress","40.67902097836389","-73.97554513114531"
"70034009","2026-08-11T16:24:14.000","2026-08-11T20:00:43.000","Illegal Parking","Blocked Sidewalk","BRONX","10458","Closed","40.85847561546126","-73.89136062711695"
"70037885","2026-08-11T16:24:11.000","2026-08-11T19:14:13.000","Illegal Parking","Blocked Hydrant","QUEENS","11377","Closed","40.74502101951681","-73.89293505987077"
"70026696","2026-08-11T16:24:07.000","2026-08-11T17:20:54.000","Illegal Parking","Double Parked Blocking Traffic","BROOKLYN","11235","Closed","40.58772876416034","-73.96311401518942"
"70031326","2026-08-11T16:24:00.000",,"Sidewalk Condition","Broken Sidewalk","BROOKLYN","11212","In Progress","40.65574697469886","-73.92326955922633"
"70026987","2026-08-11T16:23:28.000",,"Sidewalk Condition","Broken Sidewalk","MANHATTAN","10030","In Progress","40.82117097289946","-73.9431238531268"
"70029023","2026-08-11T16:23:25.000","2026-08-11T17:03:14.000","Illegal Parking","Double Parked Blocking Traffic","MANHATTAN","10040","Closed","40.85825579173524","-73.93473417962548"
"70032728","2026-08-11T16:23:07.000","2026-08-11T18:42:24.000","Illegal Parking","Posted Parking Sign Violation","BROOKLYN","11201","Closed","40.70299352709158","-73.9947090973228"
"70032125","2026-08-11T16:22:51.000",,"Obstruction","Merchandise","QUEENS","11692","In Progress","40.59536023998758","-73.80093318309282"
"70033109","2026-08-11T16:22:46.000",,"FLOORING/STAIRS","FLOOR","BRONX","10459","Open","40.83110000795265","-73.89148482467765"
"70031649","2026-08-11T16:22:46.000",,"APPLIANCE","ELECTRIC/GAS RANGE","BRONX","10459","Open","40.83110000795265","-73.89148482467765"
"70034492","2026-08-11T16:22:46.000",,"PLUMBING","BASIN/SINK","BRONX","10459","Open","40.83110000795265","-73.89148482467765"
"70033023","2026-08-11T16:22:46.000",,"PLUMBING","TOILET","BRONX","10459","Open","40.83110000795265","-73.89148482467765"
"70035914","2026-08-11T16:22:46.000",,"WATER LEAK","DAMP SPOT","BRONX","10459","Open","40.83110000795265","-73.89148482467765"
"70026809","2026-08-11T16:22:29.000",,"Street Condition","Cave-in","QUEENS","11416","In Progress","40.68890658981628","-73.8403796610302"
"70027923","2026-08-11T16:22:24.000","2026-08-11T16:22:24.000","General Construction/Plumbing","Sidewalk Shed/Pipe Scafford - Inadequate Defective/None","BROOKLYN","11216","Open","40.68080679484059","-73.95418960715375"
"70031787","2026-08-11T16:22:21.000","2026-08-11T18:45:53.000","Noise - Residential","Loud Talking","BRONX","10455","Closed","40.81625731768569","-73.9081385356089"
"70027965","2026-08-11T16:22:20.000",,"Lead","Lead Kit","QUEENS","11378","In Progress","40.729512999744394","-73.89883388445864"
"70030916","2026-08-11T16:22:19.000",,"Water Maintenance","Fire Hydrant Running","MANHATTAN","10029","In Progress","40.79099835195249","-73.9493034249243"
"70032421","2026-08-11T16:22:09.000",,"Sewer Maintenance","Backup","MANHATTAN","10065","In Progress","40.766467271127844","-73.96855645315843"
"70029675","2026-08-11T16:22:08.000",,"Street Condition","Blocked - Construction","BRONX","10455","In Progress","40.810854378693094","-73.90993777338429"
"70034208","2026-08-11T16:22:06.000","2026-08-11T17:13:22.000","Illegal Parking","Blocked Sidewalk","BROOKLYN","11205","Closed","40.690303228634036","-73.96029513058312"
"70026612","2026-08-11T16:22:04.000","2026-08-11T20:40:39.000","Blocked Driveway","No Access","BRONX","10456","Closed","40.830275190940526","-73.89900589630429"
"70036639","2026-08-11T16:21:53.000",,"Illegal Posting","Sticker or Decal","BROOKLYN","11236","In Progress","40.649437358864716","-73.89312448325529"
"70035075","2026-08-11T16:21:51.000",,"Illegal Dumping","Removal Request","BROOKLYN","11220","In Progress","40.635317412090735","-74.01534499118274"
"70035718","2026-08-11T16:21:48.000","2026-08-11T18:46:01.000","Illegal Parking","Posted Parking Sign Violation","BROOKLYN","11201","Closed","40.70073424824792","-73.98972871152452"
"70034287","2026-08-11T16:21:09.000",,"Sidewalk Condition","Broken Sidewalk","BRONX","10456","In Progress","40.82865680317152","-73.91375475002467"
"70029864","2026-08-11T16:21:00.000",,"Street Light Condition","Street Light Out","BROOKLYN","11228","Open","40.61480371733282","-74.00597906958563"
"70026280","2026-08-11T16:20:37.000",,"Street Condition","Pothole","QUEENS","11105","Open",,
"70038020","2026-08-11T16:20:27.000",,"Maintenance or Facility","Unsecured Facility","MANHATTAN","10019","In Progress","40.770865332852395","-73.98866008022492"
"70034106","2026-08-11T16:20:04.000","2026-08-11T20:18:46.000","Blocked Driveway","No Access","BROOKLYN","11225","Closed","40.656956786676204","-73.95261296143254"
"70034781","2026-08-11T16:20:03.000","2026-08-11T16:50:01.000","Illegal Parking","Blocked Sidewalk","QUEENS","11421","Closed","40.693955524153715","-73.86733782059213"
"70036326","2026-08-11T16:19:53.000","2026-08-11T17:11:19.000","Illegal Parking","Posted Parking Sign Violation","QUEENS","11417","Closed","40.682584749354525","-73.8439281989401"
"70029777","2026-08-11T16:19:51.000","2026-08-11T18:23:33.000","Blocked Driveway","No Access","BROOKLYN","11249","Closed","40.71707962026901","-73.96396231087408"
"70035463","2026-08-11T16:19:35.000","2026-08-11T21:37:32.000","Noise - Street/Sidewalk","Loud Music/Party","BRONX","10453","Closed","40.8521960366985","-73.92232722755996"
"70031298","2026-08-11T16:19:24.000",,"For Hire Vehicle Complaint","Driver Complaint - Non Passenger","MANHATTAN","10001","In Progress","40.74980255630849","-73.99369481817664"
"70028702","2026-08-11T16:19:24.000","2026-08-11T16:19:24.000","Elevator","Elevator - Multiple Devices On Property","MANHATTAN","10065","Open","40.76327830175268","-73.96095916406479"
"70033396","2026-08-11T16:19:20.000","2026-08-11T21:00:54.000","Encampment","N/A","QUEENS","11373","Closed","40.736603166197206","-73.88472135172685"
"70033415","2026-08-11T16:19:19.000","2026-08-11T18:12:22.000","Illegal Parking","Parking Permit Improper Use","QUEENS","11103","Closed","40.77143504381081","-73.9142007191186"
"70027613","2026-08-11T16:19:19.000","2026-08-11T17:17:03.000","Illegal Parking","Posted Parking Sign Violation","MANHATTAN","10065","Closed","40.764831771669954","-73.96079941508488"
"70038030","2026-08-11T16:19:15.000",,"Obstruction","Trash or Recycling","QUEENS","11412","In Progress","40.69880012233471","-73.7712393931882"
"70034552","2026-08-11T16:19:10.000",,"GENERAL","COOKING GAS","QUEENS","11434","Open","40.68278036895264","-73.76788711962764"
"70030636","2026-08-11T16:19:08.000",,"Dirty Condition","Trash","QUEENS","11364","In Progress","40.745757108076745","-73.76152167760752"
"70031257","2026-08-11T16:19:05.000","2026-08-11T19:14:14.000","Noise - Street/Sidewalk","Loud Talking","BROOKLYN","11211","Closed","40.71458439963061","-73.95545417722444"
"70037622","2026-08-11T16:18:55.000",,"DOOR/WINDOW","DOOR","BROOKLYN","11209","Open","40.62229782377688","-74.02185127028054"
"70032141","2026-08-11T16:18:53.000",,"Residential Disposal Complaint","Waste Left in Front of Other Residence","MANHATTAN","10019","In Progress","40.76824112424805","-73.98646194727891"
"70033033","2026-08-11T16:18:51.000",,"PLUMBING","BATHTUB/SHOWER","BRONX","10465","Open","40.81995411678679","-73.81778420747679"
"70028351","2026-08-11T16:18:47.000",,"For Hire Vehicle Complaint","Driver Complaint - Passenger","MANHATTAN","10019","In Progress","40.769268239341244","-73.99299259586088"
"70030199","2026-08-11T16:18:29.000",,"Rodent","Rat Sighting","BRONX","10462","In Progress","40.8552461976574","-73.86866449777597"
"70026662","2026-08-11T16:18:23.000","2026-08-11T19:49:41.000","Illegal Parking","Blocked Hydrant","BRONX","10458","Closed","40.85497847018561","-73.89094340095818"
"70035747","2026-08-11T16:18:21.000",,"Food Establishment","Rodents/Insects/Garbage","BRONX","10453","In Progress","40.853240483089806","-73.90585714932388"
"70037975","2026-08-11T16:18:18.000","2026-08-11T17:11:09.000","Encampment","N/A","MANHATTAN","10019","Closed","40.77269367345374","-73.99298501464142"
"70035023","2026-08-11T16:18:09.000","2026-08-11T23:37:53.000","Encampment","N/A","MANHATTAN","10036","Closed","40.75450294525522","-73.98119501115342"
"70035593","2026-08-11T16:18:09.000","2026-08-11T17:07:42.000","Illegal Parking","Blocked Hydrant","BROOKLYN","11209","Closed","40.61550438398866","-74.03356598532453"
"70037961","2026-08-11T16:18:09.000","2026-08-11T16:20:13.000","Encampment","N/A","MANHATTAN","10036","Closed","40.75450294525522","-73.98119501115342"
"70031994","2026-08-11T16:18:06.000","2026-08-11T16:52:25.000","Illegal Parking","Blocked Hydrant","MANHATTAN","10025","Closed","40.789918273234996","-73.96846231710225"
"70026517","2026-08-11T16:17:48.000",,"Water Maintenance","Dirty Water","STATEN ISLAND","10309","In Progress","40.52273855872074","-74.2064831673678"
"70037783","2026-08-11T16:17:44.000","2026-08-11T16:41:39.000","Illegal Parking","Commercial Overnight Parking","QUEENS","11692","Closed","40.59536023998758","-73.80093318309282"
"70027408","2026-08-11T16:17:43.000",,"Damaged Tree","Branch Cracked and Will Fall","QUEENS","11694","In Progress","40.57311744697284","-73.85922673291009"
"70028852","2026-08-11T16:17:33.000","2026-08-11T16:53:36.000","Blocked Driveway","No Access","QUEENS","11379","Closed","40.727591962732745","-73.87661544771424"
"70028138","2026-08-11T16:17:28.000","2026-08-11T17:20:54.000","Illegal Parking","Double Parked Blocking Traffic","BROOKLYN","11235","Closed","40.587789153235185","-73.96312478301111"
"70034319","2026-08-11T16:17:13.000",,"Street Condition","Rough, Pitted or Cracked Roads","QUEENS","11106","In Progress","40.758364210691155","-73.93454689849186"
"70034339","2026-08-11T16:17:04.000",,"Indoor Air Quality","Other (Explain Below)","STATEN ISLAND","10307","In Progress","40.50069636801401","-74.2382839192509"
"70036463","2026-08-11T16:17:03.000","2026-08-11T16:20:13.000","Illegal Parking","Blocked Sidewalk","QUEENS","11103","Closed","40.76958062747012","-73.91559304356464"
"70029750","2026-08-11T16:16:56.000","2026-08-11T18:45:52.000","Noise - Vehicle","Engine Idling","BROOKLYN","11201","Closed","40.696573601808964","-73.99703204253264"
"70026818","2026-08-11T16:16:52.000",,"Street Condition","Cave-in","QUEENS","11365","In Progress","40.738426022782065","-73.78829083545291"
"70034074","2026-08-11T16:16:41.000","2026-08-11T19:26:05.000","Blocked Driveway","No Access","BROOKLYN","11220","Closed","40.63915553870561","-74.00501200055271"
"70027922","2026-08-11T16:16:23.000","2026-08-11T16:16:23.000","General Construction/Plumbing","Sidewalk Shed/Pipe Scafford - Inadequate Defective/None","BROOKLYN","11216","Open","40.67844137608772","-73.9431734756185"
"70037082","2026-08-11T16:16:22.000","2026-08-11T17:46:14.000","Illegal Parking","Blocked Hydrant","BROOKLYN","11204","Closed","40.61883028748746","-73.99328214611717"
"70026969","2026-08-11T16:16:11.000","2026-08-11T16:16:11.000","General Construction/Plumbing","Cons - Contrary/Beyond Approved Plans/Permits","QUEENS","11377","Open","40.73526332131153","-73.89581938740365"
"70033546","2026-08-11T16:16:10.000","2026-08-11T19:44:40.000","Encampment","N/A","MANHATTAN","10023","Closed","40.781439826156365","-73.98118018196605"
"70037976","2026-08-11T16:16:10.000","2026-08-11T17:28:18.000","Encampment","N/A","MANHATTAN","10023","Closed","40.781439826156365","-73.98118018196605"
"70033619","2026-08-11T16:16:04.000",,"Illegal Dumping","Removal Request","BROOKLYN","11205","In Progress","40.69382445183428","-73.95224057123225"
"70029910","2026-08-11T16:15:59.000",,"DOOR/WINDOW","WINDOW FRAME","MANHATTAN","10035","Open","40.80539537900893","-73.93981775515725"
"70027208","2026-08-11T16:15:59.000",,"PAINT/PLASTER","CEILING","MANHATTAN","10035","Open","40.80539537900893","-73.93981775515725"
"70030000","2026-08-11T16:15:59.000",,"UNSANITARY CONDITION","MOLD","MANHATTAN","10035","Open","40.80539537900893","-73.93981775515725"
"70028621","2026-08-11T16:15:59.000",,"GENERAL","BELL/BUZZER/INTERCOM","MANHATTAN","10035","Open","40.80539537900893","-73.93981775515725"
"70029964","2026-08-11T16:15:59.000",,"UNSANITARY CONDITION","PESTS","MANHATTAN","10035","Open","40.80539537900893","-73.93981775515725"
"70030097","2026-08-11T16:15:59.000",,"GENERAL","CABINET","MANHATTAN","10035","Open","40.80539537900893","-73.93981775515725"
"70028546","2026-08-11T16:15:56.000",,"PLUMBING","TOILET","QUEENS","11432","Open","40.704577423454175","-73.80209661523236"
"70028512","2026-08-11T16:15:52.000",,"UNSANITARY CONDITION","GARBAGE/RECYCLING STORAGE","BROOKLYN","11230","Open","40.63460743158718","-73.96413295010548"
"70031556","2026-08-11T16:15:52.000",,"HEAT/HOT WATER","ENTIRE BUILDING","BROOKLYN","11230","Open","40.63460743158718","-73.96413295010548"
"70034232","2026-08-11T16:15:45.000",,"Tattooing","Dirty/Inadequate Eqp/Facility","MANHATTAN","10026","In Progress","40.80234556602249","-73.9504650699326"
"70028886","2026-08-11T16:15:23.000","2026-08-11T21:11:33.000","Abandoned Vehicle","With License Plate","QUEENS",,"Closed",,
"70037156","2026-08-11T16:15:16.000",,"Sidewalk Condition","Blocked - Construction","BROOKLYN","11233","In Progress","40.681089206512766","-73.91138574340633"
"70035436","2026-08-11T16:15:14.000","2026-08-11T19:10:40.000","Blocked Driveway","No Access","BRONX","10459","Closed","40.8246009103549","-73.89487015935237"
"70031192","2026-08-11T16:15:10.000",,"Street Condition","Cave-in","MANHATTAN","10026","In Progress","40.79883297182533","-73.95201714895177"
"70030693","2026-08-11T16:15:06.000",,"Street Condition","Pothole","BROOKLYN","11214","Open","40.60194983071301","-73.99380961331761"
"70030237","2026-08-11T16:15:02.000",,"Damaged Tree","Entire Tree Has Fallen Down","BROOKLYN","11220","In Progress","40.646958970840636","-74.004817993145"
"70031700","2026-08-11T16:14:59.000",,"Rodent","Condition Attracting Rodents","MANHATTAN","10019","In Progress","40.76824112424805","-73.98646194727891"
"70035803","2026-08-11T16:14:55.000",,"Consumer Complaint","Stoop Line Stand","BRONX","10467","In Progress","40.878913881658384","-73.8737129159977"
"70038139","2026-08-11T16:14:52.000",,"Cannabis Retailer","Sales to Minors Under 21","MANHATTAN","10014","In Progress","40.73315838094328","-74.00640102954736"
"70033916","2026-08-11T16:14:52.000",,"Water Maintenance","Fire Hydrant Running","MANHATTAN","10016","In Progress","40.74524269734116","-73.98479209057659"
"70032067","2026-08-11T16:14:41.000",,"Street Sweeping Complaint","Street Not Swept","QUEENS","11691","In Progress","40.60645808756172","-73.75186328441154"
"70031848","2026-08-11T16:14:26.000","2026-08-11T19:17:21.000","Abandoned Vehicle","With License Plate","QUEENS","11420","Closed","40.675357822740686","-73.80445815783727"
"70031881","2026-08-11T16:13:57.000","2026-08-11T18:56:13.000","Abandoned Vehicle","With License Plate","QUEENS","11357","Closed","40.796620365426456","-73.82076993731215"
"70028920","2026-08-11T16:13:52.000",,"Encampment","N/A","QUEENS",,"In Progress","40.72169028929428","-73.8445220713625"
"70035751","2026-08-11T16:13:43.000",,"Food Establishment","Permit/License/Certificate","QUEENS","11372","In Progress","40.74716401745759","-73.8922350773376"
"70037660","2026-08-11T16:13:10.000","2026-08-11T16:13:10.000","Elevator","Elevator - Single Device On Property/No Alternate Service","BROOKLYN","11213","Open","40.664271427215475","-73.93059495473237"
"70027925","2026-08-11T16:13:09.000","2026-08-11T16:13:09.000","General Construction/Plumbing","Sidewalk Shed/Pipe Scafford - Inadequate Defective/None","BRONX","10451","Open","40.826760070208344","-73.92536681805034"
"70036977","2026-08-11T16:13:08.000","2026-08-11T20:40:38.000","Abandoned Vehicle","With License Plate","BRONX","10473","Closed","40.81993665253806","-73.8626174498167"
"70037341","2026-08-11T16:13:00.000",,"Street Light Condition","Lamppost Missing","BROOKLYN","11213","Open","40.66878470987126","-73.94781743057193"
"70034878","2026-08-11T16:12:44.000","2026-08-11T20:10:35.000","Illegal Parking","Blocked Bike Lane","QUEENS","11374","Closed","40.72919216268432","-73.85983150954752"
"70035154","2026-08-11T16:12:33.000",,"Street Condition","Pothole","BROOKLYN","11208","Open","40.676448835455936","-73.86453897126174"
"70036474","2026-08-11T16:12:27.000","2026-08-11T17:14:18.000","Illegal Parking","Posted Parking Sign Violation","QUEENS","11370","Closed","40.76334183171971","-73.8867940746172"
"70026519","2026-08-11T16:12:14.000",,"Water Conservation","Water Meter Broken/Leaking","STATEN ISLAND","10312","In Progress","40.55633637046925","-74.20115655243562"
"70037777","2026-08-11T16:12:14.000","2026-08-11T17:49:10.000","Illegal Parking","Blocked Sidewalk","MANHATTAN","10004","Closed","40.70568000485677","-74.01330172836009"
"70034917","2026-08-11T16:12:12.000","2026-08-11T17:03:12.000","Noise - Residential","Banging/Pounding","QUEENS","11372","Closed","40.75134332135099","-73.88555845104135"
"70030244","2026-08-11T16:12:04.000",,"Damaged Tree","Branch Cracked and Will Fall","BROOKLYN","11215","In Progress","40.65786787015254","-73.98016262459191"
"70034910","2026-08-11T16:12:03.000","2026-08-11T16:13:15.000","Illegal Parking","Blocked Sidewalk","QUEENS","11103","Closed","40.76958062747012","-73.91559304356464"
"70032741","2026-08-11T16:11:54.000","2026-08-11T19:57:13.000","Encampment","N/A","MANHATTAN","10003","Closed","40.73146979568389","-73.98695291072433"
"70031725","2026-08-11T16:11:31.000",,"Overgrown Tree/Branches","Hitting Power Lines","BROOKLYN","11210","In Progress","40.635430622388114","-73.94310921868508"
"70033037","2026-08-11T16:11:10.000",,"PLUMBING","BATHTUB/SHOWER","BRONX","10453","Open","40.85506135781904","-73.90390616136632"
"70028552","2026-08-11T16:11:10.000",,"PLUMBING","BATHTUB/SHOWER","BRONX","10453","Open","40.85506135781904","-73.90390616136632"
"70028270","2026-08-11T16:11:05.000","2026-08-11T19:10:42.000","Non-Emergency Police Matter","Other (complaint details)","BROOKLYN","11215","Closed","40.6652845277836","-73.98175724565515"
"70034457","2026-08-11T16:11:03.000",,"UNSANITARY CONDITION","GARBAGE/RECYCLING STORAGE","BROOKLYN","11226","Open","40.65181664036495","-73.96227492447909"
"70034349","2026-08-11T16:10:55.000",,"APPLIANCE","REFRIGERATOR","BRONX","10459","Open","40.83110000795265","-73.89148482467765"
"70037693","2026-08-11T16:10:45.000",,"Damaged Tree","Branch Cracked and Will Fall","BRONX","10463","In Progress","40.88855473572082","-73.90374201241958"
"70032745","2026-08-11T16:10:38.000","2026-08-11T22:48:53.000","Noise - Street/Sidewalk","Loud Music/Party","BROOKLYN","11206","Closed","40.70384889896867","-73.94155045992231"
"70032663","2026-08-11T16:10:31.000",,"Street Condition","Cave-in","QUEENS","11413","In Progress","40.6787829478052","-73.74410953520565"
"70034879","2026-08-11T16:10:19.000","2026-08-11T20:40:36.000","Noise - Residential","Banging/Pounding","QUEENS","11375","Closed","40.72468802975892","-73.84899234941446"
"70028449","2026-08-11T16:10:14.000",,"WATER LEAK","HEAVY FLOW","BRONX","10452","Open","40.8363836841968","-73.91822590326187"
"70028504","2026-08-11T16:10:14.000",,"UNSANITARY CONDITION","MOLD","BRONX","10452","Open","40.8363836841968","-73.91822590326187"
"70033050","2026-08-11T16:10:14.000",,"PLUMBING","BASIN/SINK","BRONX","10452","Open","40.8363836841968","-73.91822590326187"
"70029364","2026-08-11T16:10:09.000","2026-08-11T16:10:09.000","Building/Use","Illegal Conversion Of Residential Building/Space","STATEN ISLAND","10302","Open","40.63000810524929","-74.14144087474467"
"70035315","2026-08-11T16:09:56.000","2026-08-11T16:09:56.000","Investigations and Discipline (IAD)","Investigative Inspection","QUEENS","11414","Open","40.66453288269526","-73.83260532015235"
"70032933","2026-08-11T16:09:55.000",,"UNSANITARY CONDITION","PESTS","BROOKLYN","11218","Open","40.65138052340503","-73.97312988917385"
"70033607","2026-08-11T16:09:51.000",,"Illegal Dumping","Removal Request","BROOKLYN","11220","In Progress","40.646278840089025","-74.02285009980726"
"70036817","2026-08-11T16:09:41.000","2026-08-11T16:09:41.000","General Construction/Plumbing","Sidewalk Shed/Pipe Scafford - Inadequate Defective/None","BROOKLYN","11216","Open","40.67863350308256","-73.94315889071613"
"70028006","2026-08-11T16:09:21.000","2026-08-11T18:10:00.000","Water Maintenance","Fire Hydrant Running Full","BRONX","10474","Closed","40.8159327829525","-73.88589174921741"
"70026802","2026-08-11T16:09:16.000",,"Street Condition","Cave-in","BROOKLYN","11222","In Progress","40.72713586949992","-73.93712837106628"
"70037886","2026-08-11T16:09:15.000","2026-08-11T20:07:31.000","Blocked Driveway","No Access","QUEENS","11365","Closed","40.74767486997907","-73.79379771587911"
"70029873","2026-08-11T16:09:00.000",,"Street Light Condition","Street Light Out","BROOKLYN","11203","Open","40.65892993708431","-73.93504092680521"
"70028235","2026-08-11T16:09:00.000",,"Street Condition","Cave-in","QUEENS","11369","In Progress","40.76443696224299","-73.87357620617962"
"70030464","2026-08-11T16:08:48.000","2026-08-11T16:49:23.000","Illegal Parking","Blocked Sidewalk","STATEN ISLAND","10305","Closed","40.61177371307661","-74.07521761259734"
"70028783","2026-08-11T16:08:43.000","2026-08-11T16:36:54.000","Noise - Residential","Banging/Pounding","BROOKLYN","11224","Closed","40.574304365701316","-73.99946005021478"
"70031730","2026-08-11T16:08:24.000",,"Overgrown Tree/Branches","Hitting Building","BROOKLYN","11210","In Progress","40.635430622388114","-73.94310921868508"
"70036675","2026-08-11T16:07:55.000","2026-08-11T16:07:55.000","Street Condition","Pothole","BROOKLYN","11214","Closed",,
"70030994","2026-08-11T16:07:36.000","2026-08-11T18:38:55.000","Non-Emergency Police Matter","Trespassing","BRONX","10451","Closed","40.826760070208344","-73.92536681805034"
"70030702","2026-08-11T16:07:32.000",,"Street Condition","Pothole","QUEENS","11426","Open",,
"70033547","2026-08-11T16:07:15.000",,"Residential Disposal Complaint","Waste Not Separated","MANHATTAN","10002","In Progress","40.721580093144624","-73.98420584049032"
"70034893","2026-08-11T16:07:12.000","2026-08-11T16:49:24.000","Noise - Residential","Loud Talking","QUEENS","11370","Closed","40.77247695316302","-73.89319058019741"
"70034904","2026-08-11T16:07:08.000","2026-08-11T16:09:58.000","Illegal Parking","Blocked Sidewalk","QUEENS","11103","Closed","40.76958062747012","-73.91559304356464"
"70027764","2026-08-11T16:07:06.000","2026-08-11T16:35:14.000","Vendor Enforcement","Non-Food Vendor","BROOKLYN","11201","Closed","40.69036394101933","-73.98458464568392"
"70035376","2026-08-11T16:06:52.000","2026-08-11T18:55:00.000","Water Maintenance","Fire Hydrant Running Full","MANHATTAN","10029","Closed","40.795436845563835","-73.94394761976524"
"70028020","2026-08-11T16:06:47.000",,"Water Maintenance","Fire Hydrant Running","MANHATTAN","10001","In Progress","40.7504805842118","-73.99526474942996"
"70030148","2026-08-11T16:06:47.000",,"APPLIANCE","ELECTRIC/GAS RANGE","BRONX","10467","Open","40.87962497383306","-73.8642335066401"
"70034348","2026-08-11T16:06:47.000",,"APPLIANCE","REFRIGERATOR","BRONX","10467","Open","40.87962497383306","-73.8642335066401"
"70031632","2026-08-11T16:06:47.000",,"DOOR/WINDOW","DOOR","BRONX","10467","Open","40.87962497383306","-73.8642335066401"
"70030821","2026-08-11T16:06:40.000","2026-08-11T16:06:40.000","General Construction/Plumbing","Site Conditions Endangering Workers","BROOKLYN","11222","Assigned","40.72611928345756","-73.95211640650702"
"70026559","2026-08-11T16:06:32.000","2026-08-11T16:30:00.000","Water Maintenance","Dirty Water","BROOKLYN","11212","Closed","40.66633380801456","-73.91956623625983"
"70030633","2026-08-11T16:06:23.000",,"Dirty Condition","Trash","MANHATTAN","10034","In Progress","40.86671659471156","-73.92396616384117"
"70035809","2026-08-11T16:06:21.000",,"Sidewalk Condition","Sidewalk Violation","QUEENS","11414","In Progress","40.651726990873016","-73.82789118129712"
"70038002","2026-08-11T16:06:19.000","2026-08-11T20:22:12.000","Noise - Residential","Loud Talking","MANHATTAN","10033","Closed","40.84506255240346","-73.93571937530402"
"70030872","2026-08-11T16:05:54.000",,"Lead","Lead Kit","BRONX","10469","In Progress","40.858684198701255","-73.85403478565254"
